1,2478770,3.528,-1.362,-8.205,0.298,-0.451,0.016,-59.632,-39.784,138.629
1,2478774,3.528,-1.362,-8.205,0.298,-0.451,0.016,-59.471,-40.310,138.468
1,2478778,3.526,-1.492,-8.116,0.298,-0.451,0.016,-59.471,-40.310,138.468
1,2478781,3.526,-1.492,-8.116,0.345,-0.456,0.017,-59.471,-40.310,138.468
1,2478803,3.460,-1.957,-7.796,0.483,-0.472,0.022,-59.632,-40.573,137.738
1,2478833,3.279,-2.382,-7.345,1.024,-0.524,0.038,-59.325,-39.579,139.491
1,2478836,3.253,-2.417,-7.274,1.024,-0.524,0.045,-59.325,-39.579,139.491
1,2478840,3.253,-2.417,-7.274,1.245,-0.546,0.045,-59.325,-39.579,139.491
1,2478862,3.276,-2.368,-7.411,1.632,-0.588,0.066,-59.266,-39.141,139.287
1,2478866,3.377,-2.233,-7.675,1.632,-0.588,0.066,-59.266,-39.141,139.287
1,2478870,3.377,-2.233,-7.675,1.774,-0.610,0.076,-58.799,-38.498,139.594
1,2478892,3.513,-2.003,-8.110,1.857,-0.633,0.092,-58.696,-38.293,138.863
1,2478922,3.510,-1.894,-8.124,1.505,-0.633,0.112,-58.740,-37.723,139.141
1,2478983,3.283,-2.962,-8.508,0.183,-0.624,0.115,-57.469,-37.138,140.368
1,2478987,3.175,-2.962,-8.508,0.084,-0.622,0.115,-57.469,-37.138,140.368
1,2479013,2.822,-3.167,-8.425,0.137,-0.650,0.121,-57.322,-37.051,141.421
1,2479016,2.822,-3.167,-8.425,0.137,-0.650,0.121,-57.220,-36.977,141.815
1,2479020,2.822,-3.167,-8.425,0.137,-0.650,0.121,-57.220,-36.977,141.815
1,2479042,2.509,-3.038,-8.741,0.301,-0.677,0.132,-57.279,-36.904,141.859
1,2479073,2.157,-2.850,-9.153,0.282,-0.672,0.138,-56.738,-36.977,142.590
1,2479102,1.807,-2.929,-9.386,0.176,-0.654,0.138,-56.299,-37.109,144.110
1,2479106,1.807,-2.929,-9.386,0.176,-0.654,0.138,-56.299,-37.109,144.110
1,2479109,1.807,-2.929,-9.386,0.176,-0.654,0.138,-56.299,-37.109,144.110
1,2479132,1.542,-2.998,-9.879,0.136,-0.630,0.139,-56.197,-36.612,143.730
1,2479136,1.542,-2.998,-9.879,0.136,-0.630,0.139,-56.197,-36.612,143.730
1,2479139,1.451,-2.928,-10.105,0.136,-0.630,0.139,-55.817,-36.554,144.505
1,2479162,1.315,-2.822,-10.368,0.010,-0.589,0.133,-55.729,-36.597,144.621
1,2479166,1.315,-2.822,-10.368,0.010,-0.589,0.133,-55.569,-36.334,145.133
1,2479169,1.245,-2.862,-10.418,-0.088,-0.562,0.132,-55.569,-36.334,145.133
1,2479192,1.100,-3.143,-10.244,-0.259,-0.525,0.120,-55.364,-36.685,145.761
1,2479196,1.100,-3.143,-10.244,-0.259,-0.525,0.120,-55.364,-36.685,145.761
1,2479200,1.059,-3.316,-10.214,-0.297,-0.513,0.112,-55.364,-36.685,145.761
1,2479222,0.999,-3.636,-10.241,-0.238,-0.490,0.108,-54.911,-36.890,146.054
1,2479226,0.999,-3.636,-10.241,-0.238,-0.490,0.108,-54.882,-36.524,146.799
1,2479229,0.942,-3.782,-10.235,-0.133,-0.483,0.105,-54.882,-36.524,146.799
1,2479252,0.989,-3.880,-10.161,0.137,-0.461,0.104,-54.955,-36.407,147.150
1,2479255,0.989,-3.880,-10.161,0.137,-0.461,0.104,-54.955,-36.407,147.150
1,2479259,0.983,-3.844,-10.075,0.281,-0.457,0.103,-54.955,-36.407,147.150
1,2479282,1.098,-3.677,-10.031,0.492,-0.439,0.105,-54.750,-36.846,147.778
1,2479286,1.098,-3.677,-9.902,0.492,-0.439,0.105,-54.092,-36.188,147.925
1,2479290,1.178,-3.674,-9.902,0.544,-0.424,0.103,-54.092,-36.188,147.925
1,2479312,1.175,-3.637,-9.505,0.575,-0.400,0.098,-54.195,-36.466,148.042
1,2479342,1.265,-3.849,-9.386,0.601,-0.378,0.092,-54.151,-36.422,147.340
1,2479346,1.243,-3.757,-9.507,0.635,-0.370,0.088,-54.151,-36.422,147.340
1,2479373,1.309,-3.473,-9.636,0.616,-0.353,0.087,-53.785,-35.443,148.144
1,2479376,1.334,-3.496,-9.534,0.534,-0.338,0.082,-53.785,-35.443,148.144
1,2479433,1.204,-4.108,-9.752,0.419,-0.309,0.066,-53.669,-35.063,147.618
1,2479436,1.204,-4.108,-9.752,0.472,-0.304,0.066,-53.669,-35.063,147.618
1,2479440,1.204,-4.108,-9.752,0.472,-0.304,0.066,-53.669,-35.063,147.618
1,2479462,1.098,-3.820,-9.583,0.463,-0.297,0.060,-53.332,-34.946,147.501
1,2479465,1.098,-3.820,-9.583,0.390,-0.288,0.057,-53.332,-34.946,147.501
1,2479469,1.098,-3.820,-9.583,0.390,-0.288,0.057,-53.113,-34.946,147.398
1,2479492,0.913,-3.973,-9.362,0.097,-0.259,0.040,-53.332,-34.990,147.910
1,2479496,0.913,-3.973,-9.362,0.097,-0.259,0.040,-53.201,-34.464,148.173
1,2479500,0.913,-3.973,-9.362,0.097,-0.259,0.040,-53.201,-34.464,148.173
1,2479522,0.769,-4.153,-9.159,-0.043,-0.241,0.028,-52.967,-35.238,147.515
1,2479553,0.648,-4.251,-8.845,-0.037,-0.225,0.020,-52.675,-34.785,148.275
1,2479556,0.648,-4.251,-8.845,-0.037,-0.225,0.020,-52.675,-34.814,148.495
1,2479560,0.621,-4.308,-8.856,-0.037,-0.225,0.020,-52.675,-34.814,148.495
1,2479583,0.599,-4.515,-9.004,0.101,-0.230,0.016,-52.762,-35.180,148.158
1,2479585,0.599,-4.515,-9.004,0.101,-0.230,0.016,-52.762,-35.180,148.158
1,2479589,0.644,-4.595,-9.050,0.101,-0.230,0.016,-52.762,-35.180,148.158
1,2479613,0.670,-4.594,-9.166,0.382,-0.232,0.011,-52.952,-34.887,148.261
1,2479617,0.670,-4.594,-9.166,0.382,-0.232,0.011,-52.236,-34.581,148.758
1,2479672,0.909,-3.686,-9.160,0.139,-0.204,-0.001,-52.792,-34.493,148.275
1,2479676,0.909,-3.686,-9.160,0.139,-0.204,-0.001,-52.792,-34.493,148.275
1,2479680,0.962,-3.568,-8.984,-0.084,-0.205,-0.007,-51.944,-34.727,148.173
1,2479702,1.156,-3.299,-8.898,-0.556,-0.197,-0.018,-52.134,-35.034,149.211
1,2479706,1.156,-3.299,-8.898,-0.556,-0.197,-0.018,-52.134,-35.034,149.211
1,2479709,1.189,-3.209,-8.818,-0.772,-0.187,-0.023,-52.134,-35.034,149.211
1,2479732,1.146,-2.975,-8.676,-1.065,-0.193,-0.034,-52.192,-35.531,149.430
1,2479792,0.045,-2.681,-7.207,-0.913,-0.244,-0.035,-52.324,-36.627,151.374
1,2479796,-0.169,-2.572,-6.999,-0.775,-0.249,-0.034,-52.324,-36.627,151.374
1,2479800,-0.169,-2.572,-6.999,-0.775,-0.249,-0.034,-52.119,-36.422,152.222
1,2479853,-0.348,-2.345,-8.259,0.188,-0.312,-0.002,-51.842,-36.729,152.222
1,2479857,-0.402,-2.617,-8.259,0.380,-0.315,0.001,-51.842,-36.729,152.222
1,2479860,-0.402,-2.617,-8.259,0.380,-0.315,0.001,-51.842,-36.729,152.222
1,2479882,-0.524,-2.570,-9.057,0.745,-0.307,-0.022,-52.002,-36.159,152.602
1,2479886,-0.555,-2.554,-8.996,0.920,-0.305,-0.013,-51.856,-35.574,153.201
1,2479889,-0.555,-2.554,-8.996,0.920,-0.305,-0.013,-51.856,-35.574,153.201
1,2479912,-0.214,-3.184,-9.564,1.223,-0.294,-0.001,-52.046,-35.750,151.710
1,2479916,-0.214,-3.184,-9.564,1.337,-0.293,-0.001,-52.046,-35.750,151.710
1,2479919,-0.214,-3.184,-9.564,1.337,-0.293,-0.001,-52.046,-35.750,151.710
1,2479942,0.062,-3.484,-9.888,1.602,-0.264,0.012,-51.608,-34.800,151.213
1,2479946,0.062,-3.484,-9.888,1.602,-0.264,0.012,-51.608,-34.800,151.213
1,2479950,0.062,-3.484,-9.888,1.602,-0.264,0.012,-50.877,-34.844,150.453
1,2479973,0.377,-3.048,-10.257,1.312,-0.242,-0.027,-51.198,-34.405,150.205
1,2479976,0.377,-3.048,-10.257,1.312,-0.242,-0.027,-51.198,-34.405,150.205
1,2479980,0.377,-3.048,-10.211,1.312,-0.242,-0.027,-51.198,-34.405,150.205
1,2480002,-0.279,-4.469,-9.490,0.724,-0.186,-0.016,-51.169,-34.113,149.372
1,2480005,-0.279,-4.469,-9.490,0.724,-0.186,-0.016,-51.169,-34.113,149.372
1,2480009,-0.279,-4.469,-9.184,0.724,-0.186,-0.016,-50.892,-34.084,149.752
1,2480033,0.039,-4.162,-8.375,0.529,-0.202,-0.035,-50.950,-33.645,149.430
1,2480037,0.039,-4.162,-8.375,0.529,-0.202,-0.035,-50.950,-33.645,149.430
1,2480040,0.117,-3.837,-8.099,0.370,-0.200,-0.028,-50.950,-33.645,149.430
1,2480062,0.243,-3.742,-7.531,-0.094,-0.199,-0.031,-51.228,-33.879,148.962
1,2480066,0.243,-3.742,-7.531,-0.094,-0.199,-0.031,-51.228,-33.879,148.962
1,2480070,0.327,-3.668,-7.320,-0.326,-0.197,-0.035,-51.330,-33.718,149.298
1,2480092,0.422,-3.563,-6.883,-0.773,-0.188,-0.035,-50.965,-34.215,149.532
1,2480095,0.422,-3.563,-6.883,-0.773,-0.188,-0.035,-51.067,-34.084,150.789
1,2480099,0.329,-3.550,-6.709,-0.975,-0.180,-0.035,-51.067,-34.084,150.789
1,2480122,0.310,-3.607,-6.724,-1.294,-0.197,-0.049,-51.082,-34.946,150.906
1,2480125,0.310,-3.607,-6.724,-1.294,-0.197,-0.049,-51.082,-34.946,150.906
1,2480129,0.207,-3.946,-6.894,-1.355,-0.200,-0.043,-51.082,-34.946,150.906
1,2480152,0.051,-4.307,-7.226,-1.205,-0.215,-0.034,-50.468,-35.297,152.251
1,2480156,0.051,-4.307,-7.226,-1.205,-0.215,-0.034,-50.395,-35.253,152.762
1,2480160,-0.092,-4.319,-7.539,-1.069,-0.237,-0.042,-50.395,-35.253,152.762
1,2480182,-0.165,-4.044,-7.982,-0.755,-0.255,-0.042,-50.672,-36.042,152.865
1,2480186,-0.164,-4.035,-8.030,-0.755,-0.255,-0.033,-50.672,-36.042,152.865
1,2480190,-0.164,-4.035,-8.030,-0.595,-0.270,-0.033,-50.672,-36.042,152.865
1,2480212,-0.278,-4.002,-8.794,-0.299,-0.304,-0.023,-50.526,-36.217,153.654
1,2480215,-0.377,-3.905,-9.194,-0.171,-0.310,-0.026,-50.526,-36.217,153.654
1,2480243,-0.524,-4.099,-9.625,0.045,-0.319,-0.016,-50.351,-36.115,154.925
1,2480247,-0.601,-4.290,-9.899,0.166,-0.325,-0.018,-50.351,-36.115,154.925
1,2480273,-0.680,-4.190,-10.400,0.448,-0.341,-0.016,-50.351,-36.027,154.019
1,2480277,-0.585,-3.733,-10.636,0.531,-0.338,-0.017,-50.351,-36.027,154.019
1,2480280,-0.585,-3.733,-10.636,0.531,-0.338,-0.017,-50.175,-36.086,154.589
1,2480302,-0.608,-3.501,-10.787,0.373,-0.303,-0.017,-50.146,-36.217,154.925
1,2480306,-0.658,-3.626,-10.738,0.215,-0.281,-0.023,-50.146,-36.217,154.925
1,2480309,-0.658,-3.626,-10.738,0.215,-0.281,-0.023,-50.146,-36.217,154.925
1,2480333,-0.772,-4.185,-10.417,-0.072,-0.242,-0.053,-50.497,-36.217,154.195
1,2480335,-0.798,-4.016,-10.417,-0.108,-0.241,-0.060,-50.497,-36.217,154.195
1,2480339,-0.798,-4.016,-10.417,-0.108,-0.241,-0.060,-49.810,-35.984,154.429
1,2480362,-1.244,-4.627,-10.282,0.087,-0.219,-0.046,-50.205,-35.984,154.706
1,2480366,-1.244,-4.627,-10.282,0.264,-0.219,-0.046,-50.409,-36.144,154.955
1,2480370,-1.244,-4.627,-10.282,0.264,-0.219,-0.046,-50.409,-36.144,154.955
1,2480392,-1.095,-4.373,-10.685,0.734,-0.226,-0.046,-50.365,-35.750,154.297
1,2480422,-1.011,-4.030,-10.563,0.909,-0.191,-0.064,-49.942,-35.297,153.990
1,2480426,-1.011,-4.030,-10.563,0.909,-0.191,-0.064,-49.898,-34.887,154.078
1,2480430,-1.011,-3.748,-10.434,0.909,-0.191,-0.064,-49.898,-34.887,154.078
1,2480452,-0.939,-3.684,-10.167,0.583,-0.145,-0.068,-49.868,-35.019,153.362
1,2480456,-0.939,-3.684,-10.167,0.583,-0.145,-0.068,-49.868,-35.019,153.362
1,2480459,-0.939,-3.759,-10.053,0.583,-0.145,-0.068,-49.868,-35.019,153.362
1,2480482,-0.902,-3.830,-10.074,0.192,-0.106,-0.092,-50.058,-35.092,153.084
1,2480486,-0.902,-3.830,-10.074,0.192,-0.106,-0.092,-49.956,-34.800,153.172
1,2480489,-0.866,-4.047,-10.052,0.192,-0.081,-0.093,-49.956,-34.800,153.172
1,2480542,-0.767,-4.159,-9.380,0.365,-0.056,-0.098,-49.971,-34.873,152.762
1,2480546,-0.767,-4.159,-9.380,0.365,-0.056,-0.098,-49.971,-34.873,153.157
1,2480550,-0.718,-4.089,-9.118,0.452,-0.048,-0.093,-49.605,-34.683,153.157
1,2480572,-0.604,-4.039,-8.550,0.583,-0.034,-0.095,-50.365,-34.522,152.616
1,2480602,-0.489,-3.699,-7.708,0.734,-0.027,-0.101,-50.058,-34.449,152.645
1,2480606,-0.489,-3.699,-7.708,0.734,-0.027,-0.101,-50.058,-34.449,152.645
1,2480609,-0.336,-3.641,-7.336,0.799,-0.024,-0.095,-50.219,-34.142,152.353
1,2480632,-0.153,-2.873,-6.665,0.821,-0.018,-0.099,-50.102,-33.821,151.900
1,2480636,-0.066,-2.570,-6.435,0.821,-0.018,-0.112,-50.482,-33.821,151.900
1,2480639,-0.066,-2.570,-6.435,0.704,-0.011,-0.112,-50.482,-33.821,151.900
1,2480662,0.068,-2.516,-6.373,0.392,-0.009,-0.095,-50.614,-33.821,151.257
1,2480666,0.099,-2.808,-6.531,0.232,0.002,-0.093,-50.614,-33.821,151.257
1,2480669,0.099,-2.808,-6.531,0.232,0.002,-0.093,-50.322,-33.660,151.432
1,2480693,0.028,-3.722,-6.934,0.054,0.006,-0.105,-50.292,-33.543,150.906
1,2480697,0.057,-3.837,-7.132,0.114,0.005,-0.104,-50.570,-33.981,151.228
1,2480723,0.109,-4.069,-7.376,0.327,0.000,-0.088,-50.789,-33.441,150.365
1,2480726,0.165,-3.982,-7.445,0.424,-0.005,-0.088,-50.789,-33.441,150.365
1,2480730,0.165,-3.982,-7.445,0.424,-0.005,-0.088,-50.789,-33.441,150.365
1,2480752,0.231,-3.409,-7.772,0.464,-0.009,-0.089,-50.658,-33.294,150.205
1,2480755,0.243,-3.581,-7.931,0.351,-0.001,-0.086,-50.833,-33.411,149.752
1,2480759,0.243,-3.581,-7.931,0.351,-0.001,-0.086,-50.833,-33.411,149.752
1,2480782,0.318,-4.506,-8.578,0.191,-0.004,-0.075,-50.614,-33.718,149.649
1,2480786,0.360,-4.506,-8.578,0.191,-0.005,-0.078,-50.614,-33.718,149.649
1,2480790,0.360,-4.506,-8.578,0.191,-0.005,-0.078,-50.614,-33.718,149.649
1,2480812,0.272,-4.323,-8.571,0.194,0.006,-0.075,-50.862,-33.631,148.918
1,2480816,0.272,-4.323,-8.571,0.194,0.006,-0.075,-50.862,-33.631,149.006
1,2480820,0.272,-4.323,-8.571,0.194,0.006,-0.075,-50.643,-33.061,149.006
1,2480842,0.141,-4.016,-8.386,-0.007,0.002,-0.070,-50.906,-33.689,149.298
1,2480846,0.141,-4.016,-8.386,-0.007,0.002,-0.070,-50.906,-33.689,149.298
1,2480849,0.141,-4.016,-8.386,-0.007,0.002,-0.070,-50.906,-33.689,149.298
1,2480873,0.159,-4.202,-8.249,-0.109,0.000,-0.053,-51.155,-33.704,149.591
1,2480875,0.159,-4.202,-8.249,-0.109,0.000,-0.053,-51.155,-33.704,149.591
1,2480933,0.103,-4.168,-8.321,0.011,-0.038,-0.016,-51.345,-33.645,149.620
1,2480936,0.103,-4.168,-8.321,0.011,-0.038,-0.016,-51.345,-33.645,149.620
1,2480940,0.081,-4.283,-8.495,0.024,-0.050,-0.011,-50.775,-33.777,149.372
1,2480962,0.065,-4.536,-8.735,0.077,-0.059,-0.001,-50.935,-33.689,149.079
1,2480993,-0.083,-4.601,-8.751,0.247,-0.073,0.011,-51.228,-33.557,148.918
1,2480997,-0.083,-4.601,-8.751,0.247,-0.073,0.011,-51.228,-33.557,148.918
1,2481023,-0.142,-4.537,-8.995,0.261,-0.095,0.028,-50.965,-33.470,148.875
1,2481027,-0.142,-4.801,-9.105,0.261,-0.095,0.028,-51.140,-32.812,149.313
1,2481030,-0.257,-4.801,-9.105,0.206,-0.097,0.033,-51.140,-32.812,149.313
1,2481052,-0.328,-5.141,-9.241,0.173,-0.106,0.028,-50.892,-33.601,149.138
1,2481083,-0.488,-4.810,-9.010,0.363,-0.116,0.037,-50.672,-33.119,148.802
1,2481143,-0.591,-4.868,-8.875,0.046,-0.128,0.043,-51.257,-33.017,148.714
1,2481147,-0.645,-5.027,-8.839,0.035,-0.128,0.045,-50.965,-33.251,148.348
1,2481151,-0.645,-5.027,-8.839,0.035,-0.128,0.045,-50.965,-33.251,148.348
1,2481172,-0.749,-4.971,-8.789,0.130,-0.142,0.043,-50.789,-33.367,148.743
1,2481335,-0.550,-5.046,-8.937,-0.459,-0.103,0.016,-50.628,-33.148,148.378
1,2481353,-0.483,-5.194,-9.010,-0.253,-0.116,0.031,-50.555,-33.207,148.992
1,2481357,-0.483,-5.194,-9.010,-0.253,-0.116,0.031,-50.775,-33.046,148.655
1,2481360,-0.433,-5.113,-9.070,-0.123,-0.120,0.029,-50.775,-33.046,148.655
1,2481382,-0.415,-4.996,-9.063,0.133,-0.130,0.031,-50.307,-33.192,148.348
1,2481386,-0.415,-4.996,-9.063,0.133,-0.130,0.031,-50.307,-33.192,148.348
1,2481389,-0.426,-5.063,-8.980,0.247,-0.128,0.038,-50.307,-33.192,148.348
1,2481412,-0.483,-5.002,-9.222,0.425,-0.151,0.038,-50.555,-32.987,148.889
1,2481416,-0.483,-5.002,-9.222,0.425,-0.151,0.038,-50.555,-32.987,148.275
1,2481419,-0.510,-5.023,-9.370,0.456,-0.154,0.035,-50.132,-32.827,148.275
1,2481442,-0.474,-4.990,-9.510,0.464,-0.143,0.040,-50.088,-32.783,148.831
1,2481446,-0.474,-4.990,-9.510,0.464,-0.143,0.040,-50.088,-32.783,148.831
1,2481450,-0.470,-4.863,-9.472,0.413,-0.136,0.039,-50.088,-32.783,148.831
1,2481472,-0.396,-4.629,-9.354,0.151,-0.121,0.020,-49.927,-32.520,147.676
1,2481476,-0.396,-4.629,-9.354,0.151,-0.121,0.020,-49.927,-32.520,147.676
1,2481479,-0.432,-4.589,-9.313,-0.004,-0.110,0.018,-49.971,-32.754,147.749
1,2481502,-0.462,-5.104,-9.446,-0.246,-0.099,0.020,-50.322,-33.192,148.348
1,2481505,-0.462,-5.360,-9.607,-0.246,-0.099,0.020,-50.322,-33.192,148.348
1,2481509,-0.481,-5.360,-9.607,-0.266,-0.103,0.017,-50.322,-33.192,148.348
1,2481532,-0.485,-5.611,-9.946,-0.142,-0.101,0.012,-50.161,-33.177,147.764
1,2481563,-0.610,-6.013,-10.443,0.184,-0.115,0.021,-50.088,-33.441,147.720
1,2481593,-0.660,-5.903,-11.245,0.249,-0.114,0.015,-49.810,-33.207,147.735
1,2481596,-0.683,-6.081,-11.385,0.167,-0.101,0.010,-49.810,-33.207,147.735
1,2481623,-0.650,-6.343,-11.465,0.033,-0.088,0.001,-50.044,-32.827,147.457
1,2481626,-0.625,-6.443,-11.465,-0.004,-0.079,-0.007,-49.883,-32.344,148.407
1,2481682,-0.595,-5.819,-11.322,-0.200,-0.056,-0.020,-50.292,-33.411,148.816
1,2481687,-0.595,-5.819,-11.322,-0.200,-0.056,-0.020,-49.678,-32.827,148.918
1,2481690,-0.595,-5.819,-11.322,-0.200,-0.056,-0.020,-49.678,-32.827,148.918
1,2481815,-0.482,-4.357,-9.186,-0.029,-0.049,-0.029,-50.248,-32.871,149.079
1,2481863,-0.461,-4.752,-8.382,-0.381,-0.034,-0.039,-50.234,-33.572,150.175
1,2481867,-0.461,-4.752,-8.382,-0.381,-0.034,-0.039,-50.234,-33.572,150.175
1,2481870,-0.481,-4.616,-8.271,-0.257,-0.040,-0.035,-50.599,-33.660,150.117
1,2481892,-0.465,-4.472,-8.064,0.001,-0.059,-0.026,-50.672,-33.923,150.219
1,2481896,-0.465,-4.472,-8.064,0.001,-0.059,-0.026,-50.380,-33.587,150.570
1,2481899,-0.467,-4.393,-8.047,0.114,-0.068,-0.022,-50.380,-33.587,150.570
1,2481952,-0.404,-4.077,-7.802,0.221,-0.065,-0.029,-50.541,-33.733,150.088
1,2481983,-0.316,-3.907,-7.628,0.184,-0.067,-0.026,-50.088,-33.850,149.649
1,2481987,-0.262,-3.909,-7.663,0.148,-0.065,-0.026,-50.088,-33.850,149.649
1,2481990,-0.262,-3.909,-7.663,0.148,-0.065,-0.026,-50.088,-33.850,149.649
1,2482012,-0.311,-3.976,-7.618,0.038,-0.060,-0.031,-50.365,-33.557,150.088
1,2482042,-0.379,-4.356,-7.595,-0.023,-0.054,-0.033,-50.541,-33.543,149.459
1,2482046,-0.367,-4.353,-7.610,0.032,-0.057,-0.034,-50.541,-33.543,149.459
1,2482050,-0.367,-4.353,-7.610,0.032,-0.057,-0.034,-50.541,-33.543,149.459
1,2482072,-0.367,-4.045,-7.427,0.160,-0.053,-0.037,-50.205,-33.528,149.605
1,2482076,-0.330,-3.819,-7.274,0.189,-0.053,-0.035,-50.205,-33.528,149.605
1,2482080,-0.330,-3.819,-7.274,0.189,-0.053,-0.035,-49.956,-33.631,149.328
1,2482102,-0.303,-3.789,-6.980,0.120,-0.055,-0.035,-50.161,-33.207,149.503
1,2482132,-0.255,-4.154,-6.903,0.173,-0.060,-0.037,-50.365,-33.441,149.386
1,2482136,-0.255,-4.154,-6.903,0.173,-0.060,-0.037,-50.365,-33.441,149.386
1,2482140,-0.255,-4.154,-6.903,0.173,-0.060,-0.037,-50.804,-33.017,149.108
1,2482162,-0.211,-3.467,-6.609,0.447,-0.070,-0.033,-50.818,-33.514,148.597
1,2482166,-0.211,-3.467,-6.609,0.447,-0.070,-0.033,-50.789,-33.265,149.445
1,2482169,-0.211,-3.467,-6.609,0.447,-0.070,-0.033,-50.789,-33.265,149.445
1,2482192,-0.179,-3.155,-6.348,0.214,-0.062,-0.035,-50.716,-33.309,148.670
1,2482196,-0.179,-3.155,-6.348,0.214,-0.062,-0.035,-50.716,-33.309,148.670
1,2482200,-0.179,-3.155,-6.348,0.214,-0.062,-0.035,-50.716,-33.309,148.670
1,2482222,-0.172,-3.639,-6.268,-0.053,-0.049,-0.042,-50.892,-33.587,148.100
1,2482226,-0.172,-3.639,-6.268,-0.053,-0.049,-0.042,-50.833,-32.578,148.714
1,2482229,-0.172,-3.793,-6.285,-0.053,-0.049,-0.042,-50.833,-32.578,148.714
1,2482252,-0.197,-3.996,-6.468,0.049,-0.065,-0.037,-50.365,-33.514,148.334
1,2482256,-0.197,-3.996,-6.468,0.049,-0.065,-0.037,-50.365,-33.514,148.334
1,2482259,-0.223,-4.083,-6.615,0.130,-0.070,-0.035,-50.365,-33.514,148.334
1,2482282,-0.195,-4.173,-6.964,0.280,-0.079,-0.029,-50.248,-33.251,148.480
1,2482313,-0.135,-4.560,-7.315,0.392,-0.081,-0.031,-50.643,-33.280,148.275
1,2482316,-0.135,-4.560,-7.315,0.392,-0.081,-0.031,-50.643,-33.280,148.275
1,2482373,-0.171,-4.769,-8.008,0.389,-0.083,-0.033,-50.205,-32.944,147.384
1,2482402,-0.185,-4.883,-8.234,0.221,-0.076,-0.038,-50.599,-32.973,147.749
1,2482406,-0.164,-4.899,-8.260,0.221,-0.076,-0.040,-50.599,-32.973,147.749
1,2482433,-0.203,-4.991,-8.262,0.104,-0.068,-0.043,-50.395,-33.031,147.238
1,2482436,-0.197,-5.026,-8.261,0.084,-0.068,-0.044,-50.395,-33.031,147.238
1,2482440,-0.197,-5.026,-8.261,0.084,-0.068,-0.044,-50.395,-33.031,147.238
1,2482462,-0.288,-5.116,-8.233,0.090,-0.071,-0.046,-50.497,-32.929,147.705
1,2482493,-0.312,-4.890,-8.118,0.127,-0.071,-0.048,-50.716,-33.017,147.486
1,2482523,-0.294,-4.889,-8.070,0.060,-0.070,-0.050,-50.921,-32.724,147.428
1,2482527,-0.294,-4.889,-8.070,0.026,-0.068,-0.054,-50.921,-32.724,147.428
1,2482530,-0.294,-4.889,-8.070,0.026,-0.068,-0.054,-50.921,-32.724,147.501
1,2482552,-0.341,-4.944,-7.980,0.001,-0.062,-0.055,-50.760,-32.403,147.369
1,2482583,-0.382,-4.970,-8.060,0.162,-0.078,-0.050,-51.052,-32.958,147.471
1,2482587,-0.382,-4.970,-8.060,0.162,-0.078,-0.050,-51.052,-32.958,147.471
1,2482590,-0.382,-4.970,-8.060,0.162,-0.078,-0.050,-51.052,-32.958,147.471
1,2482612,-0.385,-4.903,-8.181,0.228,-0.082,-0.050,-50.643,-32.827,147.296
1,2482616,-0.385,-4.903,-8.181,0.228,-0.082,-0.050,-50.643,-32.827,147.296
1,2482620,-0.385,-4.903,-8.181,0.228,-0.082,-0.050,-50.088,-32.286,147.676
1,2482642,-0.401,-4.895,-8.108,0.151,-0.077,-0.054,-50.526,-32.914,147.252
1,2482646,-0.401,-4.895,-8.108,0.151,-0.077,-0.054,-50.526,-32.914,147.252
1,2482649,-0.401,-4.895,-8.108,0.151,-0.077,-0.054,-50.526,-32.914,147.252
1,2482672,-0.410,-4.978,-7.966,0.142,-0.073,-0.054,-50.424,-32.637,146.609
1,2482675,-0.410,-4.978,-7.966,0.142,-0.073,-0.054,-50.424,-32.637,146.609
1,2482703,-0.335,-4.649,-7.692,0.176,-0.076,-0.055,-50.731,-32.666,146.887
1,2482707,-0.335,-4.649,-7.692,0.176,-0.076,-0.055,-50.731,-32.666,146.887
1,2482710,-0.354,-4.442,-7.506,0.133,-0.070,-0.059,-50.731,-32.666,146.887
1,2482732,-0.333,-4.225,-7.133,-0.029,-0.061,-0.060,-50.614,-32.827,146.258
1,2482736,-0.333,-4.225,-7.133,-0.029,-0.061,-0.060,-50.614,-32.827,146.258
1,2482740,-0.281,-4.213,-6.986,-0.111,-0.060,-0.061,-50.614,-32.549,146.931
1,2482762,-0.309,-4.301,-6.849,-0.188,-0.062,-0.062,-51.345,-32.944,146.843
1,2482766,-0.309,-4.301,-6.849,-0.188,-0.062,-0.062,-51.038,-32.797,148.012
1,2482769,-0.315,-4.321,-6.766,-0.166,-0.061,-0.059,-51.038,-32.797,148.012
1,2482792,-0.291,-4.402,-6.568,-0.024,-0.068,-0.055,-50.994,-32.637,147.647
1,2482823,-0.266,-4.268,-6.626,0.294,-0.099,-0.042,-51.067,-32.374,147.398
1,2482827,-0.274,-4.301,-6.689,0.294,-0.100,-0.039,-50.921,-32.227,147.442
1,2482830,-0.274,-4.301,-6.689,0.368,-0.100,-0.039,-50.921,-32.227,147.442
1,2482852,-0.258,-4.266,-6.931,0.464,-0.114,-0.034,-50.877,-32.739,146.931
1,2482883,-0.244,-4.254,-7.373,0.305,-0.109,-0.032,-50.775,-33.002,146.156
1,2482913,-0.237,-4.315,-7.738,-0.169,-0.089,-0.043,-51.067,-32.856,146.317
1,2482916,-0.251,-4.422,-7.819,-0.335,-0.082,-0.048,-51.067,-32.856,146.317
1,2482920,-0.251,-4.422,-7.819,-0.335,-0.082,-0.048,-51.067,-32.856,146.317
1,2482942,-0.254,-4.778,-7.817,-0.513,-0.070,-0.049,-51.345,-32.681,146.887
1,2482946,-0.268,-4.781,-7.821,-0.516,-0.072,-0.046,-51.345,-32.681,146.887
1,2482972,-0.246,-4.610,-7.775,-0.470,-0.070,-0.051,-50.731,-33.104,147.749
1,2483002,-0.336,-4.751,-7.610,-0.299,-0.082,-0.044,-50.862,-33.397,148.144
1,2483006,-0.336,-4.751,-7.610,-0.299,-0.082,-0.044,-50.862,-33.397,148.144
1,2483010,-0.336,-4.751,-7.610,-0.299,-0.082,-0.044,-50.322,-33.075,148.465
1,2483032,-0.353,-4.819,-7.735,0.072,-0.094,-0.038,-50.541,-33.119,148.202
1,2483166,-0.269,-4.363,-8.443,0.255,-0.090,-0.048,-50.818,-32.768,147.033
1,2483183,-0.257,-4.331,-8.237,-0.038,-0.076,-0.054,-50.672,-33.236,147.691
1,2483187,-0.257,-4.331,-8.237,-0.038,-0.076,-0.054,-50.672,-33.236,147.691
1,2483190,-0.225,-4.540,-8.140,-0.165,-0.065,-0.053,-50.672,-33.236,147.691
1,2483273,-0.162,-4.951,-8.456,0.434,-0.106,-0.034,-51.184,-32.929,148.407
1,2483276,-0.153,-4.893,-8.508,0.496,-0.108,-0.034,-51.184,-32.929,148.407
1,2483303,-0.116,-4.746,-8.568,0.514,-0.110,-0.029,-50.702,-32.739,147.808
1,2483410,-0.163,-5.579,-9.308,0.269,-0.110,-0.033,-50.351,-32.300,147.559
1,2483423,-0.134,-5.046,-9.344,0.481,-0.117,-0.024,-50.248,-32.461,147.296
1,2483513,-0.178,-5.209,-9.533,0.342,-0.112,-0.022,-51.242,-31.877,146.419
1,2483542,-0.170,-5.064,-9.387,0.009,-0.104,-0.026,-50.731,-31.877,146.682
1,2483546,-0.170,-5.064,-9.387,0.009,-0.104,-0.026,-50.731,-31.877,146.244
1,2483550,-0.179,-5.342,-9.448,0.009,-0.100,-0.028,-50.234,-31.716,146.244
1,2483572,-0.205,-5.622,-9.385,-0.097,-0.097,-0.029,-50.526,-31.891,146.492
1,2483735,-0.333,-5.244,-8.914,-0.280,-0.108,-0.035,-49.927,-32.023,145.922
1,2483885,-0.455,-5.056,-8.361,-0.043,-0.133,-0.035,-50.351,-32.388,147.048
1,2483903,-0.447,-4.922,-8.189,-0.022,-0.140,-0.035,-50.044,-32.447,148.085
1,2483932,-0.468,-4.800,-8.107,-0.022,-0.145,-0.032,-50.205,-32.461,147.238
1,2483936,-0.468,-4.800,-8.107,-0.022,-0.145,-0.032,-50.205,-32.461,147.238
1,2483961,-0.473,-4.788,-7.953,-0.053,-0.145,-0.031,-50.132,-32.841,147.340
1,2484096,-0.501,-4.859,-8.148,0.012,-0.154,-0.033,-49.810,-32.973,148.612
1,2484246,-0.492,-4.885,-8.847,0.151,-0.139,-0.045,-49.942,-32.564,148.422
1,2484263,-0.475,-4.774,-8.760,0.075,-0.123,-0.048,-49.810,-32.871,148.743
1,2484292,-0.473,-4.909,-8.448,-0.216,-0.116,-0.059,-49.620,-32.914,149.240
1,2484296,-0.473,-4.909,-8.448,-0.271,-0.111,-0.059,-49.722,-32.841,149.956
1,2484300,-0.473,-4.909,-8.448,-0.271,-0.111,-0.059,-49.722,-32.841,149.956
1,2484322,-0.510,-5.250,-8.388,-0.198,-0.115,-0.057,-49.605,-33.177,150.058
1,2484326,-0.510,-5.250,-8.388,-0.093,-0.117,-0.056,-49.605,-33.177,150.058
1,2484330,-0.510,-5.250,-8.388,-0.093,-0.117,-0.056,-49.605,-33.177,150.058
1,2484413,-0.467,-4.672,-8.316,0.081,-0.112,-0.061,-49.123,-32.841,149.664
1,2484473,-0.468,-4.930,-8.353,0.148,-0.110,-0.061,-49.927,-32.724,149.342
1,2484477,-0.468,-4.930,-8.353,0.148,-0.110,-0.061,-49.927,-32.724,149.342
1,2484480,-0.419,-4.869,-8.339,0.178,-0.108,-0.061,-49.430,-32.476,149.401
1,2484502,-0.441,-4.604,-8.310,0.183,-0.112,-0.065,-49.620,-32.841,149.152
1,2484711,-0.480,-4.698,-8.386,0.086,-0.110,-0.059,-49.605,-32.520,149.065
1,2484773,-0.574,-5.129,-9.026,0.204,-0.115,-0.054,-49.985,-32.681,149.284
1,2484803,-0.613,-5.137,-9.045,0.297,-0.119,-0.054,-49.781,-32.783,148.553
1,2484893,-0.737,-5.325,-9.574,-0.002,-0.121,-0.049,-49.868,-33.207,148.509
1,2484897,-0.737,-5.325,-9.574,-0.002,-0.121,-0.049,-49.488,-32.417,149.225
1,2484900,-0.732,-5.385,-9.572,-0.051,-0.119,-0.049,-49.488,-32.417,149.225
1,2484952,-0.658,-4.682,-8.776,-0.082,-0.103,-0.057,-49.591,-32.929,148.115
1,2485085,-0.538,-3.887,-7.378,0.242,-0.122,-0.046,-49.781,-33.382,150.380
1,2485103,-0.547,-3.788,-7.529,0.369,-0.130,-0.040,-50.205,-33.572,149.532
1,2485107,-0.580,-3.972,-7.748,0.331,-0.126,-0.042,-50.205,-33.572,149.532
1,2485132,-0.631,-4.704,-8.326,0.283,-0.127,-0.040,-50.365,-33.674,150.234
1,2485136,-0.664,-5.124,-8.768,0.334,-0.134,-0.039,-50.365,-33.674,150.234
1,2485163,-0.768,-5.769,-9.850,0.544,-0.149,-0.031,-50.351,-33.411,149.722
1,2485223,-0.665,-6.086,-11.261,-0.258,-0.075,-0.067,-49.956,-33.221,149.225
1,2485227,-0.665,-6.086,-11.261,-0.258,-0.075,-0.067,-50.336,-32.739,150.380
1,2485230,-0.665,-6.086,-11.261,-0.258,-0.075,-0.067,-50.336,-32.739,150.380
1,2485252,-0.650,-5.727,-10.589,-0.331,-0.071,-0.066,-50.541,-33.265,149.942
1,2485283,-0.653,-5.764,-10.387,-0.130,-0.097,-0.051,-50.058,-33.265,149.810
1,2485287,-0.653,-5.764,-10.387,-0.130,-0.097,-0.051,-50.555,-33.017,150.643
1,2485313,-0.647,-5.669,-10.105,0.266,-0.116,-0.043,-50.205,-33.441,150.614
1,2485419,-0.629,-4.814,-8.619,-0.029,-0.121,-0.039,-49.839,-33.557,150.395
1,2485462,-0.577,-4.177,-8.102,0.170,-0.133,-0.029,-50.175,-33.134,149.795
1,2485466,-0.577,-4.111,-7.945,0.170,-0.133,-0.029,-50.175,-33.134,149.795
1,2485470,-0.577,-4.111,-7.945,0.127,-0.130,-0.029,-49.591,-32.900,150.029
1,2485492,-0.585,-4.006,-7.664,-0.004,-0.121,-0.037,-50.000,-33.543,149.942
1,2485583,-0.605,-4.099,-7.198,0.237,-0.130,-0.037,-50.102,-33.514,149.635
1,2485586,-0.605,-4.053,-7.152,0.225,-0.128,-0.035,-50.102,-33.514,149.635
1,2485590,-0.605,-4.053,-7.152,0.225,-0.128,-0.035,-50.102,-33.514,149.635
1,2485612,-0.628,-4.123,-7.084,0.167,-0.125,-0.040,-50.088,-33.762,149.503
1,2485672,-0.553,-4.125,-7.003,0.083,-0.106,-0.050,-49.839,-33.543,149.313
1,2485676,-0.553,-4.125,-7.003,0.083,-0.106,-0.050,-49.839,-33.543,149.313
1,2485680,-0.553,-4.125,-7.003,0.083,-0.106,-0.050,-49.766,-33.075,150.102
1,2485702,-0.615,-4.422,-7.090,0.048,-0.094,-0.056,-49.927,-33.704,150.117
1,2485733,-0.634,-4.603,-7.259,0.203,-0.098,-0.057,-50.424,-33.499,149.532
1,2485737,-0.634,-4.603,-7.259,0.203,-0.098,-0.057,-50.424,-33.499,149.532
1,2485740,-0.619,-4.615,-7.301,0.203,-0.098,-0.057,-50.000,-33.645,149.956
1,2485823,-0.593,-4.711,-7.516,0.373,-0.078,-0.078,-50.248,-33.280,148.275
1,2485827,-0.593,-4.711,-7.516,0.373,-0.078,-0.078,-50.234,-32.812,149.065
1,2485830,-0.584,-4.653,-7.533,0.391,-0.078,-0.081,-50.234,-32.812,149.065
1,2485853,-0.577,-4.664,-7.657,0.384,-0.077,-0.082,-50.190,-32.885,148.217
1,2485882,-0.531,-4.665,-7.948,0.237,-0.062,-0.093,-49.810,-33.017,148.275
1,2485886,-0.531,-4.665,-7.948,0.237,-0.062,-0.093,-50.219,-32.681,148.568
1,2485889,-0.538,-4.830,-7.976,0.166,-0.056,-0.097,-50.219,-32.681,148.568
1,2485913,-0.547,-5.215,-8.151,0.130,-0.048,-0.100,-50.219,-32.754,148.378
1,2485943,-0.549,-5.312,-8.431,0.324,-0.055,-0.105,-50.146,-32.885,147.822
1,2486077,-0.305,-5.116,-8.042,-0.089,-0.022,-0.132,-50.789,-32.768,147.574
1,2486093,-0.304,-5.125,-8.046,0.042,-0.029,-0.125,-50.906,-33.119,147.471
1,2486096,-0.304,-5.125,-8.046,0.042,-0.029,-0.125,-50.818,-33.265,147.866
1,2486123,-0.266,-4.863,-8.010,0.205,-0.042,-0.122,-50.643,-32.856,147.442
1,2486126,-0.266,-4.863,-8.010,0.205,-0.042,-0.122,-50.643,-32.856,147.442
1,2486130,-0.266,-4.863,-8.010,0.205,-0.042,-0.122,-50.643,-32.856,147.647
1,2486152,-0.218,-4.848,-8.032,0.176,-0.048,-0.117,-50.745,-33.104,147.545
1,2486156,-0.218,-4.848,-8.032,0.176,-0.048,-0.117,-50.438,-32.184,147.208
1,2486160,-0.218,-4.848,-8.032,0.176,-0.048,-0.117,-50.438,-32.184,147.208
1,2486182,-0.245,-4.934,-8.046,0.153,-0.051,-0.116,-50.716,-32.607,146.960
1,2486212,-0.249,-4.887,-8.059,0.147,-0.059,-0.110,-51.140,-32.681,147.223
1,2486243,-0.254,-4.875,-8.000,0.034,-0.059,-0.109,-50.745,-33.236,146.711
1,2486247,-0.254,-4.875,-8.000,0.034,-0.059,-0.109,-50.745,-33.236,146.711
1,2486250,-0.307,-4.948,-7.954,0.000,-0.059,-0.108,-50.745,-33.236,146.711
1,2486272,-0.305,-5.082,-7.864,0.029,-0.068,-0.104,-50.994,-33.192,147.135
1,2486276,-0.305,-5.082,-7.864,0.029,-0.068,-0.104,-50.994,-33.192,147.135
1,2486280,-0.279,-5.086,-7.944,0.071,-0.073,-0.099,-50.643,-32.622,147.048
1,2486302,-0.311,-5.078,-7.921,0.154,-0.087,-0.093,-51.330,-32.929,146.609
1,2486333,-0.335,-4.934,-7.918,0.181,-0.098,-0.087,-50.687,-32.987,146.317
1,2486337,-0.323,-4.869,-7.957,0.181,-0.099,-0.086,-50.687,-32.987,146.317
1,2486340,-0.323,-4.869,-7.957,0.158,-0.099,-0.086,-50.512,-32.695,146.814
1,2486362,-0.363,-4.924,-7.981,0.075,-0.100,-0.084,-50.979,-32.754,146.448
1,2486366,-0.383,-4.970,-7.993,0.075,-0.100,-0.084,-51.096,-32.783,146.770
1,2486370,-0.383,-4.970,-7.993,0.028,-0.098,-0.082,-51.096,-32.783,146.770
1,2486393,-0.383,-5.085,-7.938,-0.017,-0.101,-0.081,-50.892,-32.973,146.682
1,2486453,-0.414,-5.001,-7.987,0.111,-0.119,-0.068,-50.672,-32.900,146.054
1,2486457,-0.420,-5.038,-7.986,0.123,-0.122,-0.067,-50.672,-32.900,146.054
1,2486459,-0.420,-5.038,-7.986,0.123,-0.122,-0.067,-50.672,-32.900,146.054
1,2486482,-0.390,-5.074,-8.099,0.158,-0.131,-0.065,-51.213,-33.134,146.551
1,2486486,-0.424,-5.042,-8.151,0.172,-0.128,-0.062,-50.862,-32.783,146.317
1,2486513,-0.365,-4.996,-8.174,0.169,-0.128,-0.061,-50.541,-33.002,146.171
1,2486542,-0.339,-5.104,-8.250,0.089,-0.127,-0.061,-50.716,-32.783,146.858
1,2486545,-0.339,-5.104,-8.250,0.059,-0.125,-0.061,-50.716,-32.783,146.858
1,2486549,-0.339,-5.104,-8.250,0.059,-0.125,-0.061,-50.614,-32.681,146.755
1,2486572,-0.343,-5.289,-8.268,0.061,-0.123,-0.059,-51.286,-32.564,146.975
1,2486576,-0.343,-5.289,-8.268,0.061,-0.123,-0.059,-51.286,-32.564,146.975
1,2486682,-0.267,-5.099,-7.997,-0.020,-0.120,-0.055,-50.643,-32.578,146.171
1,2486752,-0.229,-4.826,-7.528,-0.068,-0.111,-0.056,-50.906,-32.695,147.530
1,2486783,-0.219,-4.877,-7.384,-0.010,-0.112,-0.054,-50.731,-33.309,148.071
1,2486889,-0.285,-4.796,-7.518,0.027,-0.119,-0.042,-50.892,-33.353,147.939
1,2486903,-0.292,-4.781,-7.630,0.116,-0.119,-0.040,-50.877,-32.914,147.881
1,2486907,-0.292,-4.684,-7.687,0.186,-0.120,-0.042,-50.877,-32.914,147.881
1,2486933,-0.346,-4.633,-7.909,0.221,-0.122,-0.040,-50.950,-32.607,147.661
1,2486937,-0.325,-4.633,-7.909,0.192,-0.122,-0.037,-50.950,-32.607,147.661
1,2486940,-0.325,-4.633,-7.909,0.192,-0.122,-0.037,-50.672,-32.710,147.822
1,2486961,-0.343,-5.209,-8.310,0.115,-0.110,-0.034,-50.965,-32.666,147.413
1,2487024,-0.361,-4.768,-8.173,0.037,-0.098,-0.040,-50.760,-32.549,147.603
1,2487083,-0.354,-4.772,-7.816,-0.200,-0.079,-0.045,-50.848,-33.514,147.866
1,2487086,-0.354,-4.772,-7.816,-0.200,-0.079,-0.045,-50.278,-32.768,147.822
1,2487113,-0.281,-4.726,-7.663,-0.160,-0.088,-0.040,-50.409,-33.411,148.261
1,2487117,-0.281,-4.726,-7.663,-0.160,-0.088,-0.040,-50.409,-33.411,148.261
1,2487120,-0.245,-4.673,-7.650,-0.133,-0.087,-0.039,-50.409,-33.411,148.261
1,2487142,-0.240,-4.577,-7.566,-0.093,-0.089,-0.035,-50.716,-33.104,148.904
1,2487146,-0.240,-4.577,-7.566,-0.093,-0.089,-0.035,-50.716,-33.104,148.904
1,2487149,-0.221,-4.508,-7.542,-0.084,-0.092,-0.034,-50.994,-32.637,149.152
1,2487172,-0.252,-4.522,-7.551,-0.090,-0.089,-0.033,-50.789,-33.294,148.524
1,2487203,-0.255,-4.759,-7.624,0.004,-0.097,-0.027,-51.008,-33.514,148.597
1,2487207,-0.255,-4.759,-7.624,0.004,-0.097,-0.027,-51.008,-33.514,148.597
1,2487313,-0.232,-4.313,-7.725,0.038,-0.084,-0.023,-51.038,-33.660,148.992
1,2487323,-0.250,-4.351,-7.734,-0.042,-0.079,-0.022,-50.278,-33.718,148.860
1,2487353,-0.279,-5.134,-8.069,-0.097,-0.084,-0.015,-50.745,-33.645,148.436
1,2487383,-0.323,-5.166,-8.356,0.303,-0.100,-0.007,-50.702,-33.674,148.992
1,2487386,-0.323,-5.166,-8.356,0.439,-0.105,-0.005,-50.702,-33.674,148.992
1,2487390,-0.323,-5.166,-8.356,0.439,-0.105,-0.005,-50.702,-33.674,148.992
1,2487618,-0.373,-5.448,-8.980,0.038,-0.077,0.005,-50.292,-32.944,148.115
1,2487623,-0.379,-5.283,-8.980,0.031,-0.077,0.006,-50.292,-32.944,148.115
1,2487626,-0.379,-5.283,-8.980,0.031,-0.077,0.006,-50.307,-32.564,148.758
1,2487683,-0.427,-5.253,-9.068,0.411,-0.092,0.018,-50.760,-32.929,147.179
1,2487686,-0.420,-5.235,-9.041,0.411,-0.088,0.018,-50.307,-32.227,147.778
1,2487712,-0.373,-5.190,-9.080,0.313,-0.084,0.015,-49.854,-32.227,146.770
1,2487716,-0.354,-5.288,-9.120,0.244,-0.079,0.015,-49.854,-32.227,146.770
1,2487720,-0.354,-5.288,-9.120,0.244,-0.079,0.015,-49.854,-32.227,146.770
1,2487742,-0.396,-5.458,-9.187,0.188,-0.076,0.016,-49.737,-32.067,147.077
1,2487803,-0.388,-5.549,-8.975,0.042,-0.064,0.017,-50.351,-32.169,147.135
1,2487833,-0.440,-5.693,-9.050,0.188,-0.065,0.023,-49.883,-32.052,146.901
1,2487836,-0.440,-5.693,-9.050,0.266,-0.070,0.023,-49.883,-32.052,146.901
1,2487996,-0.510,-5.386,-8.599,0.173,-0.039,0.017,-50.102,-32.023,146.346
1,2488013,-0.501,-5.389,-8.547,0.164,-0.034,0.021,-50.117,-31.862,146.814
1,2488042,-0.467,-5.337,-8.426,0.126,-0.027,0.011,-50.438,-31.994,145.791
1,2488150,-0.403,-5.299,-8.014,0.117,-0.018,0.011,-50.731,-31.672,145.250
1,2488193,-0.366,-5.191,-7.982,0.203,-0.017,0.007,-50.468,-31.877,144.841
1,2488299,-0.312,-5.636,-8.806,-0.086,-0.010,0.006,-50.570,-31.760,145.440
1,2488343,-0.242,-5.342,-8.528,-0.253,0.000,-0.001,-50.526,-31.994,145.951
1,2488346,-0.242,-5.342,-8.528,-0.253,0.000,-0.001,-50.526,-32.008,145.411
1,2488373,-0.164,-5.318,-8.344,-0.172,-0.010,0.001,-50.614,-31.745,146.390
1,2488376,-0.164,-5.318,-8.344,-0.172,-0.010,0.001,-50.614,-31.745,146.390
1,2488380,-0.164,-5.243,-8.182,-0.172,-0.010,0.001,-50.614,-31.745,146.390
1,2488402,-0.144,-4.945,-7.900,-0.032,-0.020,0.007,-50.614,-32.067,145.630
1,2488406,-0.144,-4.945,-7.900,-0.032,-0.020,0.007,-50.614,-32.067,145.630
1,2488410,-0.144,-4.638,-7.805,-0.032,-0.020,0.007,-50.117,-32.067,145.747
1,2488462,-0.257,-4.696,-7.730,-0.341,-0.026,0.011,-50.438,-32.447,146.580
1,2488466,-0.257,-4.696,-7.730,-0.341,-0.026,0.011,-50.438,-32.447,146.580
1,2488470,-0.257,-4.897,-7.793,-0.382,-0.027,0.013,-50.848,-32.476,146.741
1,2488492,-0.240,-5.237,-7.646,-0.337,-0.023,0.009,-50.482,-32.651,146.551
1,2488496,-0.240,-5.237,-7.646,-0.337,-0.023,0.009,-50.760,-32.242,147.574
1,2488500,-0.275,-5.291,-7.591,-0.221,-0.032,0.010,-50.760,-32.242,147.574
1,2488522,-0.279,-5.092,-7.680,0.078,-0.066,0.022,-50.658,-32.578,147.340
1,2488526,-0.279,-5.092,-7.680,0.078,-0.066,0.022,-50.658,-32.578,147.340
1,2488529,-0.231,-4.816,-7.860,0.176,-0.068,0.023,-50.658,-32.578,147.340
1,2488552,-0.212,-4.536,-7.840,0.092,-0.055,0.022,-50.833,-32.871,146.931
1,2488583,-0.208,-4.947,-7.609,-0.105,-0.056,0.012,-50.614,-32.578,147.077
1,2488586,-0.188,-5.067,-7.659,-0.042,-0.061,0.016,-50.614,-32.578,147.077
1,2488716,-0.229,-5.238,-7.886,-0.051,-0.081,0.020,-50.702,-31.730,145.791
1,2488733,-0.260,-5.433,-7.914,-0.111,-0.086,0.011,-50.862,-31.555,146.200
1,2488737,-0.260,-5.433,-7.914,-0.111,-0.086,0.011,-50.862,-31.555,146.200
1,2488740,-0.260,-5.433,-7.914,-0.111,-0.086,0.011,-50.906,-31.687,146.492
1,2488762,-0.298,-5.748,-7.700,0.035,-0.095,0.024,-50.614,-32.008,145.455
1,2488793,-0.266,-5.478,-7.883,0.586,-0.136,0.029,-50.979,-31.833,145.455
1,2488796,-0.266,-5.478,-7.883,0.586,-0.136,0.029,-50.979,-31.833,145.455
1,2488823,-0.310,-5.320,-7.936,0.528,-0.131,0.031,-50.789,-31.979,144.797
1,2488827,-0.310,-5.320,-7.936,0.528,-0.131,0.031,-50.921,-31.146,144.958
1,2488830,-0.316,-5.446,-8.021,0.528,-0.131,0.031,-50.921,-31.146,144.958
1,2488852,-0.331,-5.854,-8.152,0.357,-0.130,0.027,-51.155,-31.482,144.841
1,2488856,-0.331,-5.854,-8.152,0.357,-0.130,0.027,-51.155,-31.482,144.841
1,2488859,-0.331,-6.016,-8.334,0.357,-0.130,0.027,-51.155,-31.482,144.841
1,2488882,-0.414,-6.292,-8.867,0.386,-0.142,0.026,-50.102,-31.277,143.715
1,2488914,-0.479,-6.761,-9.472,0.337,-0.138,0.024,-50.424,-31.336,144.081
1,2488916,-0.479,-6.761,-9.472,0.337,-0.138,0.024,-50.424,-31.336,144.081
1,2488920,-0.511,-6.876,-9.543,0.332,-0.134,0.021,-50.424,-31.336,144.081
1,2488942,-0.471,-6.956,-9.769,0.364,-0.147,0.016,-50.687,-31.701,143.730
1,2488946,-0.471,-6.956,-9.769,0.364,-0.147,0.016,-50.687,-31.701,143.730
1,2488950,-0.451,-6.922,-9.861,0.373,-0.147,0.018,-50.307,-30.854,143.218
1,2488972,-0.528,-6.883,-9.985,0.296,-0.142,0.013,-50.541,-31.160,143.613
1,2488976,-0.528,-6.883,-9.985,0.296,-0.142,0.013,-50.541,-31.160,143.613
1,2488979,-0.537,-6.840,-10.007,0.221,-0.140,0.007,-50.541,-31.160,143.613
1,2489002,-0.489,-6.770,-9.827,0.068,-0.132,-0.002,-50.292,-30.810,143.584
1,2489006,-0.517,-6.709,-9.681,0.068,-0.127,-0.004,-50.292,-30.810,143.584
1,2489010,-0.517,-6.709,-9.681,0.029,-0.127,-0.004,-50.205,-30.503,143.891
1,2489032,-0.574,-6.427,-9.441,-0.022,-0.131,-0.005,-50.073,-30.649,143.876
1,2489036,-0.585,-6.246,-9.380,-0.022,-0.128,-0.009,-50.073,-30.649,143.876
1,2489040,-0.585,-6.246,-9.380,-0.071,-0.128,-0.009,-50.073,-30.649,143.876
1,2489430,-0.351,-5.466,-7.187,0.034,-0.121,-0.067,-49.795,-31.219,145.075
1,2489453,-0.357,-5.340,-7.090,0.156,-0.134,-0.065,-49.664,-31.102,144.446
1,2489482,-0.360,-5.067,-6.932,0.225,-0.136,-0.066,-50.029,-31.614,144.841
1,2489573,-0.424,-5.319,-7.388,0.487,-0.155,-0.065,-49.942,-31.102,143.774
1,2489663,-0.434,-5.649,-7.193,-0.029,-0.133,-0.090,-50.132,-31.219,144.154
1,2489666,-0.434,-5.649,-7.193,-0.029,-0.133,-0.090,-50.132,-31.219,144.154
1,2489670,-0.434,-5.649,-7.193,-0.029,-0.133,-0.090,-49.854,-30.897,144.768
1,2489693,-0.441,-5.789,-7.184,0.015,-0.137,-0.094,-49.810,-31.234,144.329
1,2489723,-0.425,-5.896,-7.146,0.187,-0.148,-0.093,-49.693,-31.000,144.695
1,2489726,-0.425,-5.896,-7.146,0.187,-0.148,-0.093,-49.693,-31.000,144.695
1,2489730,-0.440,-5.900,-7.169,0.187,-0.156,-0.092,-49.693,-30.912,144.227
1,2489752,-0.437,-5.745,-7.346,0.389,-0.167,-0.089,-49.942,-30.927,144.271
1,2489813,-0.435,-5.490,-7.214,0.117,-0.150,-0.106,-50.512,-31.219,143.642
1,2489817,-0.435,-5.490,-7.214,0.117,-0.150,-0.106,-49.883,-30.327,144.505
1,2489842,-0.432,-5.591,-7.159,0.045,-0.142,-0.115,-50.351,-31.409,145.031
1,2489933,-0.575,-5.844,-7.316,0.272,-0.149,-0.120,-50.219,-31.087,143.072
1,2489993,-0.726,-6.292,-7.551,0.214,-0.136,-0.130,-50.921,-31.219,143.116
1,2489997,-0.751,-6.379,-7.637,0.257,-0.136,-0.130,-50.921,-31.219,143.116
1,2490023,-0.818,-6.329,-7.939,0.363,-0.140,-0.133,-50.365,-30.941,143.204
1,2490026,-0.805,-6.329,-7.939,0.400,-0.137,-0.133,-50.088,-30.620,143.204
1,2490030,-0.805,-6.329,-7.939,0.400,-0.137,-0.133,-50.088,-30.620,143.204
1,2490053,-0.765,-5.986,-7.890,0.337,-0.121,-0.138,-50.351,-31.190,142.678
1,2490057,-0.765,-5.986,-7.890,0.337,-0.121,-0.138,-50.351,-31.190,142.678
1,2490060,-0.765,-5.986,-7.890,0.337,-0.121,-0.138,-50.351,-31.190,142.751
1,2490082,-0.658,-5.696,-7.622,0.165,-0.100,-0.148,-50.438,-30.897,142.298
1,2490172,-0.441,-5.763,-7.390,0.110,-0.103,-0.138,-51.082,-31.350,142.561
1,2490203,-0.428,-6.012,-7.604,0.334,-0.116,-0.131,-51.169,-30.693,142.517
1,2490207,-0.428,-6.012,-7.604,0.334,-0.116,-0.131,-51.169,-30.693,142.517
1,2490209,-0.388,-5.951,-7.716,0.404,-0.115,-0.126,-50.541,-30.854,142.239
1,2490232,-0.352,-5.702,-7.707,0.420,-0.116,-0.128,-50.892,-31.131,142.093
1,2490293,-0.316,-6.168,-7.769,0.023,-0.098,-0.132,-51.038,-30.313,142.341
1,2490296,-0.010,-6.168,-7.738,0.023,-0.098,-0.132,-50.804,-30.503,142.341
1,2490323,-0.311,-6.062,-7.592,0.023,-0.094,-0.128,-51.272,-31.204,142.210
1,2490382,-0.353,-6.069,-7.171,-0.022,-0.100,-0.120,-51.067,-31.204,142.151
1,2490386,-0.365,-6.066,-7.174,0.004,-0.101,-0.116,-51.067,-31.204,142.151
1,2490390,-0.365,-6.066,-7.174,0.004,-0.101,-0.116,-51.067,-31.204,142.151
1,2490412,-0.365,-6.083,-7.070,0.053,-0.110,-0.112,-51.038,-30.751,142.736
1,2490443,-0.355,-6.199,-7.067,0.137,-0.116,-0.106,-50.628,-31.058,142.473
1,2490447,-0.373,-6.242,-7.073,0.180,-0.119,-0.104,-50.628,-31.058,142.473
1,2490450,-0.373,-6.242,-7.073,0.180,-0.119,-0.104,-50.628,-31.058,142.473
1,2490472,-0.345,-6.169,-7.210,0.272,-0.128,-0.098,-50.818,-31.029,142.444
1,2490476,-0.343,-6.120,-7.284,0.286,-0.128,-0.095,-50.818,-31.029,142.444
1,2490479,-0.343,-6.120,-7.284,0.286,-0.128,-0.095,-50.716,-30.795,142.385
1,2490501,-0.328,-6.133,-7.378,0.232,-0.126,-0.092,-51.330,-31.102,142.546
1,2490505,-0.327,-6.133,-7.378,0.180,-0.123,-0.090,-51.330,-31.102,142.546
1,2490563,-0.339,-6.017,-7.293,-0.006,-0.110,-0.093,-50.775,-31.146,142.385
1,2490566,-0.339,-6.017,-7.293,-0.006,-0.110,-0.093,-50.702,-31.146,142.385
1,2490570,-0.339,-6.017,-7.293,-0.006,-0.110,-0.093,-50.702,-31.146,142.385
1,2490592,-0.317,-5.640,-6.980,-0.054,-0.108,-0.088,-50.716,-31.175,142.473
1,2490596,-0.317,-5.640,-6.980,-0.054,-0.108,-0.088,-50.716,-31.175,142.473
1,2490599,-0.317,-5.640,-6.980,-0.054,-0.108,-0.088,-50.716,-31.292,142.590
1,2490622,-0.267,-5.325,-6.695,-0.155,-0.104,-0.084,-50.862,-31.292,142.692
1,2490625,-0.267,-5.325,-6.695,-0.155,-0.104,-0.084,-50.804,-31.146,143.233
1,2490629,-0.286,-5.271,-6.648,-0.155,-0.104,-0.084,-50.804,-31.146,143.233
1,2490652,-0.248,-5.196,-6.406,-0.276,-0.099,-0.079,-50.965,-31.511,143.072
1,2490656,-0.248,-5.196,-6.406,-0.276,-0.099,-0.079,-50.965,-31.511,143.072
1,2490682,-0.206,-5.419,-6.328,-0.213,-0.111,-0.070,-50.892,-32.037,144.256
1,2490743,-0.199,-5.093,-6.508,0.279,-0.133,-0.048,-50.599,-31.862,143.818
1,2490746,-0.199,-5.093,-6.508,0.279,-0.133,-0.048,-50.599,-31.862,143.818
1,2490773,-0.175,-4.920,-6.516,0.137,-0.127,-0.044,-50.833,-31.657,143.715
1,2490777,-0.219,-5.005,-6.567,0.046,-0.122,-0.043,-50.833,-31.657,143.715
1,2490780,-0.219,-5.005,-6.567,0.046,-0.122,-0.043,-50.833,-31.657,143.715
1,2490802,-0.227,-5.420,-6.871,-0.097,-0.123,-0.040,-51.111,-31.497,143.423
1,2490806,-0.239,-5.654,-7.040,-0.116,-0.123,-0.040,-51.111,-31.497,143.423
1,2490810,-0.239,-5.654,-7.040,-0.116,-0.123,-0.040,-50.687,-31.555,143.847
1,2490832,-0.286,-5.943,-7.229,-0.044,-0.116,-0.038,-51.038,-31.964,144.095
1,2490835,-0.296,-5.883,-7.208,0.018,-0.116,-0.038,-51.082,-31.964,144.095
1,2490839,-0.296,-5.883,-7.208,0.018,-0.116,-0.038,-51.082,-31.964,144.095
1,2490862,-0.270,-5.610,-7.158,0.073,-0.114,-0.039,-50.775,-31.847,142.868
1,2490893,-0.317,-5.168,-7.016,-0.131,-0.101,-0.040,-51.067,-32.110,143.423
1,2490896,-0.329,-5.219,-7.001,-0.241,-0.094,-0.043,-50.614,-31.877,144.066
1,2490900,-0.329,-5.219,-7.001,-0.241,-0.094,-0.043,-50.614,-31.877,144.066
1,2491025,-0.321,-6.096,-7.515,0.330,-0.116,-0.022,-50.965,-31.994,144.665
1,2491042,-0.306,-6.122,-7.723,0.498,-0.122,-0.017,-50.848,-32.169,143.920
1,2491046,-0.306,-6.122,-7.723,0.498,-0.122,-0.017,-50.848,-32.169,143.920
1,2491050,-0.368,-6.007,-7.793,0.498,-0.122,-0.017,-50.848,-32.169,143.920
1,2491072,-0.355,-5.865,-7.943,0.470,-0.112,-0.021,-50.848,-31.818,143.876
1,2491076,-0.355,-5.865,-7.943,0.470,-0.112,-0.021,-50.848,-31.818,143.876
1,2491103,-0.307,-6.105,-8.101,0.237,-0.099,-0.021,-50.380,-31.365,144.505
1,2491106,-0.307,-6.105,-8.101,0.237,-0.099,-0.021,-50.380,-31.365,144.505
1,2491193,-0.321,-5.834,-7.559,-0.088,-0.079,-0.015,-50.702,-31.877,143.920
1,2491196,-0.321,-6.103,-7.631,-0.088,-0.079,-0.015,-50.702,-31.877,143.920
1,2491200,-0.324,-6.103,-7.631,-0.061,-0.088,-0.009,-50.351,-31.643,143.905
1,2491282,-0.304,-5.326,-7.568,0.260,-0.123,0.024,-50.146,-31.482,143.657
1,2491286,-0.335,-5.555,-7.633,0.137,-0.121,0.024,-50.161,-30.810,143.218
1,2491495,-0.778,-6.790,-8.515,0.226,-0.136,0.040,-49.576,-30.985,142.239
1,2491523,-0.753,-6.310,-8.317,0.169,-0.128,0.035,-50.029,-31.029,142.634
1,2491552,-0.765,-6.837,-8.344,-0.016,-0.112,0.029,-49.678,-30.883,142.195
1,2491583,-0.792,-7.116,-8.545,0.238,-0.121,0.024,-49.211,-31.248,141.991
1,2491586,-0.792,-7.116,-8.545,0.238,-0.121,0.024,-49.211,-31.248,141.991
1,2491589,-0.816,-7.016,-8.596,0.352,-0.122,0.024,-49.211,-31.248,141.991
1,2491612,-0.785,-6.688,-8.532,0.458,-0.121,0.023,-49.562,-30.590,141.830
1,2491643,-0.796,-6.566,-8.526,0.204,-0.098,0.007,-49.196,-30.737,141.479
1,2491647,-0.851,-6.729,-8.538,0.099,-0.089,0.005,-49.196,-30.737,141.479
1,2491650,-0.851,-6.729,-8.538,0.099,-0.089,0.005,-49.196,-30.737,141.479
1,2492011,-0.365,-5.928,-7.322,-0.097,-0.007,-0.028,-49.620,-30.532,140.968
1,2492063,-0.382,-6.301,-7.262,0.001,-0.017,-0.021,-49.635,-30.444,141.757
1,2492255,-0.474,-6.290,-7.430,0.115,-0.054,0.000,-49.722,-30.400,141.961
1,2492508,-0.550,-6.243,-7.316,0.126,-0.084,-0.009,-49.985,-30.342,141.260
1,2492602,-0.542,-6.303,-7.309,0.094,-0.093,-0.016,-50.278,-30.181,140.968
1,2492606,-0.564,-6.317,-7.322,0.134,-0.095,-0.015,-50.278,-30.181,140.968
1,2492693,-0.495,-6.285,-7.482,0.143,-0.108,-0.015,-49.737,-30.240,141.041
1,2492752,-0.548,-6.712,-7.769,0.051,-0.116,-0.011,-50.175,-30.444,140.909
1,2492756,-0.548,-6.712,-7.769,0.051,-0.116,-0.011,-49.635,-29.787,141.289
1,2492783,-0.629,-7.318,-8.352,0.271,-0.132,-0.005,-49.474,-30.152,140.646
1,2492873,-0.773,-7.997,-9.336,-0.042,-0.119,-0.016,-49.664,-30.006,141.172
1,2492876,-0.773,-7.997,-9.336,-0.042,-0.119,-0.016,-49.664,-30.006,141.084
1,2492879,-0.818,-8.119,-9.468,0.005,-0.123,-0.016,-49.255,-30.225,141.084
1,2492902,-0.774,-7.979,-9.520,0.121,-0.123,-0.015,-49.503,-30.620,141.201
1,2492993,-0.684,-6.760,-8.155,-0.237,-0.098,-0.040,-49.664,-30.284,141.903
1,2493099,-0.577,-5.902,-7.439,-0.039,-0.106,-0.049,-49.971,-30.912,141.684
1,2493113,-0.591,-6.060,-7.442,-0.026,-0.105,-0.048,-49.664,-30.780,142.254
1,2493117,-0.575,-6.122,-7.442,0.031,-0.106,-0.046,-49.664,-30.780,142.254
1,2493120,-0.575,-6.122,-7.442,0.031,-0.106,-0.046,-49.664,-30.780,142.254
1,2493142,-0.573,-5.673,-7.371,0.173,-0.110,-0.049,-49.912,-30.678,141.713
1,2493233,-0.535,-6.179,-7.339,0.170,-0.109,-0.061,-49.605,-30.503,142.371
1,2493236,-0.535,-6.179,-7.339,0.170,-0.109,-0.061,-49.605,-30.503,142.371
1,2493240,-0.535,-6.004,-7.339,0.170,-0.109,-0.061,-49.605,-30.503,142.371
1,2493261,-0.501,-5.712,-7.283,0.260,-0.109,-0.064,-49.415,-30.868,141.888
1,2493265,-0.501,-5.712,-7.283,0.260,-0.109,-0.064,-49.415,-30.868,141.888
1,2493292,-0.468,-5.658,-7.167,0.022,-0.094,-0.075,-49.386,-30.941,141.713
1,2493399,-0.400,-6.065,-6.836,0.170,-0.101,-0.076,-49.649,-31.482,142.064
1,2493413,-0.364,-5.974,-6.830,0.222,-0.106,-0.075,-49.912,-31.000,142.020
1,2493416,-0.363,-5.880,-6.754,0.222,-0.106,-0.075,-49.722,-30.883,141.874
1,2493443,-0.307,-5.653,-6.648,0.202,-0.108,-0.073,-50.175,-30.766,142.005
1,2493446,-0.327,-5.646,-6.678,0.147,-0.108,-0.073,-50.175,-30.766,142.005
1,2493450,-0.327,-5.646,-6.678,0.147,-0.108,-0.073,-50.175,-30.766,142.005
1,2493472,-0.286,-5.763,-6.698,0.033,-0.106,-0.075,-50.570,-30.912,141.991
1,2493502,-0.282,-6.069,-6.803,0.001,-0.109,-0.073,-49.678,-31.131,142.195
1,2493610,-0.221,-5.562,-6.352,-0.028,-0.106,-0.082,-49.956,-31.438,142.604
1,2493623,-0.260,-5.732,-6.373,0.021,-0.114,-0.076,-49.927,-30.956,143.043
1,2493625,-0.260,-5.732,-6.373,0.021,-0.114,-0.076,-50.088,-30.780,143.131
1,2493682,-0.321,-5.712,-6.709,0.582,-0.149,-0.066,-50.029,-31.000,141.728
1,2493711,-0.445,-6.045,-6.918,0.467,-0.144,-0.070,-50.015,-30.693,140.894
1,2493715,-0.445,-6.045,-6.918,0.467,-0.144,-0.070,-50.015,-30.693,140.894
1,2493719,-0.459,-6.217,-7.019,0.467,-0.144,-0.070,-50.015,-30.693,140.894
1,2493742,-0.522,-6.408,-7.188,0.424,-0.138,-0.075,-50.614,-31.263,141.026
1,2493772,-0.578,-6.067,-7.065,0.292,-0.123,-0.088,-50.132,-30.751,140.821
1,2493776,-0.578,-6.067,-7.065,0.292,-0.123,-0.088,-50.132,-30.751,140.821
1,2493780,-0.609,-6.038,-7.033,0.188,-0.119,-0.089,-50.132,-30.751,140.821
1,2493801,-0.619,-6.270,-6.979,-0.010,-0.111,-0.093,-50.117,-30.868,141.450
1,2493805,-0.619,-6.270,-6.979,-0.010,-0.111,-0.093,-50.117,-30.868,141.450
1,2493833,-0.671,-6.703,-7.120,-0.002,-0.111,-0.098,-49.942,-30.649,141.333
1,2493836,-0.671,-6.703,-7.129,-0.002,-0.111,-0.098,-49.942,-30.649,141.333
1,2493863,-0.684,-6.586,-7.163,0.253,-0.119,-0.094,-49.883,-30.590,141.260
1,2493866,-0.690,-6.437,-7.083,0.566,-0.120,-0.093,-49.883,-30.590,141.260
1,2493870,-0.690,-6.437,-7.083,0.313,-0.120,-0.093,-49.839,-30.751,141.172
1,2493892,-0.666,-6.311,-7.162,0.364,-0.128,-0.090,-50.248,-31.102,140.164
1,2493982,-0.597,-6.364,-7.235,0.140,-0.110,-0.094,-50.015,-30.327,140.003
1,2494042,-0.587,-6.579,-7.098,0.127,-0.116,-0.084,-50.278,-30.737,140.310
1,2494046,-0.587,-6.579,-7.098,0.127,-0.116,-0.084,-50.278,-30.737,140.310
1,2494049,-0.587,-6.579,-7.098,0.127,-0.116,-0.084,-50.278,-30.737,140.310
1,2494072,-0.529,-6.252,-7.068,0.288,-0.125,-0.081,-50.453,-30.634,140.339
1,2494132,-0.506,-6.370,-7.083,0.077,-0.120,-0.072,-50.468,-30.561,139.623
1,2494136,-0.506,-6.370,-7.083,0.077,-0.120,-0.072,-50.468,-30.561,139.623
1,2494139,-0.479,-6.394,-7.034,0.077,-0.120,-0.072,-49.445,-30.459,139.915
1,2494163,-0.494,-6.345,-7.009,0.097,-0.120,-0.071,-50.015,-30.620,140.266
1,2494166,-0.494,-6.345,-7.009,0.097,-0.120,-0.071,-50.015,-30.620,140.266
1,2494192,-0.480,-6.388,-7.085,0.081,-0.122,-0.061,-49.942,-30.649,140.003
1,2494222,-0.468,-6.469,-7.127,0.065,-0.120,-0.062,-49.927,-30.444,140.456
1,2494226,-0.468,-6.469,-7.127,0.065,-0.120,-0.062,-49.591,-30.415,140.456
1,2494230,-0.465,-6.440,-7.155,0.067,-0.121,-0.061,-49.591,-30.415,140.456
1,2494252,-0.462,-6.262,-7.064,0.051,-0.120,-0.059,-50.234,-30.269,139.930
1,2494342,-0.391,-5.838,-6.571,-0.233,-0.098,-0.060,-49.985,-30.970,141.611
1,2494346,-0.382,-5.817,-6.479,-0.250,-0.098,-0.059,-49.795,-30.590,141.333
1,2494373,-0.392,-5.884,-6.389,-0.248,-0.095,-0.054,-50.497,-30.810,141.274
1,2494375,-0.407,-5.943,-6.348,-0.220,-0.099,-0.054,-50.497,-30.810,141.274
1,2494462,-0.385,-5.834,-6.653,0.068,-0.116,-0.040,-50.935,-31.087,142.034
1,2494466,-0.385,-5.834,-6.653,0.094,-0.117,-0.040,-50.935,-31.087,142.034
1,2494522,-0.363,-5.318,-6.631,-0.210,-0.088,-0.046,-50.599,-31.307,142.517
1,2494526,-0.363,-5.318,-6.631,-0.210,-0.088,-0.046,-50.599,-31.307,142.517
1,2494530,-0.363,-5.318,-6.631,-0.210,-0.088,-0.046,-50.175,-30.824,142.385
1,2494551,-0.386,-5.749,-6.641,-0.458,-0.068,-0.053,-50.599,-31.160,142.020
1,2494555,-0.386,-5.749,-6.641,-0.458,-0.068,-0.053,-50.395,-30.912,143.818
1,2494559,-0.386,-5.749,-6.641,-0.458,-0.068,-0.053,-50.395,-30.912,143.818
1,2494612,-0.422,-5.526,-6.479,-0.269,-0.072,-0.049,-50.760,-31.614,143.540
1,2494672,-0.437,-5.749,-6.925,0.275,-0.095,-0.038,-50.775,-31.526,143.730
1,2494676,-0.437,-5.749,-6.925,0.275,-0.095,-0.038,-50.453,-31.687,143.861
1,2494679,-0.392,-5.537,-6.896,0.314,-0.097,-0.039,-50.453,-31.687,143.861
1,2494937,-0.469,-6.528,-7.677,-0.011,-0.089,-0.031,-50.848,-31.044,143.350
1,2495033,-0.531,-6.002,-7.717,0.049,-0.100,-0.023,-49.737,-30.970,142.794
1,2495062,-0.537,-6.357,-7.644,-0.148,-0.090,-0.024,-50.628,-31.175,142.473
1,2495196,-0.640,-7.095,-8.490,0.087,-0.109,-0.015,-50.292,-30.678,142.341
1,2495272,-0.688,-7.522,-8.617,0.156,-0.101,-0.021,-50.336,-30.927,142.444
1,2495302,-0.666,-7.074,-8.490,0.302,-0.101,-0.026,-50.161,-31.044,141.625
1,2495306,-0.644,-6.845,-8.353,0.279,-0.097,-0.028,-50.161,-31.044,141.625
1,2495309,-0.644,-6.845,-8.353,0.279,-0.097,-0.028,-50.161,-31.044,141.625
1,2495332,-0.604,-6.578,-8.145,0.111,-0.088,-0.033,-50.088,-31.204,141.289
1,2495392,-0.534,-6.268,-7.615,0.022,-0.076,-0.040,-50.585,-30.459,141.625
1,2495499,-0.469,-5.873,-7.251,0.189,-0.076,-0.039,-49.956,-30.547,141.684
1,2495542,-0.435,-6.116,-7.199,-0.020,-0.065,-0.043,-50.702,-30.634,141.888
1,2495602,-0.410,-5.889,-7.113,0.067,-0.071,-0.037,-50.336,-30.459,142.122
1,2495606,-0.410,-5.928,-7.107,0.067,-0.071,-0.037,-50.336,-30.459,142.122
1,2495610,-0.395,-5.928,-7.107,0.054,-0.072,-0.035,-50.058,-30.371,142.356
1,2495631,-0.421,-6.187,-7.210,0.049,-0.073,-0.032,-50.716,-30.430,142.736
1,2495635,-0.421,-6.187,-7.285,0.049,-0.073,-0.032,-50.716,-30.430,142.736
1,2495663,-0.425,-6.234,-7.346,0.177,-0.078,-0.032,-50.351,-30.824,142.473
1,2495769,-0.421,-6.099,-7.455,0.154,-0.076,-0.024,-50.248,-31.000,142.356
1,2495812,-0.437,-6.443,-7.484,-0.055,-0.071,-0.023,-50.219,-30.737,142.429
1,2495816,-0.437,-6.443,-7.484,-0.055,-0.071,-0.023,-50.058,-29.874,143.248
1,2495819,-0.437,-6.443,-7.484,-0.055,-0.071,-0.023,-50.058,-29.874,143.248
1,2495842,-0.440,-6.419,-7.462,0.071,-0.077,-0.020,-50.965,-30.737,142.531
1,2495873,-0.433,-6.141,-7.360,0.094,-0.078,-0.015,-50.512,-30.897,143.072
1,2495875,-0.433,-6.141,-7.360,0.094,-0.078,-0.015,-50.044,-30.634,142.736
1,2495983,-0.528,-6.794,-7.884,0.216,-0.090,-0.009,-50.380,-31.058,142.721
1,2496051,-0.609,-7.907,-9.340,0.411,-0.100,-0.006,-49.971,-30.970,141.538
1,2496142,-0.571,-7.579,-9.138,-0.360,-0.046,-0.035,-49.971,-30.810,141.567
1,2496146,-0.538,-7.473,-8.918,-0.384,-0.045,-0.038,-49.883,-30.327,142.488
1,2496149,-0.538,-7.473,-8.918,-0.384,-0.045,-0.038,-49.883,-30.327,142.488
1,2496171,-0.542,-7.269,-8.583,-0.347,-0.050,-0.035,-49.795,-30.737,142.429
1,2496175,-0.530,-7.177,-8.441,-0.292,-0.054,-0.034,-49.795,-30.737,142.429
1,2496178,-0.530,-7.177,-8.441,-0.292,-0.054,-0.034,-49.795,-30.737,142.429
1,2496202,-0.494,-6.981,-8.088,-0.142,-0.067,-0.028,-50.102,-30.897,142.678
1,2496292,-0.437,-5.870,-7.369,0.038,-0.079,-0.023,-50.278,-30.897,142.692
1,2496501,-0.456,-5.573,-6.733,-0.169,-0.079,-0.027,-50.322,-30.927,141.669
1,2496562,-0.495,-5.984,-6.683,0.149,-0.106,-0.016,-50.395,-31.029,141.538
1,2496652,-0.469,-5.384,-6.622,0.132,-0.104,-0.016,-50.614,-30.751,140.544
1,2496656,-0.458,-5.384,-6.622,-0.066,-0.098,-0.017,-50.614,-30.751,140.544
1,2496865,-0.469,-5.675,-6.867,0.324,-0.123,-0.018,-50.263,-30.649,141.114
1,2496922,-0.604,-6.800,-7.036,0.413,-0.119,-0.020,-50.380,-30.824,140.456
1,2496926,-0.604,-6.865,-7.021,0.413,-0.119,-0.020,-50.380,-30.824,140.456
1,2496929,-0.585,-6.865,-7.021,0.476,-0.119,-0.018,-49.942,-30.298,140.894
1,2496952,-0.650,-6.858,-6.918,0.507,-0.108,-0.024,-49.956,-30.357,140.354
1,2496956,-0.650,-6.858,-6.858,0.507,-0.108,-0.024,-50.058,-29.962,139.959
1,2496958,-0.690,-6.762,-6.858,0.475,-0.105,-0.032,-50.058,-29.962,139.959
1,2497041,-0.712,-6.899,-6.806,0.184,-0.075,-0.055,-50.102,-30.079,139.944
1,2497045,-0.663,-6.849,-6.861,0.247,-0.077,-0.054,-50.102,-30.079,139.944
1,2497072,-0.658,-6.647,-7.094,0.346,-0.082,-0.054,-50.117,-29.962,139.535
1,2497281,-0.340,-6.336,-7.127,0.055,-0.078,-0.059,-50.482,-30.327,139.316
1,2497285,-0.340,-6.336,-7.127,0.055,-0.078,-0.059,-50.161,-30.006,139.594
1,2497288,-0.340,-6.422,-7.164,0.055,-0.078,-0.059,-50.161,-30.006,139.594
1,2497311,-0.351,-6.556,-7.123,0.055,-0.083,-0.055,-50.205,-30.605,139.097
1,2497315,-0.351,-6.556,-7.123,0.055,-0.083,-0.055,-50.205,-30.605,139.097
1,2497319,-0.394,-6.605,-7.029,0.050,-0.082,-0.056,-50.205,-30.605,139.097
1,2497373,-0.383,-6.726,-6.761,-0.050,-0.082,-0.055,-50.424,-30.576,140.032
1,2497462,-0.535,-6.558,-6.294,-0.049,-0.089,-0.054,-50.175,-30.298,139.725
1,2497492,-0.517,-6.446,-6.404,-0.034,-0.089,-0.050,-50.102,-30.649,140.573
1,2497496,-0.508,-6.382,-6.450,-0.016,-0.092,-0.050,-50.102,-30.649,140.573
1,2497500,-0.508,-6.382,-6.450,-0.016,-0.092,-0.050,-50.102,-30.649,140.573
1,2497522,-0.449,-6.160,-6.479,-0.004,-0.089,-0.053,-50.789,-30.547,139.930
1,2497526,-0.450,-6.065,-6.437,-0.010,-0.084,-0.055,-50.789,-30.547,139.930
1,2497529,-0.450,-6.065,-6.437,-0.010,-0.084,-0.055,-50.365,-30.634,141.143
1,2497551,-0.409,-5.925,-6.349,-0.004,-0.089,-0.057,-50.921,-30.649,140.807
1,2497658,-0.402,-5.769,-6.621,0.097,-0.088,-0.054,-50.278,-31.000,141.070
1,2497672,-0.415,-5.725,-6.766,0.143,-0.083,-0.055,-49.883,-30.707,141.084
1,2497676,-0.415,-5.725,-6.766,0.143,-0.083,-0.055,-50.015,-30.137,140.968
1,2497679,-0.419,-5.635,-6.794,0.121,-0.077,-0.056,-50.015,-30.137,140.968
1,2497702,-0.384,-5.513,-6.790,-0.033,-0.070,-0.065,-50.848,-30.780,141.128
1,2497706,-0.384,-5.513,-6.790,-0.033,-0.070,-0.065,-50.848,-30.780,141.128
1,2497812,-0.365,-5.988,-6.785,0.101,-0.068,-0.066,-50.877,-30.576,141.684
1,2497852,-0.294,-6.066,-7.139,0.293,-0.079,-0.056,-51.155,-30.737,141.830
1,2498087,-0.239,-6.341,-7.330,-0.075,-0.073,-0.046,-51.082,-30.766,140.880
1,2498123,-0.254,-6.663,-7.219,0.001,-0.097,-0.031,-50.745,-30.912,141.201
1,2498125,-0.254,-6.663,-7.219,0.001,-0.097,-0.031,-50.745,-30.912,141.201
1,2498129,-0.291,-6.792,-7.302,0.001,-0.109,-0.023,-50.979,-30.970,141.406
1,2498152,-0.286,-6.870,-7.488,0.319,-0.123,-0.016,-50.351,-30.985,141.362
1,2498155,-0.286,-6.870,-7.488,0.319,-0.123,-0.016,-50.760,-30.459,140.734
1,2498159,-0.242,-6.712,-7.585,0.319,-0.127,-0.013,-50.760,-30.459,140.734
1,2498181,-0.268,-6.370,-7.488,0.390,-0.127,-0.012,-50.351,-30.970,140.778
1,2498242,-0.329,-6.720,-7.534,-0.111,-0.115,-0.013,-50.248,-30.810,140.310
1,2498272,-0.366,-6.866,-7.537,0.020,-0.128,-0.010,-50.058,-30.795,141.172
1,2498276,-0.397,-6.824,-7.534,0.020,-0.128,-0.010,-50.058,-30.795,141.172
1,2498302,-0.428,-6.613,-7.547,0.239,-0.143,-0.004,-50.731,-30.737,141.289
1,2498306,-0.425,-6.586,-7.563,0.272,-0.149,-0.002,-50.731,-30.737,141.289
1,2498362,-0.458,-6.944,-7.998,0.403,-0.160,0.004,-50.292,-30.810,140.529
1,2498366,-0.469,-6.885,-8.010,0.428,-0.162,0.002,-50.292,-30.810,140.529
1,2498370,-0.469,-6.885,-8.010,0.428,-0.162,0.002,-50.292,-30.810,140.529
1,2498452,-0.512,-6.960,-7.864,-0.101,-0.128,-0.017,-50.453,-30.181,141.011
1,2498456,-0.522,-6.960,-7.864,-0.060,-0.130,-0.018,-50.453,-30.181,141.011
1,2498458,-0.522,-6.960,-7.864,-0.060,-0.130,-0.018,-50.453,-30.181,141.011
1,2498584,-0.541,-6.565,-7.695,0.127,-0.133,-0.022,-49.722,-30.210,140.383
1,2498632,-0.518,-6.451,-7.675,0.108,-0.125,-0.032,-49.825,-30.035,140.544
1,2498636,-0.518,-6.451,-7.675,0.108,-0.125,-0.032,-49.825,-30.035,140.544
1,2498743,-0.519,-6.631,-7.446,0.071,-0.114,-0.043,-49.708,-30.210,141.172
1,2498812,-0.512,-6.444,-7.405,-0.057,-0.101,-0.054,-49.766,-30.576,140.631
1,2498816,-0.508,-6.481,-7.350,-0.076,-0.099,-0.055,-49.912,-29.699,141.158
1,2498820,-0.508,-6.481,-7.350,-0.076,-0.099,-0.055,-49.912,-29.699,141.158
1,2498841,-0.523,-6.564,-7.314,-0.043,-0.103,-0.054,-49.985,-30.474,141.538
1,2498902,-0.480,-6.063,-7.189,0.076,-0.098,-0.059,-49.766,-30.371,141.669
1,2498992,-0.511,-6.516,-7.314,0.236,-0.110,-0.053,-50.132,-30.415,141.260
1,2498996,-0.511,-6.516,-7.314,0.236,-0.110,-0.053,-50.132,-30.415,141.260
1,2498999,-0.511,-6.209,-7.342,0.236,-0.110,-0.053,-50.132,-30.444,141.728
1,2499330,-0.465,-6.317,-7.141,0.073,-0.101,-0.051,-50.248,-30.386,141.947
1,2499382,-0.453,-6.364,-7.399,0.304,-0.120,-0.038,-49.927,-30.590,140.821
1,2499678,-0.695,-7.476,-8.685,-0.321,-0.101,-0.023,-50.073,-30.810,141.260
1,2499772,-0.652,-6.098,-7.634,-0.043,-0.120,-0.012,-50.029,-30.620,142.093
1,2499776,-0.652,-6.098,-7.634,-0.126,-0.120,-0.012,-50.029,-30.620,142.093
1,2499832,-0.708,-5.898,-7.269,0.072,-0.120,-0.013,-50.322,-30.810,142.312
1,2499862,-0.686,-5.766,-7.168,-0.017,-0.115,-0.018,-50.044,-30.576,142.429
1,2499865,-0.686,-5.766,-7.168,-0.017,-0.115,-0.018,-50.044,-30.576,142.429
1,2499922,-0.692,-5.931,-6.981,-0.009,-0.109,-0.026,-49.708,-30.678,142.444
1,2499953,-0.662,-5.938,-6.981,0.150,-0.110,-0.023,-49.649,-30.357,142.312
1,2499956,-0.662,-5.938,-6.981,0.150,-0.110,-0.023,-49.562,-29.714,142.502
1,2499959,-0.636,-5.883,-6.964,0.187,-0.109,-0.023,-49.562,-29.714,142.502
1,2500187,-0.488,-5.901,-6.906,0.112,-0.087,-0.044,-50.336,-30.693,142.034
1,2500222,-0.523,-6.325,-7.183,0.186,-0.087,-0.045,-50.161,-30.707,141.538
1,2500283,-0.467,-5.895,-6.863,0.006,-0.071,-0.057,-50.132,-30.532,141.786
1,2500342,-0.425,-6.645,-7.094,0.142,-0.087,-0.050,-49.854,-30.883,141.859
1,2500346,-0.425,-6.645,-7.094,0.142,-0.087,-0.050,-49.854,-30.298,141.830
1,2500350,-0.450,-6.713,-7.152,0.243,-0.090,-0.050,-49.532,-30.298,141.830
1,2500372,-0.450,-6.504,-7.158,0.407,-0.095,-0.049,-49.664,-30.517,141.289
1,2500478,-0.573,-7.455,-6.742,0.358,-0.099,-0.054,-49.898,-30.649,141.070
1,2500522,-0.554,-6.998,-6.464,0.470,-0.103,-0.062,-50.307,-30.605,140.222
1,2500551,-0.567,-6.970,-6.455,0.309,-0.101,-0.070,-50.395,-30.064,139.535
1,2500555,-0.517,-7.042,-6.538,0.304,-0.101,-0.067,-50.438,-29.757,139.506
1,2500559,-0.517,-7.042,-6.538,0.304,-0.101,-0.067,-50.438,-29.757,139.506
1,2500582,-0.580,-7.022,-6.659,0.367,-0.103,-0.072,-50.658,-30.094,138.308
1,2500612,-0.575,-6.614,-6.754,0.439,-0.106,-0.072,-50.512,-30.152,138.366
1,2500616,-0.575,-6.498,-6.786,0.418,-0.103,-0.076,-50.570,-29.947,138.220
1,2500672,-0.625,-6.395,-6.855,0.296,-0.088,-0.089,-50.599,-30.123,137.869
1,2500676,-0.625,-6.395,-6.855,0.296,-0.088,-0.089,-50.599,-30.123,137.869
1,2500762,-0.689,-6.479,-6.839,0.215,-0.071,-0.098,-50.848,-29.933,137.065
1,2500822,-0.646,-6.690,-6.954,0.247,-0.068,-0.098,-51.082,-29.553,136.744
1,2500826,-0.646,-6.690,-6.954,0.247,-0.068,-0.098,-50.892,-29.363,136.744
1,2500830,-0.632,-6.794,-6.987,0.219,-0.068,-0.100,-50.892,-29.363,136.744
1,2500851,-0.572,-6.788,-6.970,0.169,-0.067,-0.104,-50.950,-29.728,136.422
1,2500882,-0.445,-6.723,-6.804,0.028,-0.055,-0.103,-51.111,-29.743,136.641
1,2500886,-0.445,-6.723,-6.804,0.028,-0.055,-0.103,-51.067,-29.231,136.773
1,2500889,-0.444,-6.770,-6.749,-0.038,-0.055,-0.103,-51.067,-29.231,136.773
1,2500913,-0.378,-6.985,-6.708,-0.137,-0.051,-0.105,-51.023,-29.597,136.714
1,2500942,-0.333,-6.964,-6.430,-0.139,-0.045,-0.106,-51.257,-29.611,137.094
1,2500946,-0.290,-6.893,-6.340,-0.112,-0.050,-0.103,-51.257,-29.611,137.182
1,2500950,-0.290,-6.893,-6.340,-0.112,-0.050,-0.103,-51.155,-29.290,137.182
1,2500971,-0.250,-6.884,-6.281,-0.048,-0.061,-0.097,-51.608,-30.371,137.474
1,2501002,-0.221,-6.988,-6.358,0.049,-0.070,-0.089,-50.965,-29.787,137.343
1,2501006,-0.223,-6.952,-6.352,0.083,-0.071,-0.087,-50.965,-29.787,137.343
1,2501009,-0.223,-6.952,-6.352,0.083,-0.071,-0.087,-51.111,-29.319,137.065
1,2501032,-0.207,-6.769,-6.401,0.123,-0.078,-0.083,-51.184,-29.275,137.635
1,2501036,-0.197,-6.648,-6.424,0.111,-0.081,-0.081,-51.111,-29.275,137.635
1,2501039,-0.197,-6.648,-6.424,0.111,-0.081,-0.081,-51.111,-29.275,137.635
1,2501062,-0.200,-6.449,-6.352,0.010,-0.075,-0.079,-51.169,-29.363,137.211
1,2501065,-0.202,-6.366,-6.300,-0.075,-0.072,-0.081,-51.169,-29.363,137.211
1,2501069,-0.202,-6.366,-6.300,-0.075,-0.072,-0.081,-50.862,-29.480,136.597
1,2501123,-0.251,-6.403,-6.020,-0.393,-0.067,-0.075,-50.848,-30.210,137.942
1,2501125,-0.251,-6.403,-6.020,-0.393,-0.067,-0.075,-50.848,-30.210,137.942
1,2501129,-0.251,-6.403,-6.020,-0.393,-0.067,-0.075,-50.848,-30.210,137.942
1,2501152,-0.261,-6.264,-5.903,-0.287,-0.082,-0.066,-51.008,-30.561,138.191
1,2501156,-0.261,-6.264,-5.903,-0.287,-0.082,-0.066,-50.745,-30.152,139.024
1,2501159,-0.261,-6.264,-5.903,-0.287,-0.082,-0.066,-50.745,-30.152,139.024
1,2501181,-0.232,-5.932,-5.890,-0.153,-0.095,-0.057,-50.614,-30.371,139.930
1,2501185,-0.232,-5.932,-5.890,-0.153,-0.095,-0.057,-50.614,-30.371,139.930
1,2501212,-0.213,-5.636,-5.835,-0.097,-0.108,-0.053,-50.994,-30.547,139.638
1,2501216,-0.213,-5.636,-5.835,-0.097,-0.108,-0.053,-50.614,-30.620,139.915
1,2501219,-0.246,-5.688,-5.952,-0.097,-0.115,-0.045,-50.614,-30.620,139.915
1,2501242,-0.278,-5.898,-6.170,0.086,-0.121,-0.038,-50.775,-30.634,140.208
1,2501272,-0.304,-5.728,-6.444,0.216,-0.131,-0.034,-50.994,-31.087,139.769
1,2501276,-0.304,-5.728,-6.444,0.216,-0.131,-0.034,-50.994,-31.087,139.769
1,2501280,-0.324,-5.649,-6.491,0.184,-0.127,-0.033,-50.322,-31.073,139.828
1,2501301,-0.370,-5.560,-6.540,0.021,-0.114,-0.037,-50.965,-30.444,140.602
1,2501305,-0.370,-5.560,-6.540,0.021,-0.114,-0.037,-50.965,-30.444,140.602
1,2501309,-0.348,-5.560,-6.542,-0.100,-0.108,-0.039,-50.965,-30.444,140.602
1,2501332,-0.382,-5.736,-6.541,-0.356,-0.090,-0.042,-50.950,-30.780,140.763
1,2501362,-0.386,-6.189,-6.562,-0.495,-0.087,-0.046,-50.994,-31.000,141.538
1,2501366,-0.329,-6.246,-6.653,-0.495,-0.087,-0.046,-51.330,-30.795,141.538
1,2501392,-0.380,-6.282,-6.597,-0.286,-0.092,-0.042,-51.462,-31.117,141.099
1,2501396,-0.354,-6.139,-6.500,-0.192,-0.095,-0.040,-51.462,-31.117,141.099
1,2501400,-0.354,-6.139,-6.500,-0.192,-0.095,-0.040,-50.935,-30.780,142.312
1,2501421,-0.367,-5.849,-6.455,-0.065,-0.104,-0.035,-51.155,-31.219,142.283
1,2501425,-0.336,-5.712,-6.425,-0.051,-0.109,-0.032,-50.702,-30.722,142.604
1,2501428,-0.336,-5.712,-6.425,-0.051,-0.109,-0.032,-50.702,-30.722,142.604
1,2501452,-0.343,-5.707,-6.430,-0.098,-0.105,-0.032,-50.585,-31.058,142.078
1,2501456,-0.300,-5.755,-6.477,-0.133,-0.101,-0.034,-50.585,-31.058,142.078
1,2501458,-0.300,-5.755,-6.477,-0.133,-0.101,-0.034,-50.585,-31.058,142.078
1,2501482,-0.345,-5.852,-6.566,-0.149,-0.103,-0.034,-50.818,-31.029,142.473
1,2501486,-0.380,-5.931,-6.609,-0.121,-0.101,-0.032,-51.096,-30.503,143.160
1,2501490,-0.380,-5.931,-6.609,-0.121,-0.101,-0.032,-51.096,-30.503,143.160
1,2501511,-0.370,-5.928,-6.634,-0.031,-0.103,-0.031,-50.789,-31.234,142.604
1,2501618,-0.408,-6.479,-7.474,0.389,-0.116,-0.026,-50.833,-30.883,142.458
1,2501632,-0.386,-6.473,-7.601,0.428,-0.119,-0.022,-50.935,-31.277,142.458
1,2501722,-0.276,-6.912,-8.079,0.247,-0.104,-0.023,-50.862,-30.605,141.654
1,2501726,-0.276,-6.912,-8.079,0.247,-0.104,-0.023,-50.862,-30.605,141.654
1,2501752,-0.292,-7.169,-8.240,0.299,-0.105,-0.016,-51.111,-30.444,140.500
1,2501755,-0.292,-7.169,-8.240,0.299,-0.105,-0.016,-50.570,-29.830,140.851
1,2501988,-0.425,-7.340,-7.986,-0.094,-0.125,0.007,-50.789,-30.254,139.988
1,2501993,-0.458,-7.292,-7.912,-0.049,-0.125,0.011,-50.789,-30.254,139.988
1,2501996,-0.458,-7.292,-7.912,-0.049,-0.125,0.011,-50.789,-30.254,139.988
1,2502206,-0.707,-6.502,-7.218,0.056,-0.109,0.001,-49.678,-29.845,140.968
1,2502233,-0.708,-6.474,-7.153,-0.043,-0.094,-0.009,-49.883,-30.137,141.406
1,2502237,-0.688,-6.526,-7.129,-0.043,-0.094,-0.011,-49.883,-30.137,141.406
1,2502240,-0.688,-6.526,-7.129,-0.059,-0.094,-0.011,-49.883,-30.137,141.406
1,2502261,-0.713,-6.705,-7.175,-0.021,-0.089,-0.015,-50.029,-30.357,141.508
1,2502369,-0.560,-6.348,-7.341,0.134,-0.067,-0.040,-50.146,-29.889,140.719
1,2502412,-0.514,-6.657,-7.277,-0.103,-0.051,-0.051,-49.854,-30.254,140.573
1,2502416,-0.514,-6.657,-7.277,-0.082,-0.053,-0.051,-49.985,-29.699,140.646
1,2502419,-0.514,-6.657,-7.277,-0.082,-0.053,-0.051,-49.985,-29.699,140.646
1,2502441,-0.499,-6.650,-7.289,0.045,-0.061,-0.050,-50.278,-30.400,140.821
1,2502445,-0.499,-6.650,-7.289,0.116,-0.057,-0.048,-50.278,-30.400,140.821
1,2502472,-0.459,-6.385,-7.274,0.202,-0.065,-0.048,-50.088,-30.342,140.880
1,2502476,-0.459,-6.385,-7.274,0.202,-0.065,-0.048,-50.088,-30.342,140.880
1,2502480,-0.459,-6.385,-7.274,0.202,-0.065,-0.048,-49.927,-30.050,141.158
1,2502501,-0.430,-6.357,-7.268,0.136,-0.061,-0.048,-50.482,-30.357,141.070
1,2502635,-0.468,-6.433,-7.168,0.238,-0.086,-0.024,-50.102,-29.670,141.011
1,2502712,-0.501,-6.329,-7.226,-0.072,-0.082,-0.026,-50.541,-30.079,140.324
1,2502716,-0.489,-6.419,-7.214,-0.098,-0.079,-0.027,-50.541,-30.079,140.324
1,2502719,-0.489,-6.419,-7.214,-0.098,-0.079,-0.027,-50.541,-30.079,140.324
1,2502802,-0.650,-7.306,-7.853,0.264,-0.121,0.001,-50.585,-30.196,140.704
1,2502806,-0.672,-7.513,-8.120,0.367,-0.130,0.005,-50.585,-30.196,140.704
1,2502810,-0.672,-7.513,-8.120,0.367,-0.130,0.005,-50.161,-29.728,140.558
1,2502833,-0.689,-8.112,-9.008,0.534,-0.140,0.013,-50.877,-29.450,140.134
1,2502862,-0.769,-8.839,-9.784,0.564,-0.147,0.016,-50.658,-29.684,139.988
1,2502892,-0.812,-8.026,-9.805,0.378,-0.123,-0.006,-50.526,-29.626,139.126
1,2502896,-0.812,-8.026,-9.805,0.378,-0.123,-0.006,-50.424,-28.939,139.828
1,2502982,-0.690,-6.998,-7.759,-0.678,-0.068,-0.031,-50.219,-30.415,141.815
1,2503012,-0.681,-6.810,-7.510,-0.184,-0.104,-0.015,-50.818,-30.284,141.786
1,2503042,-0.677,-6.809,-7.574,0.325,-0.131,-0.009,-50.731,-30.196,141.771
1,2503175,-0.622,-6.036,-6.520,-0.249,-0.081,-0.042,-50.438,-30.327,142.546
1,2503192,-0.607,-6.060,-6.574,-0.005,-0.095,-0.034,-51.315,-30.357,142.473
1,2503196,-0.611,-6.096,-6.629,0.132,-0.104,-0.033,-51.315,-30.357,142.473
1,2503200,-0.611,-6.096,-6.629,0.132,-0.104,-0.033,-50.672,-30.225,142.561
1,2503222,-0.581,-6.145,-6.656,0.392,-0.112,-0.031,-50.614,-30.517,141.961
1,2503226,-0.569,-6.086,-6.690,0.500,-0.121,-0.027,-51.067,-29.655,141.932
1,2503230,-0.569,-6.086,-6.690,0.500,-0.121,-0.027,-51.067,-29.655,141.932
1,2503251,-0.546,-5.848,-6.895,0.562,-0.127,-0.028,-50.921,-29.728,141.216
1,2503255,-0.574,-5.762,-6.933,0.503,-0.121,-0.032,-50.921,-29.728,141.216
1,2503259,-0.574,-5.762,-6.933,0.503,-0.121,-0.032,-50.921,-29.728,141.216
1,2503283,-0.536,-5.460,-6.711,0.265,-0.100,-0.043,-51.008,-29.553,141.684
1,2503312,-0.511,-5.957,-6.715,-0.260,-0.077,-0.051,-50.599,-29.933,142.078
1,2503373,-0.528,-6.385,-6.860,0.348,-0.110,-0.038,-50.833,-30.020,141.961
1,2503432,-0.482,-6.157,-7.144,0.325,-0.109,-0.044,-50.643,-29.991,140.997
1,2503436,-0.482,-6.157,-7.144,0.325,-0.109,-0.044,-50.643,-29.991,140.997
1,2503522,-0.471,-6.333,-6.865,-0.048,-0.084,-0.062,-50.979,-30.707,140.792
1,2503582,-0.415,-6.536,-6.770,0.312,-0.103,-0.061,-50.512,-30.094,141.084
1,2503585,-0.406,-6.543,-6.754,0.312,-0.103,-0.061,-50.512,-30.094,141.084
1,2503589,-0.406,-6.543,-6.754,0.403,-0.106,-0.061,-50.512,-30.094,141.084
1,2503642,-0.464,-6.556,-6.669,0.704,-0.114,-0.060,-50.541,-29.217,139.506
1,2503645,-0.425,-6.407,-6.586,0.671,-0.112,-0.062,-50.541,-29.217,139.506
1,2503649,-0.425,-6.407,-6.586,0.671,-0.112,-0.062,-50.541,-29.217,139.506
1,2503703,-0.487,-6.351,-5.919,-0.011,-0.071,-0.083,-50.468,-29.450,139.301
1,2503706,-0.491,-6.629,-5.943,-0.090,-0.068,-0.083,-50.468,-29.450,139.301
1,2503709,-0.491,-6.629,-5.943,-0.090,-0.068,-0.083,-50.468,-29.450,139.301
1,2503731,-0.549,-7.067,-5.955,-0.043,-0.067,-0.083,-50.921,-29.714,138.702
1,2503735,-0.544,-7.105,-6.004,0.065,-0.072,-0.087,-50.921,-29.714,138.702
1,2503739,-0.544,-7.105,-6.004,0.065,-0.072,-0.087,-50.205,-29.947,139.170
1,2503865,-0.574,-6.284,-6.964,0.167,-0.073,-0.088,-50.950,-29.217,137.533
1,2503942,-0.497,-6.451,-6.920,0.254,-0.077,-0.082,-50.687,-29.363,137.241
1,2504002,-0.334,-6.168,-6.480,-0.075,-0.064,-0.083,-50.775,-29.304,137.796
1,2504006,-0.291,-6.141,-6.364,-0.075,-0.064,-0.083,-50.775,-29.304,137.796
1,2504009,-0.291,-6.141,-6.364,-0.136,-0.062,-0.084,-50.526,-29.260,137.840
1,2504032,-0.285,-6.190,-6.233,-0.220,-0.062,-0.083,-50.950,-29.319,137.811
1,2504063,-0.310,-6.383,-6.134,-0.249,-0.061,-0.077,-51.111,-29.436,138.863
1,2504066,-0.347,-6.414,-6.166,-0.228,-0.065,-0.075,-51.111,-29.436,138.863
1,2504173,-0.194,-5.756,-5.916,-0.265,-0.078,-0.060,-51.082,-30.561,140.617
1,2504212,-0.221,-5.637,-5.944,-0.115,-0.092,-0.048,-50.848,-30.780,140.368
1,2504301,-0.364,-5.868,-6.312,-0.175,-0.094,-0.037,-51.710,-30.210,140.968
1,2504333,-0.376,-5.531,-6.262,-0.140,-0.089,-0.037,-51.330,-30.488,140.909
1,2504392,-0.413,-6.057,-6.522,-0.211,-0.089,-0.034,-51.608,-30.517,142.561
1,2504395,-0.413,-6.057,-6.522,-0.211,-0.089,-0.034,-51.608,-30.517,142.561
1,2504399,-0.428,-6.034,-6.507,-0.150,-0.088,-0.035,-51.608,-30.517,142.561
1,2504452,-0.447,-6.038,-6.812,0.016,-0.099,-0.028,-51.257,-30.839,142.853
1,2504542,-0.474,-6.535,-7.888,0.419,-0.109,-0.022,-51.008,-30.342,141.728
1,2504573,-0.395,-6.121,-7.667,0.178,-0.090,-0.032,-50.716,-30.254,142.122
1,2504632,-0.352,-6.672,-7.962,0.343,-0.108,-0.013,-50.906,-30.576,141.918
1,2504692,-0.386,-7.172,-8.256,0.160,-0.105,-0.009,-50.994,-30.254,141.114
1,2504696,-0.386,-7.172,-8.256,0.160,-0.105,-0.009,-50.628,-30.459,141.581
1,2504700,-0.386,-7.172,-8.256,0.160,-0.105,-0.009,-50.628,-30.459,141.581
1,2504722,-0.400,-6.958,-8.195,0.319,-0.119,-0.001,-50.643,-30.050,140.675
1,2504855,-0.514,-7.165,-8.099,0.188,-0.134,0.021,-50.219,-29.933,140.222
1,2504933,-0.614,-6.638,-7.764,-0.059,-0.125,0.012,-50.000,-30.240,141.026
1,2504936,-0.635,-6.762,-7.736,-0.131,-0.119,0.010,-50.000,-30.240,141.026
1,2504940,-0.635,-6.762,-7.736,-0.131,-0.119,0.010,-49.810,-29.757,141.099
1,2504961,-0.687,-6.989,-7.694,-0.136,-0.117,0.009,-50.161,-30.050,141.304
1,2504965,-0.701,-6.973,-7.693,-0.078,-0.120,0.006,-49.839,-29.904,141.318
1,2504969,-0.701,-6.973,-7.693,-0.078,-0.120,0.006,-49.839,-29.904,141.318
1,2505125,-0.774,-6.796,-7.695,0.028,-0.089,-0.022,-49.942,-30.006,139.974
1,2505246,-0.626,-6.481,-7.322,0.160,-0.071,-0.044,-50.395,-29.860,140.266
1,2505292,-0.547,-6.464,-7.290,0.073,-0.068,-0.046,-50.643,-29.962,140.295
1,2505296,-0.547,-6.464,-7.290,0.073,-0.068,-0.046,-49.883,-29.421,140.602
1,2505299,-0.529,-6.510,-7.278,0.054,-0.065,-0.046,-49.883,-29.421,140.602
1,2505322,-0.537,-6.554,-7.211,0.048,-0.067,-0.050,-49.912,-29.787,140.719
1,2505325,-0.537,-6.554,-7.211,0.048,-0.067,-0.050,-49.912,-29.787,140.719
1,2505352,-0.517,-6.476,-7.192,0.090,-0.072,-0.046,-50.248,-29.728,140.091
1,2505458,-0.479,-6.353,-6.982,0.031,-0.088,-0.031,-49.839,-29.714,140.456
1,2505502,-0.499,-6.226,-6.931,0.046,-0.095,-0.031,-50.175,-29.830,141.479
1,2505506,-0.499,-6.226,-6.931,0.045,-0.097,-0.028,-50.175,-29.830,141.479
1,2505509,-0.499,-6.226,-6.931,0.045,-0.097,-0.028,-50.175,-29.830,141.479
1,2505635,-0.658,-6.644,-7.262,0.032,-0.112,-0.018,-49.591,-30.079,141.625
1,2505682,-0.664,-6.173,-7.225,0.044,-0.111,-0.023,-49.518,-29.918,141.201
1,2505686,-0.664,-6.173,-7.225,0.044,-0.111,-0.023,-49.576,-29.670,141.128
1,2505712,-0.706,-6.437,-7.237,-0.115,-0.103,-0.028,-49.956,-30.064,141.859
1,2505716,-0.706,-6.437,-7.237,-0.115,-0.103,-0.028,-49.956,-30.064,141.859
1,2505743,-0.709,-6.776,-7.365,0.000,-0.109,-0.026,-49.722,-30.240,141.245
1,2505772,-0.747,-6.677,-7.478,0.208,-0.117,-0.024,-49.722,-30.488,141.099
1,2505775,-0.747,-6.677,-7.478,0.208,-0.117,-0.024,-49.722,-30.488,141.099
1,2505833,-0.763,-7.134,-7.972,0.067,-0.110,-0.031,-49.708,-30.094,141.976
1,2505836,-0.798,-7.456,-8.192,0.090,-0.112,-0.028,-50.058,-30.094,141.976
1,2505892,-0.859,-8.026,-9.446,0.657,-0.134,-0.023,-49.825,-29.772,140.558
1,2505896,-0.794,-7.718,-9.470,0.617,-0.128,-0.028,-49.912,-29.187,141.406
1,2505900,-0.794,-7.718,-9.470,0.617,-0.128,-0.028,-49.912,-29.187,141.406
1,2505921,-0.749,-7.298,-9.216,0.241,-0.092,-0.042,-50.497,-29.582,141.041
1,2505925,-0.743,-7.242,-9.072,0.004,-0.086,-0.050,-50.497,-29.582,141.041
1,2505929,-0.743,-7.242,-9.072,0.004,-0.086,-0.050,-50.497,-29.582,141.041
1,2505952,-0.747,-7.535,-8.802,-0.378,-0.064,-0.060,-49.708,-29.450,141.245
1,2506263,-0.444,-5.984,-6.939,0.187,-0.105,-0.048,-50.161,-30.254,141.684
1,2506384,-0.520,-6.301,-7.110,0.335,-0.125,-0.035,-50.497,-30.854,142.224
1,2506462,-0.486,-5.704,-6.699,-0.121,-0.100,-0.049,-50.409,-30.751,141.289
1,2506466,-0.486,-5.704,-6.699,-0.121,-0.100,-0.049,-50.409,-30.751,141.289
1,2506573,-0.476,-6.037,-6.810,0.193,-0.120,-0.043,-50.015,-30.576,141.961
1,2506612,-0.530,-6.392,-6.626,-0.103,-0.093,-0.057,-50.219,-30.970,141.318
1,2506616,-0.530,-6.392,-6.626,-0.103,-0.093,-0.057,-50.219,-30.970,141.318
1,2506703,-0.475,-5.888,-6.504,0.356,-0.121,-0.046,-50.175,-31.029,141.976
1,2506706,-0.452,-5.874,-6.602,0.382,-0.120,-0.045,-50.175,-31.029,141.976
1,2506709,-0.452,-5.874,-6.602,0.382,-0.120,-0.045,-50.175,-31.029,141.976
1,2506834,-0.644,-5.833,-7.330,0.781,-0.120,-0.054,-50.292,-29.991,138.293
1,2506852,-0.633,-5.524,-7.278,0.578,-0.104,-0.060,-50.175,-30.094,137.635
1,2506882,-0.626,-5.874,-7.394,0.024,-0.071,-0.075,-50.278,-30.094,138.147
1,2506913,-0.677,-6.462,-7.336,-0.193,-0.053,-0.088,-49.854,-30.357,138.965
1,2506916,-0.677,-6.462,-7.336,-0.193,-0.053,-0.088,-49.854,-30.357,138.965
1,2506919,-0.677,-6.462,-7.336,-0.193,-0.053,-0.088,-49.854,-30.357,138.965
1,2506942,-0.689,-6.336,-7.172,-0.104,-0.046,-0.089,-50.672,-29.918,138.965
1,2507002,-0.652,-6.739,-6.854,0.077,-0.057,-0.086,-50.702,-30.517,138.761
1,2507032,-0.553,-6.396,-6.601,0.110,-0.057,-0.086,-51.052,-30.664,138.994
1,2507036,-0.553,-6.396,-6.601,0.110,-0.057,-0.086,-51.169,-30.284,139.316
1,2507039,-0.524,-6.428,-6.554,0.050,-0.055,-0.086,-51.169,-30.284,139.316
1,2507165,-0.353,-6.833,-6.974,0.095,-0.075,-0.075,-50.833,-30.532,138.804
1,2507182,-0.359,-6.751,-7.013,0.155,-0.077,-0.072,-51.052,-30.123,139.652
1,2507186,-0.373,-6.645,-7.006,0.198,-0.083,-0.068,-51.052,-30.123,139.652
1,2507212,-0.364,-6.525,-7.046,0.263,-0.089,-0.059,-50.804,-30.240,139.214
1,2507215,-0.354,-6.463,-7.068,0.272,-0.093,-0.056,-50.804,-30.240,139.214
1,2507375,-0.622,-6.720,-6.733,0.235,-0.101,-0.034,-51.315,-30.094,139.097
1,2507392,-0.641,-6.779,-6.622,0.133,-0.095,-0.037,-50.862,-29.889,138.337
1,2507395,-0.641,-6.779,-6.622,0.133,-0.095,-0.037,-50.862,-29.889,138.337
1,2507422,-0.682,-6.792,-6.462,-0.005,-0.086,-0.039,-50.935,-30.035,138.614
1,2507426,-0.682,-6.792,-6.462,-0.005,-0.086,-0.039,-50.760,-29.845,138.790
1,2507429,-0.657,-6.788,-6.465,-0.045,-0.082,-0.038,-50.760,-29.845,138.790
1,2507452,-0.634,-6.741,-6.424,-0.110,-0.081,-0.042,-50.453,-29.962,138.556
1,2507512,-0.528,-6.030,-5.975,-0.292,-0.070,-0.048,-50.760,-30.400,139.535
1,2507516,-0.528,-6.030,-5.975,-0.292,-0.070,-0.048,-50.760,-30.400,139.535
1,2507519,-0.495,-6.002,-5.983,-0.277,-0.068,-0.045,-50.760,-30.400,139.535
1,2507541,-0.471,-5.925,-5.967,-0.165,-0.076,-0.038,-50.672,-30.459,140.018
1,2507572,-0.455,-5.864,-6.044,0.099,-0.094,-0.028,-50.950,-30.474,140.237
1,2507576,-0.471,-5.786,-6.030,0.177,-0.093,-0.024,-50.950,-30.474,140.237
1,2507580,-0.471,-5.786,-6.030,0.177,-0.093,-0.024,-50.950,-30.474,140.237
1,2507601,-0.510,-5.611,-6.068,0.277,-0.100,-0.022,-50.424,-30.459,139.886
1,2507605,-0.428,-5.472,-6.110,0.280,-0.106,-0.020,-50.424,-30.459,139.886
1,2507609,-0.428,-5.472,-6.110,0.280,-0.106,-0.020,-50.029,-30.035,139.638
1,2507631,-0.428,-5.377,-6.154,0.164,-0.094,-0.021,-50.760,-30.137,139.521
1,2507635,-0.428,-5.380,-6.154,0.078,-0.089,-0.021,-50.409,-29.889,139.564
1,2507663,-0.419,-5.527,-6.176,-0.114,-0.082,-0.022,-50.409,-30.912,139.667
1,2507666,-0.447,-5.665,-6.208,-0.184,-0.077,-0.023,-50.409,-30.912,139.667
1,2507773,-0.428,-5.783,-6.392,-0.187,-0.082,-0.016,-50.512,-31.029,141.318
1,2507782,-0.420,-5.834,-6.519,-0.097,-0.090,-0.013,-50.526,-30.693,141.348
1,2507786,-0.420,-5.834,-6.519,-0.097,-0.090,-0.013,-50.526,-30.693,141.348
1,2507812,-0.462,-5.949,-6.877,0.131,-0.095,-0.005,-50.716,-30.474,141.114
1,2507816,-0.462,-5.949,-6.877,0.131,-0.095,-0.005,-50.716,-30.474,141.114
1,2507819,-0.462,-6.092,-7.022,0.131,-0.095,-0.005,-49.927,-30.664,141.231
1,2507841,-0.470,-6.418,-7.332,0.241,-0.103,-0.004,-50.424,-30.766,141.026
1,2507975,-0.510,-6.967,-7.704,-0.049,-0.075,-0.021,-51.008,-30.605,140.909
1,2507992,-0.473,-6.589,-7.608,0.123,-0.086,-0.018,-50.643,-30.488,141.274
1,2507996,-0.457,-6.470,-7.543,0.123,-0.086,-0.020,-50.643,-30.488,141.274
1,2508000,-0.457,-6.470,-7.543,0.133,-0.083,-0.020,-50.643,-30.488,141.274
1,2508227,-0.524,-6.798,-7.607,0.224,-0.132,0.006,-50.234,-30.342,140.251
1,2508232,-0.541,-6.858,-7.653,0.205,-0.138,0.010,-50.234,-30.342,140.251
1,2508261,-0.529,-6.975,-7.779,0.232,-0.145,0.016,-50.351,-30.371,140.032
1,2508265,-0.529,-6.975,-7.779,0.232,-0.145,0.016,-50.351,-30.371,140.032
1,2508322,-0.635,-7.052,-7.771,0.056,-0.147,0.018,-50.015,-30.371,140.500
1,2508326,-0.635,-7.052,-7.771,0.056,-0.147,0.018,-50.015,-30.371,140.500
1,2508382,-0.802,-7.098,-7.919,0.263,-0.155,0.021,-50.175,-30.123,139.579
1,2508489,-0.826,-7.023,-7.774,0.050,-0.121,-0.007,-49.839,-30.020,140.997
1,2508605,-0.742,-6.430,-7.528,0.044,-0.078,-0.046,-49.518,-29.830,140.105
1,2508622,-0.736,-6.516,-7.531,-0.039,-0.068,-0.054,-49.474,-29.874,140.281
1,2508651,-0.700,-6.680,-7.448,0.016,-0.057,-0.057,-49.927,-29.334,140.398
1,2508655,-0.700,-6.680,-7.448,0.016,-0.057,-0.057,-49.927,-29.334,140.398
1,2508659,-0.700,-6.680,-7.448,0.016,-0.057,-0.057,-49.927,-29.334,140.398
1,2508887,-0.404,-6.493,-7.251,0.148,-0.070,-0.057,-49.942,-29.728,139.798
1,2509158,-0.782,-7.368,-8.175,-0.045,-0.105,-0.026,-49.737,-29.772,141.464
1,2509252,-0.684,-6.349,-7.317,-0.171,-0.101,-0.026,-49.693,-30.371,141.070
1,2509312,-0.733,-6.154,-7.122,-0.024,-0.105,-0.031,-50.175,-30.181,141.538
1,2509341,-0.678,-6.298,-7.169,0.139,-0.114,-0.023,-50.044,-30.488,141.435
1,2509783,-0.520,-6.139,-6.109,0.441,-0.100,-0.046,-49.883,-30.649,140.997
1,2509852,-0.718,-6.614,-6.494,0.332,-0.084,-0.060,-49.825,-30.167,139.184
1,2509856,-0.817,-6.823,-6.568,0.343,-0.081,-0.064,-49.825,-30.167,139.184
1,2509942,-0.605,-6.412,-7.003,0.110,-0.057,-0.090,-49.839,-29.699,138.571
1,2510151,-0.213,-6.833,-6.866,0.027,-0.064,-0.086,-51.008,-30.386,137.942
1,2510154,-0.213,-6.833,-6.866,0.027,-0.064,-0.086,-51.008,-29.553,138.351
1,2510158,-0.224,-6.833,-6.889,0.132,-0.071,-0.082,-50.716,-29.553,138.351
1,2510181,-0.231,-6.536,-6.902,0.268,-0.083,-0.077,-50.760,-29.845,137.372
1,2510185,-0.231,-6.536,-6.902,0.268,-0.083,-0.077,-50.760,-29.845,137.372
1,2510189,-0.223,-6.428,-6.878,0.255,-0.082,-0.075,-50.760,-29.845,137.372
1,2510314,-0.519,-6.951,-6.605,-0.086,-0.094,-0.055,-51.359,-30.181,138.878
1,2510392,-0.559,-6.336,-6.422,-0.027,-0.105,-0.042,-50.760,-30.079,138.351
1,2510396,-0.559,-6.336,-6.422,-0.027,-0.105,-0.042,-50.760,-30.079,138.351
1,2510399,-0.559,-6.336,-6.422,-0.027,-0.105,-0.042,-50.409,-29.655,138.381
1,2510421,-0.506,-6.542,-6.617,-0.017,-0.109,-0.040,-50.702,-29.450,139.258
1,2510452,-0.418,-6.135,-6.495,0.070,-0.111,-0.039,-50.731,-30.123,139.331
1,2510482,-0.357,-5.795,-6.329,-0.121,-0.104,-0.044,-50.526,-30.064,139.009
1,2510486,-0.357,-5.795,-6.329,-0.121,-0.104,-0.044,-50.862,-29.947,139.448
1,2510541,-0.345,-6.057,-6.315,-0.257,-0.104,-0.044,-51.184,-30.547,140.091
1,2510545,-0.345,-6.057,-6.315,-0.257,-0.104,-0.044,-51.184,-29.933,140.383
1,2510549,-0.339,-6.141,-6.311,-0.172,-0.104,-0.043,-50.643,-29.933,140.383
1,2510571,-0.379,-6.171,-6.508,0.023,-0.119,-0.039,-50.731,-30.035,140.324
1,2510807,-0.325,-5.342,-6.188,0.018,-0.125,-0.028,-50.687,-30.868,141.976
1,2510812,-0.337,-5.509,-6.291,0.018,-0.125,-0.024,-50.687,-30.868,141.976
1,2510816,-0.337,-5.509,-6.291,0.027,-0.128,-0.024,-50.132,-30.430,142.415
1,2510819,-0.337,-5.509,-6.291,0.027,-0.128,-0.024,-50.132,-30.430,142.415
1,2510945,-0.403,-6.851,-7.832,0.194,-0.154,-0.009,-49.942,-30.620,141.728
1,2511198,-0.638,-7.178,-8.207,0.369,-0.151,-0.010,-49.898,-30.006,141.435
1,2511262,-0.759,-6.686,-8.319,0.392,-0.134,-0.023,-49.664,-30.050,139.901
1,2511266,-0.759,-6.686,-8.319,0.392,-0.134,-0.023,-49.664,-30.050,139.901
1,2511373,-0.753,-7.128,-8.149,0.180,-0.109,-0.053,-49.035,-30.459,140.880
1,2511382,-0.761,-7.105,-8.114,0.161,-0.106,-0.055,-49.182,-30.488,140.704
1,2511472,-0.602,-6.884,-7.740,-0.062,-0.076,-0.088,-49.635,-29.933,140.851
1,2511562,-0.477,-6.555,-7.251,0.188,-0.087,-0.088,-49.971,-30.313,141.216
1,2511566,-0.477,-6.397,-7.182,0.220,-0.089,-0.087,-49.971,-30.313,141.216
1,2511569,-0.477,-6.397,-7.182,0.220,-0.089,-0.087,-49.971,-30.313,141.216
1,2511622,-0.378,-5.977,-6.810,-0.056,-0.076,-0.089,-50.044,-30.298,140.427
1,2511625,-0.409,-6.165,-6.785,-0.111,-0.075,-0.089,-49.956,-29.845,141.114
1,2511629,-0.409,-6.165,-6.785,-0.111,-0.075,-0.089,-49.956,-29.845,141.114
1,2511651,-0.410,-6.555,-6.873,-0.066,-0.082,-0.089,-50.175,-30.488,141.479
1,2511655,-0.416,-6.596,-6.887,0.032,-0.084,-0.086,-50.175,-30.488,141.479
1,2511659,-0.416,-6.596,-6.887,0.032,-0.084,-0.086,-50.175,-30.488,141.479
1,2511711,-0.389,-5.907,-6.858,0.308,-0.103,-0.077,-50.424,-30.298,141.026
1,2511715,-0.389,-5.907,-6.858,0.253,-0.104,-0.076,-50.424,-30.298,141.026
1,2511718,-0.389,-5.907,-6.858,0.253,-0.104,-0.076,-50.424,-30.298,141.026
1,2511802,-0.449,-6.255,-7.157,0.079,-0.099,-0.068,-50.219,-30.693,140.208
1,2511806,-0.449,-6.255,-7.157,0.079,-0.099,-0.068,-50.219,-30.693,140.208
1,2511809,-0.439,-6.321,-7.183,0.079,-0.099,-0.070,-49.810,-29.962,140.602
1,2511832,-0.469,-6.523,-7.183,0.039,-0.098,-0.062,-50.482,-30.547,141.011
1,2511892,-0.459,-6.184,-7.159,0.061,-0.097,-0.062,-50.234,-30.181,141.026
1,2511896,-0.459,-6.184,-7.159,0.061,-0.097,-0.062,-50.234,-30.181,141.026
1,2511900,-0.467,-6.266,-7.145,0.005,-0.092,-0.060,-50.234,-30.181,141.026
1,2511921,-0.481,-6.635,-7.244,-0.046,-0.092,-0.061,-50.263,-30.371,140.471
1,2511952,-0.531,-6.882,-7.399,0.144,-0.101,-0.057,-50.468,-30.254,140.734
1,2511956,-0.531,-6.855,-7.510,0.144,-0.101,-0.057,-50.453,-29.655,141.231
1,2511959,-0.500,-6.855,-7.510,0.224,-0.105,-0.055,-50.453,-29.655,141.231
1,2511982,-0.498,-6.814,-7.677,0.308,-0.105,-0.050,-50.643,-30.298,140.471
1,2512041,-0.564,-7.717,-8.398,0.112,-0.099,-0.054,-50.672,-29.874,140.018
1,2512045,-0.575,-7.839,-8.569,0.154,-0.104,-0.051,-50.672,-29.874,140.018
1,2512049,-0.575,-7.839,-8.569,0.154,-0.104,-0.051,-50.672,-29.874,140.018
1,2512071,-0.568,-7.860,-8.925,0.227,-0.103,-0.049,-50.658,-29.889,139.418
1,2512102,-0.532,-7.565,-8.972,-0.023,-0.083,-0.061,-50.395,-29.918,140.032
1,2512106,-0.528,-7.691,-8.938,-0.166,-0.075,-0.065,-50.395,-29.918,140.032
1,2512109,-0.528,-7.691,-8.938,-0.166,-0.075,-0.065,-50.395,-29.918,140.032
1,2512132,-0.556,-8.104,-8.774,-0.283,-0.067,-0.067,-50.175,-30.137,139.740
1,2512135,-0.556,-8.104,-8.774,-0.237,-0.071,-0.067,-50.175,-30.137,139.740
1,2512139,-0.556,-8.104,-8.774,-0.237,-0.071,-0.067,-50.248,-29.626,140.354
1,2512191,-0.538,-7.089,-8.054,0.002,-0.082,-0.064,-50.453,-30.167,140.675
1,2512222,-0.554,-7.097,-7.974,0.010,-0.084,-0.061,-50.175,-30.094,140.427
1,2512226,-0.554,-7.097,-7.974,0.010,-0.084,-0.061,-50.716,-30.240,141.084
1,2512229,-0.554,-6.791,-7.902,0.010,-0.084,-0.061,-50.716,-30.240,141.084
1,2512251,-0.493,-6.595,-7.662,0.059,-0.082,-0.066,-50.409,-30.167,140.500
1,2512255,-0.493,-6.595,-7.662,0.059,-0.082,-0.066,-50.409,-30.167,140.500
1,2512258,-0.493,-6.288,-7.518,0.059,-0.082,-0.066,-50.409,-30.167,140.500
1,2512281,-0.462,-6.268,-7.298,-0.087,-0.073,-0.067,-50.497,-30.284,141.611
1,2512285,-0.462,-6.268,-7.298,-0.087,-0.073,-0.067,-50.585,-29.714,141.158
1,2512312,-0.497,-6.672,-7.266,0.013,-0.087,-0.064,-50.628,-30.196,141.187
1,2512418,-0.310,-5.550,-6.787,-0.409,-0.083,-0.064,-50.234,-30.196,140.076
1,2512462,-0.416,-6.495,-6.760,-0.415,-0.083,-0.068,-50.731,-30.766,140.734
1,2512465,-0.424,-6.431,-6.711,-0.291,-0.089,-0.066,-50.731,-30.766,140.734
1,2512522,-0.421,-6.136,-6.623,0.117,-0.114,-0.053,-51.140,-31.117,141.932
1,2512526,-0.413,-6.092,-6.568,0.138,-0.115,-0.051,-51.140,-31.117,141.932
1,2512551,-0.400,-6.017,-6.552,0.133,-0.119,-0.053,-50.731,-31.160,140.836
1,2512642,-0.377,-6.049,-6.559,0.103,-0.108,-0.049,-50.906,-30.766,141.187
1,2512646,-0.377,-6.049,-6.559,0.103,-0.108,-0.049,-50.906,-30.766,141.187
1,2512649,-0.377,-6.049,-6.559,0.103,-0.108,-0.049,-50.906,-30.766,141.187
1,2512702,-0.379,-6.439,-6.757,0.359,-0.115,-0.048,-50.702,-30.985,141.494
1,2512706,-0.379,-6.439,-6.757,0.359,-0.115,-0.048,-50.702,-30.985,141.494
1,2512709,-0.322,-6.151,-6.711,0.359,-0.119,-0.050,-50.702,-30.985,141.494
1,2512731,-0.313,-5.739,-6.487,0.335,-0.100,-0.055,-50.292,-30.868,141.158
1,2512735,-0.313,-5.739,-6.487,0.335,-0.100,-0.055,-50.292,-30.868,141.158
1,2512739,-0.312,-5.701,-6.409,0.022,-0.092,-0.057,-50.292,-30.780,141.245
1,2512762,-0.324,-6.132,-6.546,0.092,-0.093,-0.064,-50.570,-30.254,141.684
1,2512765,-0.324,-6.132,-6.546,0.092,-0.093,-0.064,-50.570,-30.254,141.684
1,2512822,-0.333,-6.130,-6.878,0.778,-0.119,-0.055,-50.585,-30.094,139.842
1,2512826,-0.333,-6.130,-6.924,0.778,-0.119,-0.055,-50.614,-30.079,139.316
1,2512830,-0.355,-6.067,-6.924,0.795,-0.122,-0.050,-50.614,-30.079,139.316
1,2512912,-0.435,-6.319,-6.514,-0.192,-0.057,-0.086,-50.468,-30.152,138.439
1,2512972,-0.501,-6.945,-6.075,0.132,-0.065,-0.086,-50.935,-30.693,138.614
1,2512976,-0.508,-6.888,-6.047,0.269,-0.073,-0.079,-50.935,-30.693,138.614
1,2513083,-0.202,-6.636,-7.157,0.182,-0.078,-0.072,-50.760,-29.977,136.934
1,2513182,-0.051,-6.078,-7.042,0.125,-0.071,-0.061,-51.388,-29.845,136.627
1,2513186,-0.051,-6.078,-7.042,0.125,-0.071,-0.061,-51.388,-29.845,136.627
1,2513189,-0.059,-6.008,-6.933,0.057,-0.067,-0.062,-51.388,-29.845,136.627
1,2513211,-0.049,-6.202,-6.719,-0.066,-0.065,-0.059,-51.286,-30.137,137.153
1,2513215,-0.049,-6.202,-6.719,-0.066,-0.065,-0.059,-50.818,-29.977,136.948
1,2513218,-0.051,-6.443,-6.676,-0.072,-0.065,-0.055,-50.818,-29.977,136.948
1,2513242,-0.103,-6.861,-6.759,0.060,-0.078,-0.045,-51.330,-30.254,137.723
1,2513272,-0.144,-6.713,-6.692,0.280,-0.087,-0.038,-51.272,-30.123,136.977
1,2513301,-0.199,-6.852,-6.544,0.122,-0.082,-0.034,-51.198,-29.655,136.890
1,2513305,-0.199,-6.852,-6.584,0.122,-0.082,-0.034,-51.198,-29.655,136.890
1,2513363,-0.276,-7.094,-6.580,0.171,-0.086,-0.029,-51.038,-29.743,136.714
1,2513366,-0.269,-6.962,-6.549,0.134,-0.083,-0.029,-51.038,-29.743,136.714
1,2513370,-0.269,-6.962,-6.549,0.134,-0.083,-0.029,-51.038,-29.743,136.714
1,2513452,-0.158,-6.737,-6.546,0.258,-0.098,-0.016,-51.023,-29.407,136.963
1,2513482,-0.162,-6.761,-6.658,0.164,-0.099,-0.012,-51.067,-29.553,135.691
1,2513486,-0.162,-6.761,-6.658,0.164,-0.099,-0.012,-50.848,-29.509,136.378
1,2513512,-0.195,-7.080,-6.737,0.097,-0.094,-0.009,-51.082,-29.494,136.217
1,2513515,-0.195,-7.080,-6.737,0.097,-0.094,-0.009,-51.082,-29.494,136.217
1,2513572,-0.311,-7.236,-6.632,0.228,-0.098,-0.006,-51.111,-29.611,136.174
1,2513576,-0.311,-7.236,-6.632,0.228,-0.098,-0.006,-51.111,-29.611,136.174
1,2513632,-0.309,-7.159,-6.452,0.175,-0.097,-0.005,-51.140,-29.801,135.808
1,2513635,-0.309,-7.159,-6.452,0.175,-0.097,-0.005,-51.140,-29.801,135.808
1,2513662,-0.331,-7.156,-6.514,0.242,-0.101,-0.002,-50.921,-29.962,135.165
1,2513666,-0.331,-7.156,-6.514,0.242,-0.101,-0.002,-50.921,-29.962,135.165
1,2513669,-0.361,-7.104,-6.524,0.257,-0.100,-0.001,-50.965,-29.597,135.136
1,2513692,-0.336,-7.038,-6.513,0.246,-0.103,-0.001,-50.628,-29.640,135.370
1,2513751,-0.359,-7.189,-6.578,0.158,-0.093,0.000,-51.111,-29.933,134.537
1,2513755,-0.373,-7.167,-6.546,0.158,-0.095,0.001,-50.950,-29.217,134.931
1,2513812,-0.378,-7.188,-6.513,0.154,-0.094,0.000,-50.628,-29.670,135.560
1,2513816,-0.364,-7.214,-6.517,0.149,-0.093,0.000,-50.745,-29.436,135.516
