1,2010159,-0.853,-10.052,0.816,0.269,-0.131,-0.013,-48.509,-27.127,86.495
1,2010163,-0.873,-10.092,0.816,0.310,-0.134,-0.006,-48.509,-27.127,86.495
1,2010166,-0.873,-10.092,0.816,0.310,-0.134,-0.006,-48.451,-27.010,86.700
1,2010169,-0.908,-10.130,0.814,0.325,-0.133,-0.007,-48.451,-27.010,86.700
1,2010250,-0.906,-9.712,0.767,0.028,-0.122,-0.020,-49.108,-27.229,85.019
1,2010253,-0.906,-9.712,0.767,0.028,-0.122,-0.020,-48.933,-26.922,85.779
1,2010360,-1.083,-9.850,0.388,0.341,-0.140,-0.006,-49.488,-27.024,85.384
1,2010429,-1.184,-9.557,0.514,0.418,-0.140,-0.015,-49.152,-26.995,83.864
1,2010536,-1.001,-9.960,0.633,0.042,-0.111,-0.039,-49.035,-26.849,84.581
1,2010609,-0.924,-9.507,0.743,0.140,-0.117,-0.043,-49.006,-27.273,83.397
1,2010613,-0.924,-9.507,0.743,0.110,-0.119,-0.045,-49.006,-27.273,83.397
1,2010668,-0.863,-9.272,0.574,0.004,-0.114,-0.046,-48.875,-27.097,83.455
1,2010759,-0.805,-9.844,0.865,0.279,-0.126,-0.038,-48.816,-27.200,83.177
1,2010763,-0.805,-9.844,0.865,0.279,-0.126,-0.038,-48.816,-27.200,83.177
1,2010767,-0.779,-9.803,0.916,0.261,-0.123,-0.040,-48.436,-27.214,82.900
1,2010789,-0.780,-9.692,0.949,0.217,-0.121,-0.043,-49.094,-27.477,82.754
1,2010849,-0.792,-9.790,1.091,-0.068,-0.098,-0.042,-48.714,-27.170,82.680
1,2010853,-0.792,-9.790,1.091,-0.068,-0.098,-0.042,-49.035,-27.068,82.461
1,2010857,-0.755,-9.805,1.016,-0.055,-0.098,-0.042,-49.035,-27.068,82.461
1,2010878,-0.792,-9.619,1.000,0.032,-0.101,-0.040,-48.918,-27.287,83.104
1,2010882,-0.792,-9.619,1.000,0.032,-0.101,-0.040,-48.918,-27.287,83.104
1,2010940,-0.857,-9.309,0.970,0.083,-0.098,-0.031,-48.977,-27.287,82.856
1,2010969,-0.897,-9.595,1.022,-0.076,-0.087,-0.026,-48.845,-27.243,83.075
1,2010973,-0.957,-10.104,1.061,-0.053,-0.083,-0.021,-48.962,-27.010,83.484
1,2011059,-1.232,-11.466,1.519,0.396,-0.099,-0.009,-48.977,-27.273,81.994
1,2011063,-1.232,-11.466,1.519,0.396,-0.099,-0.009,-48.977,-27.273,81.994
1,2011120,-1.356,-11.373,1.722,0.181,-0.083,-0.020,-49.065,-27.170,81.117
1,2011124,-1.356,-11.373,1.722,0.181,-0.083,-0.020,-49.050,-27.375,81.117
1,2011126,-1.356,-11.373,1.722,0.181,-0.083,-0.020,-49.050,-27.375,81.117
1,2011179,-1.328,-11.884,1.969,0.170,-0.073,-0.037,-48.860,-27.492,80.225
1,2011240,-1.318,-12.059,1.675,0.048,-0.084,-0.046,-48.918,-27.521,80.152
1,2011269,-1.261,-12.035,1.551,-0.015,-0.079,-0.059,-49.094,-27.185,81.014
1,2011273,-1.261,-12.035,1.551,-0.015,-0.079,-0.059,-49.094,-27.185,81.014
1,2011277,-1.275,-11.913,1.545,-0.009,-0.079,-0.054,-49.094,-27.185,81.014
1,2011402,-1.300,-11.269,0.739,-0.067,-0.081,-0.100,-49.065,-27.682,82.651
1,2011419,-1.326,-11.182,0.665,-0.363,-0.055,-0.098,-49.123,-26.995,83.134
1,2011423,-1.322,-11.273,0.623,-0.533,-0.043,-0.095,-49.123,-26.995,83.134
1,2011426,-1.322,-11.273,0.623,-0.533,-0.043,-0.095,-48.948,-27.477,83.981
1,2011449,-1.226,-11.263,0.376,-0.816,-0.031,-0.122,-49.211,-27.594,84.215
1,2011480,-1.096,-9.897,0.047,-1.376,0.016,-0.154,-49.664,-26.937,88.351
1,2011509,-0.845,-10.451,-0.514,-1.779,0.022,-0.160,-50.015,-26.980,91.026
1,2011540,-0.768,-9.635,-0.400,-1.109,-0.002,-0.153,-49.503,-26.790,93.818
1,2011543,-0.768,-9.635,-0.400,-1.109,-0.002,-0.153,-49.503,-26.790,93.818
1,2011546,-0.768,-9.635,-0.400,-1.109,-0.002,-0.153,-49.503,-26.790,93.818
1,2011569,-0.636,-8.948,-0.459,-0.753,-0.016,-0.139,-49.942,-26.966,95.162
1,2011573,-0.636,-8.948,-0.459,-0.753,-0.016,-0.139,-49.942,-26.966,95.162
1,2011679,-0.526,-8.345,-0.306,0.329,-0.082,-0.112,-49.576,-26.907,96.244
1,2011719,-0.258,-6.833,-0.549,0.508,-0.105,-0.109,-50.058,-27.682,95.352
1,2011723,-0.258,-6.833,-0.549,0.508,-0.105,-0.109,-49.810,-27.711,95.279
1,2011727,-0.315,-6.833,-0.452,0.334,-0.089,-0.100,-49.810,-27.711,95.279
1,2011749,-0.447,-7.596,-0.327,0.070,-0.084,-0.108,-50.234,-27.419,94.899
1,2011780,-0.361,-7.695,-0.610,0.387,-0.103,-0.087,-49.795,-27.346,93.759
1,2011809,-0.273,-5.837,-0.323,0.417,-0.103,-0.098,-50.029,-27.521,93.818
1,2011916,-0.494,-6.754,-0.677,0.480,-0.120,-0.050,-50.526,-27.302,93.101
1,2011959,-0.586,-6.675,-0.663,0.588,-0.130,-0.035,-50.438,-27.243,92.312
1,2012020,-0.750,-8.209,-0.703,0.518,-0.128,-0.035,-50.058,-27.200,90.134
1,2012023,-0.750,-8.209,-0.703,0.518,-0.128,-0.035,-50.058,-27.200,90.134
1,2012027,-0.750,-8.515,-0.645,0.518,-0.128,-0.035,-49.985,-27.550,90.105
1,2012049,-0.779,-9.077,-0.530,0.386,-0.116,-0.017,-50.468,-27.594,89.564
1,2012079,-0.682,-8.613,-0.650,0.203,-0.106,-0.061,-50.322,-27.463,88.717
1,2012110,-0.821,-9.036,-0.182,-0.082,-0.087,-0.035,-50.395,-27.375,89.594
1,2012113,-0.821,-9.036,-0.182,-0.082,-0.087,-0.035,-50.205,-26.630,89.944
1,2012273,-0.546,-9.032,0.419,1.117,-0.170,-0.007,-50.161,-27.287,85.969
1,2012349,-0.406,-8.270,1.214,0.922,-0.148,0.006,-50.263,-27.770,81.073
1,2012456,-0.520,-10.079,0.694,-0.633,-0.060,-0.051,-49.942,-28.135,84.244
1,2012469,-0.464,-9.896,0.853,-0.386,-0.065,-0.039,-50.073,-27.682,84.011
1,2012473,-0.464,-9.896,0.853,-0.386,-0.065,-0.039,-50.073,-27.682,84.011
1,2012500,-0.341,-9.267,0.529,-0.093,-0.095,-0.020,-50.175,-27.740,84.376
1,2012503,-0.341,-9.267,0.529,-0.093,-0.095,-0.020,-50.175,-27.740,84.376
1,2012506,-0.409,-8.926,0.543,-0.160,-0.081,-0.024,-50.278,-27.317,84.771
1,2012529,-0.543,-9.444,0.620,-0.332,-0.073,-0.029,-49.971,-27.580,85.341
1,2012559,-0.434,-9.856,0.455,0.018,-0.089,-0.004,-50.395,-27.287,85.326
1,2012563,-0.434,-9.856,0.455,0.018,-0.089,-0.004,-50.395,-27.287,85.326
1,2012669,-0.671,-9.461,0.626,0.392,-0.119,0.055,-50.088,-27.010,84.230
1,2012740,-0.887,-9.742,0.359,-0.226,-0.095,0.048,-49.868,-27.331,85.077
1,2012769,-0.987,-11.078,0.172,-0.077,-0.104,0.054,-49.708,-27.024,85.355
1,2012799,-0.889,-10.408,0.075,0.232,-0.128,0.038,-49.547,-27.185,85.764
1,2012889,-0.918,-11.716,0.445,0.276,-0.139,0.023,-49.152,-27.507,83.265
1,2012893,-0.918,-11.716,0.445,0.276,-0.139,0.023,-49.152,-27.507,83.265
1,2012897,-0.918,-11.716,0.445,0.276,-0.139,0.023,-49.138,-27.390,83.484
1,2012950,-0.889,-12.124,0.323,-0.679,-0.093,-0.015,-49.401,-27.302,85.721
1,2012980,-0.997,-12.538,0.242,-0.353,-0.108,0.001,-49.386,-27.010,85.911
1,2012984,-0.997,-12.538,0.242,-0.353,-0.108,0.001,-49.196,-26.264,86.407
1,2012987,-0.974,-12.579,0.257,-0.194,-0.120,-0.001,-49.196,-26.264,86.407
1,2013009,-0.964,-12.477,0.357,0.103,-0.130,0.005,-49.196,-27.170,86.276
1,2013070,-1.035,-11.682,0.666,-0.099,-0.116,-0.022,-49.225,-27.375,86.466
1,2013074,-1.054,-11.492,0.721,-0.099,-0.116,-0.022,-49.225,-27.375,86.466
1,2013077,-1.054,-11.492,0.721,-0.250,-0.112,-0.023,-49.225,-27.375,86.466
1,2013202,-1.350,-12.912,0.559,0.154,-0.143,-0.018,-49.152,-27.492,89.038
1,2013219,-1.379,-12.773,0.613,0.230,-0.147,-0.012,-49.415,-27.053,88.688
1,2013223,-1.389,-12.702,0.662,0.268,-0.148,-0.006,-49.415,-27.053,88.688
1,2013227,-1.389,-12.702,0.662,0.268,-0.148,-0.006,-49.415,-27.053,88.688
1,2013249,-1.400,-12.883,0.652,0.205,-0.145,-0.012,-48.948,-27.448,88.088
1,2013252,-1.357,-13.048,0.705,0.165,-0.144,-0.017,-48.670,-26.980,88.103
1,2013279,-1.391,-13.638,0.639,0.257,-0.151,-0.018,-49.269,-27.112,88.191
1,2013284,-1.391,-13.638,0.639,0.257,-0.151,-0.018,-49.269,-27.112,88.191
1,2013287,-1.391,-13.638,0.639,0.257,-0.151,-0.018,-49.269,-27.112,88.191
1,2013369,-1.376,-13.044,0.333,0.079,-0.137,-0.051,-49.094,-26.820,88.293
1,2013459,-1.076,-11.079,-0.005,0.173,-0.136,-0.081,-49.240,-26.732,89.448
1,2013489,-0.828,-9.032,-0.042,0.270,-0.144,-0.109,-49.211,-26.966,89.111
1,2013493,-0.828,-9.032,-0.042,0.270,-0.144,-0.109,-49.211,-26.966,89.111
1,2013580,-0.743,-9.069,0.224,0.097,-0.131,-0.121,-49.488,-27.492,89.360
1,2013609,-0.609,-8.575,0.193,-0.127,-0.123,-0.140,-49.825,-27.770,90.821
1,2013613,-0.623,-8.319,0.212,-0.276,-0.114,-0.155,-49.825,-27.770,90.821
1,2013639,-0.604,-8.378,0.209,-0.555,-0.098,-0.154,-49.591,-27.638,90.836
1,2013643,-0.653,-8.752,0.141,-0.612,-0.100,-0.144,-49.591,-27.638,90.836
1,2013669,-0.689,-8.869,-0.012,-0.489,-0.106,-0.151,-49.868,-27.521,92.181
1,2013673,-0.686,-8.837,-0.012,-0.357,-0.114,-0.164,-49.868,-27.521,92.181
1,2013700,-0.498,-7.417,-0.011,-0.204,-0.117,-0.149,-49.839,-27.419,92.882
1,2013759,-0.446,-7.761,-0.371,0.232,-0.139,-0.134,-50.380,-27.653,93.365
1,2013763,-0.446,-7.761,-0.371,0.232,-0.139,-0.134,-50.380,-27.653,93.365
1,2013767,-0.446,-7.761,-0.371,0.232,-0.139,-0.134,-50.102,-27.448,93.438
1,2013789,-0.244,-7.134,-0.535,0.264,-0.153,-0.116,-50.248,-27.930,92.897
1,2013792,-0.244,-7.134,-0.535,0.264,-0.153,-0.116,-50.482,-27.185,92.502
1,2013879,-0.335,-5.831,-0.266,-0.067,-0.125,-0.109,-51.038,-27.784,92.882
1,2013883,-0.335,-5.831,-0.266,-0.067,-0.125,-0.109,-51.038,-27.784,92.882
1,2013886,-0.397,-5.976,-0.245,-0.134,-0.123,-0.093,-51.038,-27.784,92.882
1,2013909,-0.553,-6.765,-0.146,0.022,-0.125,-0.068,-50.438,-27.580,92.648
1,2013969,-0.651,-6.140,0.026,0.507,-0.158,-0.038,-50.658,-28.310,90.865
1,2014076,-0.851,-8.806,0.105,0.429,-0.156,-0.031,-50.848,-27.726,89.901
1,2014120,-0.753,-8.534,0.275,0.759,-0.172,-0.012,-50.804,-27.404,88.015
1,2014124,-0.792,-8.534,0.275,0.761,-0.172,-0.016,-51.082,-27.141,88.600
1,2014126,-0.792,-8.534,0.275,0.761,-0.172,-0.016,-51.082,-27.141,88.600
1,2014179,-0.735,-7.229,0.774,0.656,-0.167,-0.031,-50.804,-27.901,86.554
1,2014313,-0.555,-8.276,0.517,-0.089,-0.125,-0.053,-50.585,-27.521,88.205
1,2014330,-0.550,-7.844,0.579,0.137,-0.130,-0.043,-51.228,-27.477,88.030
1,2014800,-1.236,-13.009,1.241,-0.169,-0.097,0.084,-49.781,-27.521,83.104
1,2014870,-1.464,-12.488,1.249,-0.283,-0.093,0.060,-49.035,-27.419,83.937
1,2014929,-1.382,-11.878,1.021,-0.437,-0.092,0.021,-48.875,-27.477,85.457
1,2014933,-1.412,-12.059,1.029,-0.390,-0.095,0.020,-49.006,-27.068,85.925
1,2014990,-1.211,-11.559,1.096,0.139,-0.127,0.009,-48.948,-27.170,86.042
1,2015049,-1.012,-11.721,1.050,-0.211,-0.106,-0.015,-49.006,-27.068,87.387
1,2015053,-1.012,-11.721,1.050,-0.211,-0.106,-0.015,-48.641,-26.747,87.328
1,2015057,-1.012,-11.721,1.050,-0.211,-0.106,-0.015,-48.641,-26.747,87.328
1,2015110,-0.988,-11.649,0.920,-0.199,-0.109,-0.012,-48.962,-26.688,88.074
1,2015139,-0.916,-11.764,0.815,-0.054,-0.114,-0.007,-49.547,-26.659,89.126
1,2015199,-1.068,-12.307,1.003,-0.015,-0.114,-0.015,-48.626,-26.995,90.076
1,2015306,-1.324,-12.181,0.654,0.541,-0.148,-0.001,-48.582,-26.717,89.974
1,2015934,-0.447,-5.499,0.162,0.034,-0.073,0.021,-49.372,-27.317,87.211
1,2016052,-1.701,-7.597,-0.642,-0.798,-0.039,0.007,-48.992,-26.907,94.315
1,2016070,-1.798,-8.116,-0.884,-0.316,-0.081,0.015,-49.211,-26.761,95.118
1,2016073,-1.798,-8.116,-0.884,-0.316,-0.081,0.015,-49.211,-26.761,95.118
1,2016077,-1.836,-8.469,-0.976,-0.076,-0.092,0.015,-49.211,-26.761,95.118
1,2016160,-1.199,-8.822,-0.334,0.017,-0.077,-0.040,-48.875,-26.732,94.081
1,2016163,-1.199,-9.129,-0.078,0.017,-0.077,-0.040,-48.875,-26.732,94.081
1,2016425,-0.694,-9.035,-0.552,0.676,-0.154,-0.035,-49.752,-26.659,97.501
1,2016519,-0.729,-7.698,-0.323,-0.194,-0.097,-0.072,-49.211,-26.732,96.258
1,2016523,-0.729,-7.698,-0.323,-0.194,-0.097,-0.072,-49.488,-26.177,97.691
1,2016549,-0.741,-9.416,-0.870,-0.723,-0.079,-0.021,-49.474,-26.615,98.626
1,2016639,-1.007,-9.636,-0.989,0.630,-0.158,-0.004,-49.255,-26.849,97.925
1,2016669,-1.222,-8.816,-0.608,0.756,-0.154,0.005,-49.050,-26.615,96.346
1,2016673,-1.278,-9.179,-0.616,0.693,-0.159,0.012,-49.152,-26.454,96.346
1,2016676,-1.278,-9.179,-0.616,0.693,-0.159,0.012,-49.152,-26.454,96.346
1,2016700,-1.223,-9.807,-0.737,0.606,-0.155,0.004,-49.298,-26.030,95.308
1,2016703,-1.269,-9.687,-0.622,0.573,-0.142,-0.006,-49.298,-26.030,95.308
1,2016810,-1.659,-10.548,-0.479,0.246,-0.123,-0.011,-49.021,-26.571,93.072
1,2016849,-1.657,-12.465,-0.641,0.184,-0.121,-0.026,-49.284,-26.644,92.955
1,2016853,-1.657,-12.465,-0.641,0.184,-0.121,-0.026,-49.284,-26.644,92.955
1,2016910,-1.689,-12.396,-0.528,0.061,-0.115,-0.016,-48.582,-27.214,91.654
1,2017000,-1.366,-11.220,-0.348,-0.057,-0.101,-0.054,-49.050,-27.010,92.108
1,2017002,-1.366,-11.220,-0.348,-0.057,-0.101,-0.054,-48.743,-26.761,92.312
1,2017029,-1.437,-11.627,-0.231,-0.373,-0.083,-0.053,-48.495,-26.717,92.897
1,2017033,-1.437,-11.627,-0.231,-0.373,-0.083,-0.053,-48.495,-26.717,92.897
1,2017037,-1.412,-11.777,-0.301,-0.337,-0.088,-0.053,-48.495,-26.717,92.897
1,2017059,-1.229,-11.709,-0.425,-0.112,-0.098,-0.039,-48.319,-27.200,93.701
1,2017166,-1.223,-11.396,-0.185,-0.083,-0.093,-0.007,-48.714,-27.185,94.051
1,2017240,-1.494,-12.534,-0.075,0.375,-0.121,0.023,-48.685,-27.170,94.695
1,2017243,-1.494,-12.534,-0.075,0.375,-0.121,0.023,-48.685,-27.170,94.695
1,2017269,-1.634,-13.186,-0.086,0.589,-0.133,0.033,-48.129,-27.039,93.204
1,2017273,-1.634,-13.186,-0.086,0.589,-0.133,0.033,-48.612,-26.688,92.970
1,2017277,-1.634,-13.186,-0.086,0.589,-0.133,0.033,-48.612,-26.688,92.970
1,2017403,-1.786,-12.926,-0.268,-0.238,-0.079,0.006,-48.378,-26.688,91.786
1,2017419,-1.828,-13.150,-0.485,-0.086,-0.090,-0.017,-48.670,-27.331,92.429
1,2017449,-1.664,-11.696,-0.485,0.219,-0.097,-0.022,-48.816,-27.127,91.991
1,2017539,-1.333,-9.686,-0.622,-0.238,-0.062,-0.050,-48.509,-26.659,93.394
1,2017543,-1.279,-9.565,-0.596,-0.271,-0.061,-0.060,-48.509,-26.659,93.394
1,2017546,-1.279,-9.565,-0.596,-0.271,-0.061,-0.060,-48.509,-26.659,93.394
1,2017702,-0.751,-7.153,0.134,-0.209,-0.054,-0.050,-48.802,-27.521,96.273
1,2017719,-0.605,-7.758,-0.176,-0.241,-0.066,-0.035,-48.641,-27.053,96.507
1,2017779,-0.662,-7.015,-0.194,0.002,-0.081,-0.020,-48.787,-27.170,96.916
1,2017869,-0.676,-4.945,-0.165,0.235,-0.086,-0.022,-48.772,-27.302,94.958
1,2017873,-0.676,-4.945,-0.165,0.235,-0.086,-0.022,-48.538,-26.820,95.586
1,2017929,-0.809,-6.762,-0.461,0.017,-0.070,-0.028,-48.714,-26.980,96.288
1,2017933,-0.809,-6.634,-0.345,0.017,-0.070,-0.028,-47.998,-26.527,96.624
1,2018040,-0.987,-7.378,-0.445,0.626,-0.110,-0.006,-48.407,-26.615,93.145
1,2018080,-1.060,-7.913,-0.188,0.424,-0.095,-0.009,-48.524,-26.922,92.780
1,2018289,-1.290,-9.052,0.197,-0.193,-0.061,-0.071,-48.027,-26.790,91.801
1,2018555,-1.030,-9.779,0.207,-0.108,-0.073,-0.100,-48.816,-27.068,90.398
1,2018589,-1.198,-9.699,0.117,0.382,-0.095,-0.089,-48.933,-27.317,90.354
1,2019003,-0.936,-10.816,0.427,-0.064,-0.068,-0.117,-49.357,-26.980,88.600
1,2026505,-0.543,-6.919,0.546,-0.563,-0.070,-0.153,-48.714,-27.521,84.931
1,2026509,-0.519,-6.769,0.507,-0.613,-0.060,-0.142,-48.436,-27.433,85.633
1,2026512,-0.519,-6.769,0.507,-0.613,-0.060,-0.142,-48.436,-27.433,85.633
1,2026516,-0.519,-6.769,0.507,-0.613,-0.060,-0.142,-48.436,-27.433,85.633
1,2026598,-0.394,-5.597,0.294,-0.635,-0.053,-0.120,-48.802,-27.185,88.644
1,2026628,-0.396,-6.060,0.205,-0.247,-0.079,-0.120,-49.430,-27.375,93.496
1,2026735,-0.452,-7.935,0.340,0.754,-0.139,-0.064,-49.342,-27.799,87.928
1,2026851,-0.852,-8.741,0.501,-0.264,-0.083,-0.082,-49.182,-27.740,88.454
1,2026928,-0.940,-8.934,0.674,0.270,-0.120,-0.060,-49.298,-27.872,88.468
1,2026958,-1.065,-9.675,0.882,-0.017,-0.108,-0.065,-49.342,-28.106,88.512
1,2027066,-1.163,-10.030,1.021,-0.150,-0.109,-0.079,-49.752,-27.273,89.754
1,2027108,-1.047,-9.532,0.833,-0.088,-0.119,-0.078,-49.459,-27.200,90.441
1,2027215,-0.820,-8.218,0.620,0.567,-0.160,-0.070,-50.058,-27.565,90.310
1,2027228,-0.773,-7.914,0.585,0.640,-0.165,-0.066,-50.482,-27.039,89.842
1,2027335,-0.634,-8.073,0.815,0.487,-0.159,-0.050,-50.482,-28.135,86.656
1,2027378,-0.530,-7.828,0.763,-0.123,-0.117,-0.059,-50.015,-27.814,86.934
1,2027382,-0.530,-7.828,0.763,-0.180,-0.119,-0.060,-50.015,-27.814,86.934
1,2027489,-0.459,-7.500,0.626,0.011,-0.128,-0.004,-50.044,-27.740,86.393
1,2027704,-0.873,-11.801,0.896,0.787,-0.162,0.060,-49.635,-27.492,85.881
1,2028107,-0.948,-10.928,1.061,0.021,-0.073,-0.048,-49.284,-27.112,88.702
1,2028188,-1.021,-11.824,0.615,-0.133,-0.062,-0.043,-48.831,-27.083,90.851
1,2028278,-1.265,-12.762,0.603,0.298,-0.072,-0.037,-49.138,-27.404,89.725
1,2028282,-1.265,-12.762,0.603,0.307,-0.072,-0.037,-49.138,-27.404,89.725
1,2028308,-1.267,-13.285,0.785,0.268,-0.061,-0.037,-49.050,-27.097,89.711
1,2028442,-1.205,-12.474,0.802,0.206,-0.050,-0.053,-49.108,-26.703,87.957
1,2028458,-1.137,-12.140,0.654,0.187,-0.043,-0.070,-49.050,-27.550,87.138
1,2028488,-1.017,-11.024,0.470,0.228,-0.046,-0.068,-49.108,-27.170,87.387
1,2028492,-1.017,-11.024,0.470,0.228,-0.046,-0.068,-49.065,-26.893,88.322
1,2028496,-0.991,-10.624,0.410,0.202,-0.043,-0.072,-49.065,-26.893,88.322
1,2028517,-0.849,-9.659,0.260,0.123,-0.039,-0.086,-49.459,-27.477,87.226
1,2028754,-0.303,-6.523,0.154,-0.077,-0.024,-0.064,-49.927,-27.302,91.041
1,2028789,-0.146,-6.229,0.080,0.340,-0.054,-0.043,-50.175,-27.565,90.266
1,2028792,-0.146,-6.229,0.080,0.340,-0.054,-0.043,-50.175,-27.565,90.266
1,2028899,-0.511,-7.329,0.224,-0.087,-0.034,-0.018,-49.532,-27.536,88.863
1,2028938,-0.842,-8.384,0.334,-0.134,-0.027,-0.023,-49.752,-27.141,89.433
1,2028968,-1.004,-9.109,0.254,-0.145,-0.045,0.002,-49.678,-27.287,89.623
1,2028999,-1.222,-10.299,0.226,0.173,-0.057,-0.002,-49.912,-27.317,89.769
1,2029028,-1.299,-9.541,0.402,0.303,-0.068,0.005,-49.708,-27.565,89.331
1,2029032,-1.363,-9.829,0.540,0.165,-0.057,0.005,-49.766,-26.849,90.149
1,2029036,-1.363,-9.829,0.540,0.165,-0.057,0.005,-49.766,-26.849,90.149
1,2029057,-1.393,-10.235,0.553,-0.089,-0.054,-0.016,-49.898,-27.667,90.544
1,2029088,-1.388,-10.365,0.622,-0.268,-0.038,-0.021,-49.518,-27.156,90.573
1,2029092,-1.388,-10.421,0.724,-0.287,-0.034,-0.023,-48.977,-26.980,91.114
1,2029119,-1.340,-10.433,0.759,-0.280,-0.044,-0.034,-49.620,-26.937,92.239
1,2029122,-1.273,-10.327,0.756,-0.241,-0.048,-0.034,-49.620,-26.937,92.239
1,2029178,-0.961,-9.150,0.812,-0.043,-0.062,-0.035,-49.503,-26.995,91.362
1,2029182,-0.961,-9.150,0.812,-0.043,-0.062,-0.035,-49.503,-26.995,91.362
1,2029186,-0.961,-9.150,0.812,-0.043,-0.062,-0.035,-49.503,-26.995,91.362
1,2029208,-0.952,-9.232,0.812,-0.132,-0.061,-0.032,-49.883,-27.039,92.166
1,2029211,-0.952,-9.232,0.812,-0.132,-0.061,-0.032,-49.883,-27.039,92.166
1,2029238,-0.925,-9.434,0.757,0.122,-0.079,-0.022,-49.839,-26.790,91.932
1,2029298,-0.865,-8.557,0.656,0.297,-0.095,-0.028,-49.956,-26.776,91.538
1,2029302,-0.865,-8.557,0.656,0.297,-0.095,-0.028,-49.635,-26.849,91.961
1,2029305,-0.870,-8.571,0.660,0.323,-0.100,-0.028,-49.635,-26.849,91.961
1,2029328,-0.840,-8.337,0.546,0.367,-0.106,-0.028,-49.664,-27.433,90.938
1,2029418,-0.804,-8.065,0.420,0.828,-0.138,-0.032,-49.372,-27.024,87.957
1,2029508,-0.706,-7.714,0.494,-0.133,-0.087,-0.043,-49.474,-27.170,87.971
1,2029615,-0.924,-9.264,0.505,0.325,-0.112,-0.018,-49.664,-27.492,86.992
1,2029659,-0.932,-8.710,0.552,-0.004,-0.095,0.004,-49.547,-27.360,86.217
1,2029662,-0.932,-8.710,0.552,-0.004,-0.095,0.004,-49.547,-27.360,86.217
1,2029666,-0.932,-8.710,0.552,-0.004,-0.095,0.004,-49.547,-27.360,86.217
1,2029717,-0.867,-8.932,0.620,0.001,-0.087,-0.009,-49.722,-27.697,86.305
1,2029778,-0.703,-9.973,0.404,0.202,-0.094,-0.015,-49.225,-27.346,86.466
1,2029782,-0.703,-9.973,0.404,0.202,-0.094,-0.015,-49.225,-27.346,86.466
1,2029786,-0.736,-10.472,0.368,0.269,-0.104,0.012,-49.225,-27.346,86.466
1,2029941,-1.138,-11.758,1.304,-0.023,-0.081,-0.011,-49.313,-27.448,84.785
1,2029988,-1.156,-11.135,1.391,0.061,-0.086,-0.018,-49.313,-27.448,84.464
1,2029992,-1.192,-11.606,1.433,0.060,-0.082,-0.001,-49.313,-27.448,84.464
1,2030079,-1.292,-12.507,1.436,-0.004,-0.079,-0.024,-49.152,-27.185,84.946
1,2030082,-1.292,-12.507,1.436,-0.004,-0.079,-0.024,-49.152,-27.185,84.946
1,2030085,-1.292,-12.507,1.436,-0.004,-0.079,-0.024,-48.875,-27.287,85.224
1,2030137,-1.170,-11.299,1.000,-0.943,-0.033,-0.064,-49.050,-26.878,86.291
1,2030271,-1.046,-11.139,0.607,0.415,-0.100,-0.068,-49.050,-27.258,87.694
1,2030421,-1.009,-12.267,-0.699,-0.855,-0.017,-0.092,-49.488,-26.776,95.820
1,2030438,-1.017,-12.372,-0.718,-0.674,-0.029,-0.082,-49.284,-26.849,97.004
1,2030442,-1.034,-12.568,-0.774,-0.484,-0.044,-0.071,-49.488,-26.644,97.004
1,2030446,-1.034,-12.568,-0.774,-0.484,-0.044,-0.071,-49.488,-26.644,97.004
1,2030467,-1.000,-13.077,-0.936,-0.125,-0.061,-0.049,-49.547,-27.024,97.325
1,2030471,-1.017,-13.220,-0.948,0.034,-0.072,-0.050,-49.547,-27.024,97.325
1,2030558,-1.108,-11.281,-0.651,0.061,-0.072,-0.066,-49.138,-26.323,96.375
1,2030562,-1.108,-11.281,-0.651,0.061,-0.072,-0.066,-49.372,-25.928,96.843
1,2030565,-1.108,-11.281,-0.651,0.061,-0.072,-0.066,-49.372,-25.928,96.843
1,2030588,-1.113,-11.317,-0.646,0.148,-0.079,-0.059,-49.445,-26.951,97.384
1,2030618,-1.009,-10.235,-0.956,0.458,-0.103,-0.064,-49.693,-26.922,96.901
1,2030648,-0.987,-10.067,-0.803,0.401,-0.093,-0.053,-49.649,-26.907,95.864
1,2030652,-0.987,-10.067,-0.803,0.401,-0.093,-0.053,-49.649,-26.907,95.864
1,2030656,-0.932,-10.073,-0.933,0.412,-0.103,-0.053,-49.649,-26.907,95.864
1,2030677,-0.765,-9.547,-1.046,0.489,-0.100,-0.056,-49.635,-27.287,95.761
1,2030681,-0.765,-9.547,-1.046,0.489,-0.100,-0.056,-49.635,-27.287,95.761
1,2030684,-0.699,-9.011,-0.977,0.486,-0.097,-0.056,-50.029,-26.849,95.615
1,2030708,-0.536,-8.346,-0.938,0.271,-0.095,-0.055,-49.664,-27.507,95.498
1,2030974,-0.486,-6.742,0.461,0.767,-0.142,0.033,-49.854,-26.805,95.703
1,2031008,-0.634,-7.306,0.244,0.778,-0.144,0.050,-49.985,-27.287,93.832
1,2031039,-0.784,-8.010,0.041,0.888,-0.164,0.064,-49.357,-27.755,92.926
1,2031098,-0.932,-9.003,0.141,-0.143,-0.100,0.048,-49.562,-27.609,91.684
1,2031102,-0.932,-9.003,0.141,-0.143,-0.100,0.048,-49.415,-26.907,92.531
1,2031127,-1.123,-9.862,0.022,-0.023,-0.109,0.051,-49.415,-26.980,91.859
1,2031131,-1.123,-9.862,0.022,-0.023,-0.109,0.051,-49.415,-26.980,91.859
1,2031134,-1.174,-9.892,-0.096,0.112,-0.122,0.057,-49.415,-26.980,91.859
1,2031261,-1.434,-9.893,-0.005,-0.064,-0.115,0.064,-49.488,-27.156,91.538
1,2031278,-1.460,-9.933,0.025,-0.029,-0.119,0.061,-49.415,-27.594,91.830
1,2031385,-1.448,-10.117,0.368,-0.083,-0.127,0.049,-49.123,-26.995,92.371
1,2031428,-1.302,-9.654,0.508,-0.161,-0.130,0.040,-48.524,-27.185,93.262
1,2031432,-1.302,-9.654,0.508,-0.161,-0.130,0.040,-48.188,-27.010,93.043
1,2031663,-1.517,-10.179,0.062,0.349,-0.181,-0.002,-48.158,-26.893,93.233
1,2031728,-1.566,-10.326,0.033,0.423,-0.186,-0.018,-47.983,-27.097,92.429
1,2031732,-1.539,-10.265,0.056,0.489,-0.188,-0.021,-47.983,-27.097,92.429
1,2031736,-1.539,-10.265,0.056,0.489,-0.188,-0.021,-47.983,-27.097,92.429
1,2031993,-1.024,-9.587,0.897,-0.026,-0.180,-0.079,-48.597,-27.317,88.308
1,2031999,-1.017,-9.607,0.882,-0.010,-0.178,-0.084,-48.889,-26.776,88.921
1,2032001,-1.017,-9.607,0.882,-0.010,-0.178,-0.084,-48.889,-26.776,88.921
1,2152202,0.282,4.128,9.151,0.169,-0.104,-0.035,-51.666,-56.036,34.931
1,2152206,0.282,4.128,9.151,0.169,-0.104,-0.035,-51.666,-56.036,34.931
1,2152208,0.282,4.128,9.151,0.169,-0.104,-0.035,-51.666,-56.036,34.931
1,2152212,0.263,4.191,9.141,0.193,-0.108,-0.038,-51.885,-56.212,34.975
1,2152235,0.281,4.307,9.137,0.226,-0.105,-0.033,-51.915,-56.241,34.683
1,2152294,0.315,4.398,9.051,0.263,-0.105,-0.031,-51.768,-56.241,34.931
1,2152298,0.286,4.398,8.978,0.263,-0.105,-0.032,-51.666,-56.022,35.998
1,2152405,0.336,4.684,8.920,0.149,-0.099,-0.037,-51.315,-56.606,35.706
1,2152445,0.331,4.591,8.954,0.076,-0.095,-0.038,-51.681,-56.343,36.437
1,2152535,0.300,4.349,9.127,0.108,-0.095,-0.043,-51.564,-56.679,35.721
1,2152539,0.300,4.349,9.127,0.108,-0.095,-0.043,-51.564,-56.679,35.721
1,2152541,0.300,4.349,9.127,0.108,-0.095,-0.043,-51.666,-56.489,36.027
1,2152667,0.311,4.560,8.692,0.487,-0.122,-0.033,-51.842,-57.366,37.694
1,2152714,0.313,5.038,8.904,0.527,-0.120,-0.028,-52.075,-57.381,37.986
1,2152718,0.313,5.038,8.597,0.527,-0.120,-0.028,-52.075,-57.381,37.986
1,2152745,0.366,5.014,8.522,0.524,-0.123,-0.026,-52.105,-57.586,38.541
1,2152775,0.346,5.155,8.706,0.508,-0.121,-0.027,-52.178,-57.629,39.462
1,2152778,0.384,5.330,8.725,0.523,-0.122,-0.024,-52.178,-57.629,39.462
1,2152782,0.384,5.330,8.725,0.523,-0.122,-0.024,-52.178,-57.629,39.462
1,2152804,0.402,5.379,8.553,0.500,-0.125,-0.033,-52.382,-58.126,39.740
1,2152808,0.439,5.474,8.515,0.489,-0.119,-0.032,-52.382,-58.126,39.740
1,2152865,0.397,5.742,8.877,0.468,-0.095,-0.055,-51.915,-58.009,40.485
1,2152924,0.670,5.787,8.242,0.591,-0.108,-0.068,-51.622,-58.170,41.245
1,2152955,0.736,6.266,8.751,0.573,-0.090,-0.060,-51.652,-58.872,41.947
1,2153044,0.173,6.462,9.056,-0.589,0.042,-0.150,-51.403,-58.433,41.070
1,2153048,0.173,6.462,9.056,-0.589,0.042,-0.150,-51.403,-58.433,41.070
1,2153105,-0.372,5.478,9.720,-0.095,0.055,-0.161,-50.935,-58.609,39.842
1,2153108,-0.372,5.478,9.720,-0.095,0.055,-0.161,-50.833,-58.448,39.433
1,2153112,-0.377,5.688,9.880,-0.009,0.050,-0.162,-50.833,-58.448,39.433
1,2153134,-0.303,6.044,9.990,0.057,0.045,-0.177,-51.067,-58.842,39.009
1,2153195,-0.559,6.871,10.576,0.093,0.049,-0.176,-50.205,-59.032,39.243
1,2153533,-0.543,3.516,9.312,-0.729,0.022,-0.077,-49.196,-55.963,32.096
1,2153554,-0.486,2.742,8.256,-0.495,-0.018,-0.059,-49.386,-55.437,32.330
1,2153558,-0.486,2.742,8.256,-0.495,-0.018,-0.059,-49.386,-55.115,31.804
1,2153870,-0.116,5.288,7.963,0.103,-0.132,0.031,-49.620,-57.761,36.451
1,2153915,-0.169,4.593,8.042,0.137,-0.148,0.044,-49.795,-57.805,37.284
1,2153974,-0.110,5.355,8.305,0.296,-0.187,0.071,-49.810,-58.009,38.088
1,2154184,0.232,6.004,8.713,0.511,-0.257,0.167,-51.023,-58.170,39.930
1,2154701,0.768,6.251,9.835,0.104,-0.110,-0.032,-54.034,-57.337,42.531
1,2154724,0.657,6.245,10.312,-0.224,-0.075,-0.061,-53.712,-56.986,43.043
1,2154728,0.657,6.245,10.312,-0.224,-0.075,-0.061,-53.712,-56.986,43.043
1,2154834,0.757,5.499,8.587,-0.351,-0.018,-0.115,-53.698,-56.445,41.567
1,2154905,0.640,4.373,7.966,-0.728,0.023,-0.126,-53.259,-56.124,40.208
1,2154995,0.497,4.052,7.250,0.143,-0.002,-0.119,-53.215,-55.525,39.068
1,2155024,0.249,3.327,7.155,0.316,0.010,-0.111,-52.792,-55.539,39.535
1,2155028,0.167,3.577,7.178,0.426,0.005,-0.117,-52.792,-55.232,39.886
1,2155135,0.114,2.888,5.624,-0.181,0.057,-0.144,-52.426,-55.832,38.702
1,2155205,0.041,2.438,7.007,0.694,0.024,-0.112,-52.046,-56.197,39.608
1,2155208,0.041,2.438,7.007,0.694,0.024,-0.112,-52.046,-56.197,39.608
1,2155211,0.041,2.438,6.997,0.694,0.024,-0.112,-52.046,-52.455,39.725
1,2155234,0.060,3.545,6.870,0.715,0.009,-0.117,-52.485,-56.621,39.667
1,2155325,-0.072,4.443,8.798,0.180,0.035,-0.117,-52.002,-57.439,39.944
1,2155329,-0.072,4.443,8.798,0.180,0.035,-0.117,-52.002,-57.439,39.944
1,2155414,-0.103,3.878,8.816,-0.439,0.040,-0.116,-51.403,-56.723,39.813
1,2155650,-0.067,5.383,8.301,0.404,-0.108,-0.017,-50.892,-57.308,39.842
1,2155714,-0.010,4.716,7.369,0.334,-0.125,0.012,-51.403,-57.586,41.216
1,2155718,-0.010,4.716,7.369,0.334,-0.125,0.012,-51.403,-57.586,41.216
1,2155927,0.138,5.123,6.493,0.363,-0.187,0.065,-51.885,-58.916,45.323
1,2156058,0.544,6.621,8.535,0.161,-0.131,0.022,-51.535,-59.120,45.265
1,2156310,0.353,7.741,9.142,-0.117,-0.065,0.002,-52.090,-59.573,46.054
1,2156344,0.299,7.637,9.375,-0.050,-0.057,0.009,-51.958,-59.573,45.455
1,2156452,0.037,6.954,8.937,0.183,-0.079,0.024,-52.017,-59.573,44.125
1,2156495,0.142,7.769,8.486,0.053,-0.070,0.018,-51.856,-59.369,44.344
1,2156499,0.142,7.769,8.486,0.053,-0.070,0.018,-51.725,-58.959,44.958
1,2156605,0.319,7.047,8.053,0.392,-0.087,0.020,-51.915,-58.769,43.861
1,2156717,0.416,6.755,8.491,-0.017,-0.064,-0.007,-51.812,-58.185,43.233
1,2156940,0.172,8.680,10.315,0.469,-0.070,-0.066,-51.798,-59.398,44.724
1,2156945,0.167,8.662,10.190,0.462,-0.075,-0.060,-51.798,-59.398,44.724
1,2157179,0.221,6.098,7.747,-0.133,-0.104,-0.051,-51.798,-58.477,44.241
1,2157318,0.358,4.806,7.082,-0.724,-0.087,-0.043,-52.119,-57.381,41.713
1,2157395,0.122,4.034,7.022,0.255,-0.140,0.005,-52.032,-57.118,41.611
1,2157455,0.097,3.771,6.191,-0.076,-0.126,0.001,-51.812,-57.118,41.713
1,2157514,0.073,2.453,5.968,-0.106,-0.131,-0.001,-52.178,-56.913,40.792
1,2157518,0.073,2.453,5.968,-0.106,-0.131,-0.001,-52.207,-56.913,40.792
1,2157522,0.093,2.451,5.858,0.075,-0.148,-0.001,-52.207,-56.913,40.792
1,2157647,0.342,5.096,7.217,0.195,-0.147,0.004,-52.572,-57.498,43.321
1,2157695,0.244,4.798,7.991,0.155,-0.142,0.002,-52.660,-57.469,43.248
1,2157699,0.252,5.006,8.095,0.264,-0.153,0.006,-52.660,-57.469,43.935
1,2157702,0.252,5.006,8.095,0.264,-0.153,0.006,-51.944,-57.542,43.935
1,2157724,0.336,5.436,7.839,0.404,-0.183,0.021,-52.587,-57.586,43.218
1,2158196,0.535,6.599,7.133,0.089,-0.046,-0.055,-53.420,-59.281,47.077
1,2158235,0.575,6.508,7.261,0.397,-0.094,-0.005,-53.172,-59.237,47.457
1,2158239,0.575,6.508,7.261,0.397,-0.094,-0.005,-53.157,-59.076,47.837
1,2158243,0.575,6.508,7.261,0.397,-0.094,-0.005,-53.157,-59.076,47.837
1,2158264,0.800,6.571,6.595,0.110,-0.054,-0.042,-53.464,-59.354,46.960
1,2158576,0.376,8.735,8.003,-0.288,0.033,-0.130,-52.148,-60.494,50.234
1,2158594,0.325,8.699,8.204,-0.304,0.032,-0.126,-52.543,-60.596,50.292
1,2158655,0.258,8.241,8.103,-0.225,0.024,-0.130,-52.207,-60.845,49.825
1,2158659,0.258,8.241,8.103,-0.155,0.024,-0.130,-52.207,-60.845,49.825
1,2158662,0.258,8.241,8.103,-0.155,0.024,-0.130,-52.207,-60.845,49.825
1,2158684,0.229,8.260,7.792,-0.009,0.011,-0.119,-51.944,-60.699,49.079
1,2158791,0.068,9.119,8.627,-0.038,0.005,-0.122,-51.915,-60.596,48.115
1,2158804,0.024,9.129,8.828,-0.044,-0.004,-0.108,-51.666,-60.728,47.925
1,2158895,0.061,9.785,10.002,0.184,-0.053,-0.076,-50.862,-60.684,47.238
1,2158898,0.061,9.785,10.002,0.184,-0.053,-0.076,-50.862,-60.684,47.238
1,2158902,0.115,9.960,9.986,0.227,-0.060,-0.075,-50.877,-60.655,48.319
1,2158924,0.133,10.305,10.143,0.235,-0.064,-0.073,-51.125,-60.976,48.553
1,2158927,0.133,10.305,10.143,0.235,-0.064,-0.073,-51.125,-60.976,48.553
1,2158955,0.114,10.158,10.282,0.274,-0.084,-0.056,-50.935,-60.640,47.428
1,2158958,0.097,10.125,10.181,0.290,-0.092,-0.053,-50.935,-60.640,47.428
1,2159044,0.006,8.691,9.377,-0.402,-0.094,-0.046,-51.096,-60.392,47.398
1,2159253,0.453,4.804,5.493,0.117,-0.166,-0.012,-51.374,-58.360,43.613
1,2159360,0.281,4.478,5.143,0.281,-0.171,-0.007,-51.111,-58.755,44.987
1,2159375,0.252,4.252,4.988,0.210,-0.165,-0.015,-51.549,-58.462,45.045
1,2159481,0.044,4.269,5.176,0.797,-0.195,0.001,-51.388,-59.062,46.448
1,2159554,0.175,5.908,6.319,0.430,-0.169,-0.010,-51.827,-59.442,48.699
1,2159645,0.184,6.924,7.368,0.509,-0.165,-0.006,-51.900,-59.851,49.737
1,2159648,0.184,6.924,7.368,0.509,-0.165,-0.006,-52.105,-60.099,50.745
1,2159652,0.227,7.077,7.259,0.509,-0.165,-0.006,-52.105,-60.099,50.745
1,2159674,0.250,7.035,6.908,0.263,-0.159,0.004,-52.134,-60.129,50.424
1,2159764,0.176,5.222,5.689,-0.038,-0.133,-0.022,-51.681,-59.749,48.831
1,2160000,0.364,6.871,4.850,-0.140,-0.111,-0.028,-52.499,-61.517,56.445
1,2160004,0.343,6.799,4.784,-0.206,-0.100,-0.033,-52.572,-61.473,56.942
1,2160035,0.273,6.798,5.403,-0.308,-0.077,-0.060,-53.142,-61.429,55.364
1,2160039,0.273,6.798,5.403,-0.308,-0.077,-0.060,-52.032,-61.473,55.349
1,2160041,0.273,6.798,5.403,-0.308,-0.077,-0.060,-52.032,-61.473,55.349
1,2160064,0.092,7.028,6.396,0.155,-0.098,-0.043,-52.543,-61.342,55.963
1,2160068,0.092,7.028,6.396,0.155,-0.098,-0.043,-52.543,-61.342,55.963
1,2160125,0.530,8.946,6.571,0.621,-0.117,-0.038,-53.084,-61.824,57.498
1,2160128,0.530,8.946,6.571,0.621,-0.117,-0.038,-53.084,-61.824,57.498
1,2160214,0.608,8.844,7.029,-0.208,-0.065,-0.088,-52.835,-61.985,56.913
1,2160218,0.608,8.844,7.029,-0.208,-0.065,-0.088,-52.835,-61.985,56.913
1,2160222,0.505,8.800,7.137,-0.166,-0.064,-0.086,-52.835,-61.985,56.855
1,2160275,0.546,8.432,6.573,0.040,-0.075,-0.081,-52.543,-61.970,56.519
1,2160334,0.542,8.607,7.035,0.148,-0.066,-0.094,-52.441,-61.897,56.182
1,2160338,0.437,8.815,7.244,0.224,-0.065,-0.099,-52.441,-61.897,56.182
1,2160424,0.633,10.280,7.561,-0.285,-0.051,-0.112,-52.368,-62.306,57.015
1,2160455,0.574,9.964,7.265,-0.178,-0.064,-0.098,-48.685,-61.897,57.045
1,2160458,0.574,9.964,7.265,-0.178,-0.064,-0.098,-52.075,-61.897,57.045
1,2160461,0.574,9.964,7.265,-0.178,-0.064,-0.098,-52.075,-61.897,57.045
1,2160648,0.239,9.522,6.854,0.011,-0.079,-0.084,-51.666,-61.868,55.379
1,2160828,0.242,11.036,7.982,0.387,-0.119,-0.059,-50.877,-62.672,55.963
1,2160844,0.197,11.042,8.028,0.470,-0.130,-0.051,-51.856,-62.745,56.022
1,2161110,0.531,7.347,5.356,-0.847,-0.120,-0.007,-52.879,-61.941,56.533
1,2161115,0.531,7.347,5.356,-0.847,-0.120,-0.007,-52.879,-61.941,56.533
1,2161324,0.374,5.069,4.918,0.600,-0.188,0.037,-52.587,-61.444,54.984
1,2161327,0.404,5.420,4.806,0.564,-0.193,0.032,-52.485,-61.649,56.445
1,2161331,0.404,5.420,4.806,0.564,-0.193,0.032,-52.485,-61.649,56.445
1,2161354,0.319,5.799,4.845,0.193,-0.155,0.028,-52.982,-61.210,55.992
1,2161384,0.329,5.537,4.964,-0.056,-0.150,0.011,-52.894,-61.020,56.241
1,2161388,0.329,5.537,4.964,-0.056,-0.150,0.011,-52.499,-61.064,56.124
1,2161392,0.329,5.537,4.964,-0.056,-0.150,0.011,-52.499,-61.064,56.124
1,2161414,0.395,6.097,5.134,0.236,-0.155,0.031,-52.850,-60.947,55.452
1,2161783,0.486,5.493,4.400,0.431,-0.114,-0.010,-53.011,-61.707,55.832
1,2161967,0.474,6.568,5.446,0.004,-0.045,-0.071,-52.835,-61.415,57.980
1,2162044,0.354,7.670,5.590,0.479,-0.056,-0.066,-52.514,-62.189,58.389
1,2162048,0.372,7.714,5.573,0.509,-0.056,-0.067,-52.762,-61.605,58.506
1,2162075,0.504,8.055,5.709,0.487,-0.051,-0.083,-52.762,-61.751,59.339
1,2162105,0.303,8.400,6.479,0.624,-0.046,-0.075,-52.587,-62.482,59.559
1,2162108,0.341,8.390,6.424,0.729,-0.065,-0.064,-52.587,-61.736,60.099
1,2162112,0.341,8.390,6.424,0.729,-0.065,-0.064,-52.572,-61.736,60.099
1,2162165,0.307,9.313,6.092,0.335,-0.038,-0.083,-52.280,-62.833,61.196
1,2162168,0.536,9.313,6.092,0.164,-0.028,-0.098,-52.280,-62.833,61.196
1,2162171,0.536,9.313,6.092,0.164,-0.028,-0.098,-52.017,-62.146,60.874
1,2162194,0.656,8.746,6.264,-0.097,-0.027,-0.095,-52.441,-62.628,61.049
1,2162198,0.676,8.746,6.264,-0.134,-0.013,-0.098,-52.572,-62.628,61.049
1,2162201,0.676,8.746,6.264,-0.134,-0.013,-0.098,-52.572,-62.628,61.049
1,2162224,0.843,9.299,6.572,0.144,-0.024,-0.103,-52.719,-63.125,60.304
1,2162434,0.440,10.376,6.979,0.072,-0.012,-0.112,-51.812,-63.213,58.316
1,2162464,0.346,10.522,6.961,0.127,-0.031,-0.090,-51.652,-62.818,59.120
1,2162468,0.345,10.563,6.823,0.127,-0.031,-0.083,-51.652,-62.818,59.120
1,2162495,0.331,10.733,6.796,-0.017,-0.023,-0.097,-51.842,-63.271,58.506
1,2162601,0.142,10.207,6.709,-0.103,-0.045,-0.067,-51.578,-63.008,56.635
1,2162645,0.251,9.894,6.928,0.160,-0.075,-0.048,-51.578,-62.701,56.855
1,2163059,0.591,6.782,5.026,-0.586,-0.092,-0.017,-51.783,-61.619,55.788
1,2163094,0.558,6.230,4.784,-0.597,-0.105,-0.005,-52.105,-61.327,54.531
1,2163432,0.214,6.379,5.054,0.253,-0.109,-0.026,-52.148,-61.985,56.782
1,2163484,0.268,7.255,5.643,0.330,-0.106,-0.021,-52.412,-61.809,56.489
1,2163899,0.418,6.806,5.438,0.523,-0.064,-0.073,-52.178,-62.043,55.379
1,2163905,0.418,6.806,5.438,0.523,-0.064,-0.073,-52.178,-62.043,55.379
1,2163995,0.205,7.488,5.703,0.447,-0.048,-0.092,-52.119,-62.569,56.650
1,2163999,0.205,7.488,5.703,0.447,-0.048,-0.092,-52.119,-62.569,56.650
1,2164054,0.178,8.009,6.034,0.358,-0.026,-0.110,-51.885,-62.993,57.659
1,2164084,0.133,8.581,6.622,0.830,-0.060,-0.098,-51.549,-63.037,57.659
1,2164088,0.133,8.581,6.622,0.830,-0.060,-0.098,-51.549,-63.037,57.659
1,2164145,0.224,10.452,6.522,0.749,-0.060,-0.099,-51.666,-63.856,60.976
1,2164440,-0.116,9.528,7.222,-0.389,-0.051,-0.049,-50.906,-62.569,53.055
1,2164474,-0.172,8.941,7.406,-0.144,-0.072,-0.035,-50.950,-62.292,51.988
1,2164478,-0.172,8.941,7.406,-0.144,-0.072,-0.035,-50.950,-62.292,51.988
1,2164584,-0.134,9.331,7.432,-0.086,-0.108,-0.002,-51.008,-62.438,52.280
1,2164654,-0.050,9.918,7.841,0.396,-0.156,0.026,-50.921,-62.116,52.178
1,2164658,-0.050,9.918,7.841,0.396,-0.156,0.026,-50.950,-61.926,53.332
1,2164661,-0.022,10.184,7.882,0.396,-0.162,0.029,-50.950,-61.926,53.332
1,2164684,0.108,10.359,8.020,0.304,-0.159,0.028,-51.418,-62.248,53.128
1,2164714,0.172,10.644,8.420,0.436,-0.172,0.042,-51.520,-62.014,53.332
1,2164774,0.291,11.816,8.693,0.319,-0.187,0.061,-51.388,-62.716,54.735
1,2164779,0.322,11.667,8.635,0.301,-0.189,0.068,-51.067,-61.897,55.744
1,2164782,0.322,11.667,8.635,0.301,-0.189,0.068,-51.067,-61.897,55.744
1,2164834,0.370,10.575,7.779,-0.050,-0.189,0.075,-51.739,-62.248,55.802
1,2164838,0.370,10.575,7.779,-0.144,-0.183,0.075,-51.739,-62.248,55.145
1,2164865,0.315,9.036,7.488,-0.084,-0.195,0.084,-51.768,-62.306,55.788
1,2164894,0.439,8.394,7.150,0.198,-0.211,0.087,-51.520,-61.824,55.013
1,2164898,0.439,8.394,7.150,0.198,-0.211,0.087,-51.520,-61.824,55.013
1,2164901,0.439,8.394,7.150,0.198,-0.211,0.087,-51.739,-61.561,55.759
1,2164924,0.559,8.285,6.650,0.327,-0.225,0.103,-51.710,-61.766,55.612
1,2165263,0.268,5.100,4.339,0.090,-0.122,-0.031,-52.938,-60.976,53.902
1,2165285,0.111,4.465,4.762,0.308,-0.094,-0.054,-52.909,-61.108,54.794
1,2165289,0.111,4.465,4.762,0.088,-0.094,-0.054,-52.909,-61.108,54.794
1,2165291,0.111,4.465,4.762,0.088,-0.094,-0.054,-52.704,-60.479,55.028
1,2165344,0.147,5.720,4.788,0.564,-0.112,-0.057,-52.879,-60.991,55.013
1,2165405,0.256,6.347,5.166,0.259,-0.092,-0.073,-52.967,-61.371,55.773
1,2165409,0.256,6.347,5.166,0.259,-0.092,-0.073,-52.967,-61.371,55.773
1,2165412,0.290,6.409,5.414,0.213,-0.086,-0.081,-52.967,-61.371,55.773
1,2165434,0.250,6.455,5.829,0.285,-0.083,-0.070,-52.792,-61.283,55.949
1,2165495,0.329,6.937,5.777,0.519,-0.094,-0.071,-52.587,-61.605,56.635
1,2165601,0.358,6.797,5.404,0.093,-0.055,-0.100,-52.353,-61.912,58.199
1,2165645,0.462,6.653,4.984,0.169,-0.062,-0.104,-52.265,-62.599,58.462
1,2165648,0.412,6.651,4.947,0.148,-0.051,-0.111,-52.105,-61.985,58.199
1,2165778,0.407,6.833,4.387,0.682,-0.062,-0.139,-52.280,-62.789,60.552
1,2165855,0.345,8.472,4.375,0.359,-0.045,-0.160,-52.412,-63.593,63.476
1,2165915,0.254,7.901,4.002,-0.439,0.004,-0.172,-52.134,-63.695,62.730
1,2166004,0.122,8.950,5.051,0.144,-0.020,-0.176,-51.359,-63.636,61.634
1,2166035,-0.056,9.319,5.227,0.533,-0.059,-0.119,-51.140,-63.549,61.882
1,2166039,-0.054,9.599,5.103,0.616,-0.067,-0.111,-51.140,-63.899,62.584
1,2166041,-0.054,9.599,5.103,0.616,-0.067,-0.111,-51.067,-63.899,62.584
1,2166064,0.025,9.587,4.829,0.454,-0.065,-0.127,-51.330,-64.016,63.198
1,2166068,0.038,9.771,4.975,0.335,-0.048,-0.134,-51.330,-64.016,63.198
1,2166094,0.002,9.836,5.645,0.193,-0.029,-0.145,-51.257,-64.119,62.935
1,2166098,0.025,9.952,5.805,0.296,-0.046,-0.134,-51.257,-64.119,62.935
1,2166102,0.025,9.952,5.805,0.296,-0.046,-0.134,-50.994,-64.309,63.081
1,2166125,0.112,10.585,5.252,0.557,-0.079,-0.101,-51.052,-64.440,64.279
1,2166128,0.078,10.668,5.489,0.523,-0.075,-0.100,-51.052,-64.440,64.279
1,2166185,-0.017,10.349,5.840,0.084,-0.062,-0.087,-50.555,-64.046,63.812
1,2166275,0.176,11.555,6.115,0.393,-0.106,-0.054,-50.526,-64.762,64.776
1,2166279,0.176,11.555,6.115,0.393,-0.106,-0.054,-50.526,-64.762,64.776
1,2166282,0.238,11.780,6.108,0.393,-0.109,-0.049,-50.526,-64.762,64.776
1,2166304,0.187,11.873,6.044,0.149,-0.105,-0.037,-51.286,-64.718,65.390
1,2166334,0.281,11.350,5.961,-0.153,-0.100,-0.027,-50.102,-64.776,64.762
1,2166338,0.281,11.350,5.961,-0.153,-0.100,-0.027,-50.102,-64.776,64.762
1,2166342,0.257,11.157,5.974,-0.214,-0.099,-0.028,-50.102,-64.776,64.762
1,2166394,0.335,11.130,5.958,-0.034,-0.127,0.000,-50.935,-64.528,64.601
1,2166398,0.335,11.130,5.958,-0.034,-0.127,0.000,-50.935,-64.528,64.601
1,2166401,0.327,11.196,5.961,-0.004,-0.133,0.004,-50.935,-64.528,64.601
1,2166424,0.359,11.401,5.919,0.046,-0.144,0.015,-50.541,-64.382,64.046
1,2166427,0.359,11.401,5.919,0.046,-0.144,0.015,-50.541,-64.382,64.046
1,2166431,0.310,11.433,5.894,0.028,-0.148,0.020,-50.117,-63.783,64.294
1,2166557,0.153,10.095,5.517,-0.203,-0.161,0.018,-51.198,-63.797,63.081
1,2166605,0.195,9.861,5.451,0.098,-0.192,0.031,-51.140,-63.856,62.496
1,2166608,0.195,9.861,5.451,0.142,-0.192,0.031,-51.140,-63.856,62.496
1,2166665,0.238,10.497,5.603,0.481,-0.217,0.024,-51.535,-64.265,63.607
1,2166724,0.351,11.287,5.710,0.354,-0.213,0.011,-51.403,-63.841,64.630
1,2166727,0.351,11.287,5.710,0.354,-0.213,0.011,-51.520,-63.841,64.630
1,2166785,0.207,10.717,5.761,-0.033,-0.188,-0.016,-51.754,-64.250,64.265
1,2166789,0.207,10.717,5.761,-0.033,-0.188,-0.016,-52.032,-63.680,64.206
1,2166814,0.230,10.555,5.520,0.184,-0.204,-0.006,-52.163,-63.914,63.929
1,2166819,0.230,10.555,5.520,0.184,-0.204,-0.006,-52.163,-63.914,63.929
1,2166822,0.208,10.484,5.429,0.193,-0.202,-0.009,-51.783,-63.929,64.879
1,2166844,0.200,10.488,5.409,0.177,-0.202,-0.005,-52.236,-64.060,65.200
1,2166875,0.281,9.910,4.940,-0.044,-0.200,0.002,-52.222,-64.119,65.639
1,2166878,0.261,9.569,4.781,-0.044,-0.200,0.000,-52.222,-64.119,65.639
1,2166881,0.261,9.569,4.781,-0.167,-0.189,0.000,-52.222,-64.119,65.639
1,2166935,0.203,7.825,4.696,-0.193,-0.186,-0.010,-52.616,-63.490,64.659
1,2166995,0.246,7.019,4.403,-0.117,-0.178,-0.018,-52.426,-63.271,64.353
1,2166999,0.208,6.930,4.443,-0.006,-0.188,-0.017,-52.426,-63.271,64.353
1,2167001,0.208,6.930,4.443,-0.006,-0.188,-0.017,-52.426,-63.271,64.353
1,2167127,0.511,7.204,4.264,-0.098,-0.176,-0.015,-52.850,-63.139,64.557
1,2167145,0.449,6.882,4.409,-0.166,-0.166,-0.021,-52.455,-63.183,63.563
1,2167148,0.449,6.882,4.409,-0.166,-0.166,-0.021,-52.455,-63.183,63.563
1,2167152,0.445,6.686,4.447,-0.166,-0.166,-0.021,-52.455,-63.183,63.563
1,2167174,0.488,6.730,4.619,0.137,-0.178,-0.022,-52.602,-63.198,63.709
1,2167178,0.488,6.730,4.619,0.137,-0.178,-0.022,-52.485,-62.993,64.733
1,2167182,0.452,6.896,4.772,0.319,-0.184,-0.013,-52.485,-62.993,64.733
1,2167204,0.505,7.609,4.634,0.539,-0.206,-0.004,-52.616,-63.154,65.288
1,2167440,0.587,7.060,4.574,0.222,-0.125,-0.060,-52.952,-63.242,64.279
1,2167475,0.641,7.945,4.519,0.516,-0.160,-0.045,-53.435,-63.169,64.689
1,2167478,0.641,7.945,4.519,0.513,-0.160,-0.051,-53.435,-63.169,64.689
1,2167482,0.641,7.945,4.519,0.513,-0.160,-0.051,-53.435,-63.169,64.689
1,2167564,0.532,8.195,4.659,0.100,-0.111,-0.078,-52.821,-63.724,66.019
1,2167568,0.532,8.195,4.659,0.100,-0.111,-0.078,-52.821,-63.724,66.019
1,2167697,0.475,7.181,4.307,0.249,-0.095,-0.103,-52.558,-63.593,66.340
1,2167745,0.510,8.024,4.258,0.323,-0.109,-0.090,-52.719,-63.812,67.042
1,2167804,0.451,7.631,4.149,-0.446,-0.053,-0.119,-52.572,-63.417,65.142
1,2167808,0.343,7.139,4.119,-0.443,-0.048,-0.120,-52.572,-63.417,65.142
1,2167812,0.343,7.139,4.119,-0.443,-0.048,-0.120,-52.572,-63.417,65.142
1,2167833,0.415,7.034,4.178,-0.252,-0.056,-0.125,-52.558,-63.169,64.791
1,2167837,0.455,7.219,4.136,-0.139,-0.064,-0.127,-52.558,-63.169,64.791
1,2167841,0.455,7.219,4.136,-0.139,-0.064,-0.127,-52.441,-62.628,64.835
1,2167864,0.434,7.512,4.256,0.043,-0.066,-0.122,-52.163,-63.505,65.463
1,2167868,0.335,7.457,4.301,0.125,-0.065,-0.116,-52.163,-63.505,65.463
1,2167895,0.340,7.350,4.213,0.342,-0.079,-0.111,-51.988,-63.315,65.288
1,2168058,0.403,9.374,4.197,0.132,-0.072,-0.088,-51.973,-64.236,67.714
1,2168134,0.311,9.796,4.683,0.420,-0.081,-0.081,-51.622,-64.820,67.583
1,2168344,0.258,11.454,5.360,-0.277,-0.057,-0.053,-51.652,-64.440,67.890
1,2168347,0.227,11.274,5.468,-0.324,-0.051,-0.055,-51.652,-64.440,67.890
1,2168351,0.227,11.274,5.468,-0.324,-0.051,-0.055,-51.652,-64.440,67.890
1,2168375,0.267,10.843,5.308,-0.061,-0.086,-0.017,-51.885,-64.601,67.349
1,2168435,0.281,10.525,5.186,-0.020,-0.090,-0.016,-51.856,-64.703,66.969
1,2168541,0.327,10.068,4.842,-0.097,-0.089,-0.015,-51.885,-64.382,65.873
1,2168584,0.316,10.101,4.966,0.100,-0.104,-0.006,-52.046,-64.645,66.340
1,2168588,0.316,10.101,4.966,0.100,-0.104,-0.006,-51.842,-64.031,66.340
1,2168592,0.316,10.283,4.981,0.153,-0.106,-0.006,-51.842,-64.031,66.340
1,2168614,0.347,10.552,5.164,0.191,-0.104,-0.012,-52.017,-64.192,66.004
1,2168618,0.347,10.552,5.164,0.191,-0.104,-0.012,-52.017,-64.192,66.004
1,2168724,0.526,12.129,4.996,0.371,-0.122,0.004,-52.236,-65.083,67.758
1,2168735,0.544,12.422,4.921,0.423,-0.119,-0.004,-51.856,-64.849,68.123
1,2168739,0.511,12.595,4.956,0.426,-0.112,-0.010,-51.856,-64.849,68.123
1,2168742,0.511,12.595,4.956,0.426,-0.112,-0.010,-51.856,-64.849,68.123
1,2168764,0.397,12.469,5.044,0.418,-0.117,0.012,-52.295,-64.923,68.313
1,2168794,0.291,11.751,4.952,0.255,-0.116,0.007,-51.958,-64.879,68.386
1,2169004,0.500,7.749,4.768,-0.363,-0.089,-0.007,-52.777,-63.856,66.954
1,2169094,0.389,6.806,4.343,-0.484,-0.073,-0.011,-52.397,-63.329,64.148
1,2169098,0.313,6.431,4.264,-0.484,-0.070,-0.012,-52.397,-63.329,64.148
1,2169102,0.313,6.431,4.264,-0.561,-0.070,-0.012,-52.412,-62.993,63.826
1,2169124,0.348,5.645,4.150,-0.615,-0.065,-0.017,-52.792,-62.964,62.993
1,2169155,0.352,5.361,4.215,-0.451,-0.061,-0.029,-52.602,-62.569,61.853
1,2169214,0.419,5.258,3.941,-0.033,-0.071,-0.024,-52.441,-62.613,61.210
1,2169218,0.390,5.314,3.939,-0.001,-0.071,-0.021,-52.441,-62.613,61.210
1,2169222,0.390,5.314,3.939,-0.001,-0.071,-0.021,-52.207,-62.438,61.561
1,2169244,0.339,5.251,3.869,-0.012,-0.072,-0.020,-52.675,-62.979,61.020
1,2169351,0.367,6.287,4.588,0.312,-0.072,-0.029,-52.412,-63.110,61.751
1,2169395,0.372,7.223,4.958,0.172,-0.056,-0.037,-52.280,-62.803,62.321
1,2169528,0.384,7.790,4.822,-0.065,-0.053,-0.044,-51.958,-62.891,62.452
1,2169544,0.294,7.395,4.854,-0.082,-0.054,-0.040,-52.309,-63.490,62.029
1,2169753,0.154,7.292,4.083,-0.180,-0.050,-0.035,-52.353,-63.066,62.891
1,2169785,0.135,7.784,4.512,0.109,-0.053,-0.051,-52.148,-63.227,62.599
1,2169815,0.181,7.685,4.369,0.659,-0.098,-0.005,-52.368,-63.329,62.599
1,2170024,0.626,9.641,4.321,0.367,-0.086,0.010,-52.046,-64.206,68.664
1,2170055,0.610,9.935,4.508,0.272,-0.060,-0.054,-52.075,-64.703,69.088
1,2170058,0.569,10.018,4.659,0.329,-0.062,-0.042,-52.075,-64.703,69.088
1,2170115,0.325,10.686,4.525,0.244,-0.053,-0.059,-52.119,-64.616,69.965
1,2170119,0.544,10.686,4.525,0.156,-0.040,-0.073,-51.900,-64.586,70.140
1,2170122,0.544,10.686,4.525,0.156,-0.040,-0.073,-51.900,-64.586,70.140
1,2170145,0.608,10.588,4.262,0.429,-0.094,-0.012,-51.973,-64.908,70.988
1,2170148,0.608,10.588,4.262,0.429,-0.094,-0.012,-51.973,-64.908,70.988
1,2170235,0.445,10.757,4.070,0.039,-0.065,-0.048,-51.725,-65.273,71.280
1,2170238,0.445,10.757,4.070,0.039,-0.065,-0.048,-51.286,-65.039,71.207
1,2170294,0.407,10.804,4.136,0.098,-0.078,-0.037,-51.695,-65.273,69.833
1,2170325,0.327,10.953,4.247,-0.066,-0.061,-0.062,-51.842,-65.244,71.178
1,2170329,0.327,10.953,4.247,-0.066,-0.061,-0.062,-51.842,-65.244,71.178
1,2170415,0.313,10.787,4.252,-0.130,-0.079,-0.035,-52.163,-65.010,69.176
1,2170418,0.269,10.628,4.276,-0.130,-0.082,-0.027,-52.163,-65.010,69.176
1,2170422,0.269,10.628,4.276,-0.110,-0.082,-0.027,-51.944,-64.279,69.658
1,2170444,0.325,10.528,4.251,-0.040,-0.090,-0.027,-52.295,-64.762,69.643
1,2170475,0.380,10.751,4.290,0.011,-0.098,-0.021,-51.827,-65.186,69.263
1,2170684,0.591,12.814,4.891,0.442,-0.147,-0.021,-51.973,-64.630,69.906
1,2170714,0.579,12.298,4.806,0.238,-0.143,-0.018,-52.382,-64.981,69.877
1,2170718,0.579,12.298,4.806,0.238,-0.143,-0.018,-52.426,-64.733,70.462
1,2170774,0.577,11.612,4.628,0.148,-0.147,-0.018,-52.163,-64.630,70.593
1,2170805,0.500,10.461,4.349,-0.060,-0.133,-0.039,-51.900,-64.294,70.476
1,2170938,0.443,8.213,3.997,0.034,-0.145,-0.054,-52.192,-64.382,70.345
1,2171015,0.345,7.207,3.515,-0.057,-0.142,-0.066,-52.368,-64.411,69.775
1,2171250,0.290,7.003,3.574,0.330,-0.139,-0.071,-51.798,-64.411,67.802
1,2171417,0.284,8.089,4.234,0.470,-0.136,-0.073,-51.842,-64.455,69.395
1,2171464,0.327,8.742,4.040,0.436,-0.132,-0.073,-52.090,-64.703,70.330
1,2171468,0.327,8.742,4.040,0.354,-0.132,-0.073,-52.090,-64.703,70.330
1,2171472,0.327,8.742,4.040,0.354,-0.132,-0.073,-52.090,-64.703,70.330
1,2171494,0.243,8.432,3.879,0.136,-0.115,-0.086,-52.032,-64.630,70.403
1,2171525,0.188,7.950,3.763,0.166,-0.123,-0.077,-51.871,-64.221,70.550
1,2171584,0.182,7.970,3.217,0.457,-0.142,-0.060,-51.856,-64.484,71.880
1,2171588,0.182,7.970,3.217,0.457,-0.142,-0.060,-51.856,-64.484,71.880
1,2171592,0.201,8.119,3.279,0.457,-0.137,-0.073,-51.856,-64.484,71.880
1,2171614,0.179,8.798,3.498,0.536,-0.134,-0.075,-51.783,-64.952,71.646
1,2171618,0.179,8.798,3.498,0.536,-0.134,-0.075,-51.783,-64.952,71.646
1,2171705,0.245,8.669,2.729,-0.081,-0.116,-0.048,-52.017,-65.332,73.166
1,2171811,0.229,8.729,3.251,0.400,-0.125,-0.043,-51.783,-64.849,72.698
1,2171855,0.274,8.943,3.412,0.771,-0.151,-0.015,-51.622,-64.806,74.817
1,2171858,0.358,9.168,3.309,0.859,-0.160,-0.013,-51.622,-64.806,74.817
1,2171884,0.400,9.769,3.150,0.849,-0.154,-0.013,-52.046,-65.113,75.767
1,2171915,0.359,9.234,3.297,0.381,-0.123,-0.024,-51.462,-65.098,76.586
1,2171918,0.359,9.234,3.297,0.381,-0.123,-0.024,-51.096,-65.098,77.156
1,2172127,0.623,11.716,3.029,-0.088,-0.088,-0.026,-51.754,-65.770,80.941
1,2172214,0.604,12.770,3.112,0.001,-0.088,-0.032,-51.491,-66.165,80.985
1,2172218,0.607,12.694,3.144,-0.097,-0.081,-0.020,-51.491,-66.165,80.985
1,2172305,0.421,11.196,3.072,-0.230,-0.081,-0.002,-51.798,-65.551,78.968
1,2172308,0.432,11.160,2.954,-0.059,-0.093,0.009,-51.505,-65.273,78.705
1,2172312,0.432,11.160,2.954,-0.059,-0.093,0.009,-51.505,-65.273,78.705
1,2172540,0.463,11.841,2.885,0.379,-0.095,0.002,-52.368,-65.873,78.427
1,2172544,0.452,12.057,3.021,0.391,-0.095,-0.001,-52.324,-65.536,78.822
1,2172548,0.452,12.057,3.021,0.391,-0.095,-0.001,-52.324,-65.536,78.822
1,2172575,0.491,12.488,2.922,0.533,-0.106,0.021,-52.148,-65.376,79.553
1,2172579,0.491,12.488,2.922,0.533,-0.106,0.021,-52.002,-64.864,80.196
1,2172634,0.504,12.061,3.051,0.123,-0.079,0.011,-51.944,-65.712,79.962
1,2172638,0.475,11.568,3.090,0.140,-0.081,0.017,-52.075,-65.142,80.196
1,2172642,0.475,11.568,3.090,0.140,-0.081,0.017,-52.075,-65.142,80.196
1,2172664,0.401,11.024,3.155,0.283,-0.089,0.011,-52.236,-65.814,80.474
1,2172828,0.651,9.296,2.855,-0.352,-0.050,-0.038,-52.558,-65.215,79.918
1,2173008,0.451,7.469,2.902,0.028,-0.039,-0.068,-51.827,-64.791,74.978
1,2173025,0.430,7.563,2.874,0.081,-0.048,-0.075,-52.207,-64.747,74.920
1,2173029,0.430,7.563,2.874,0.081,-0.048,-0.075,-52.207,-64.747,74.920
1,2173032,0.422,7.529,2.771,0.083,-0.049,-0.068,-52.002,-64.630,75.051
1,2173054,0.379,7.195,2.667,-0.043,-0.032,-0.068,-52.090,-64.659,74.364
1,2173084,0.379,7.076,2.631,-0.397,-0.010,-0.100,-51.958,-64.952,74.145
1,2173088,0.337,6.895,2.656,-0.509,0.002,-0.099,-51.958,-64.952,74.145
1,2173092,0.337,6.895,2.656,-0.509,0.002,-0.099,-52.061,-64.601,73.853
1,2173114,0.284,6.422,2.676,-0.711,0.017,-0.103,-51.885,-64.674,73.253
1,2173145,0.187,6.099,2.889,-0.823,0.037,-0.123,-52.075,-64.586,71.076
1,2173149,0.123,5.983,3.077,-0.770,0.038,-0.116,-52.075,-64.586,71.076
1,2173152,0.123,5.983,3.077,-0.770,0.038,-0.116,-51.637,-64.236,70.403
1,2173174,0.093,5.690,3.058,-0.562,0.013,-0.111,-52.543,-64.002,69.790
1,2173281,0.016,7.156,3.569,-0.139,0.006,-0.117,-51.535,-63.812,69.146
1,2173294,-0.010,7.285,4.050,-0.119,0.022,-0.126,-51.535,-63.958,69.059
1,2173384,0.091,9.783,4.910,0.103,0.002,-0.116,-51.549,-64.426,69.468
1,2173388,0.091,9.783,4.910,0.103,0.002,-0.116,-51.549,-64.426,69.468
1,2173445,0.118,9.083,4.674,-0.830,0.060,-0.123,-51.257,-64.148,67.261
1,2173449,0.118,9.083,4.674,-0.830,0.060,-0.123,-51.505,-64.089,66.706
1,2173475,0.328,8.642,4.556,-1.253,0.090,-0.140,-51.082,-64.163,65.083
1,2173504,0.244,8.747,4.990,-1.666,0.121,-0.151,-50.994,-63.388,61.926
1,2173508,0.179,8.680,5.136,-1.666,0.121,-0.150,-50.877,-62.745,60.392
1,2173535,0.230,8.709,5.171,-1.929,0.134,-0.148,-51.023,-62.482,58.053
1,2173565,0.156,8.401,5.531,-2.136,0.164,-0.149,-50.862,-62.102,55.379
1,2173595,-0.042,7.909,6.084,-1.844,0.143,-0.120,-50.965,-61.561,51.038
1,2173598,-0.069,7.747,6.240,-1.655,0.136,-0.109,-50.965,-61.561,51.038
1,2173602,-0.069,7.747,6.240,-1.655,0.136,-0.109,-50.965,-61.561,51.038
1,2173727,-0.506,7.640,7.555,-0.589,0.086,-0.061,-50.322,-60.070,46.551
1,2173745,-0.532,6.694,7.748,-0.673,0.082,-0.055,-50.088,-59.909,45.718
1,2173749,-0.532,6.694,7.748,-0.673,0.082,-0.055,-50.088,-59.909,45.718
1,2173751,-0.532,6.694,7.748,-0.673,0.082,-0.055,-49.985,-59.778,45.265
1,2173774,-0.541,7.164,7.981,-0.490,0.067,-0.050,-49.474,-59.880,44.826
1,2173778,-0.541,7.164,7.981,-0.490,0.067,-0.050,-49.781,-59.471,44.943
1,2174215,-0.648,7.116,7.354,0.447,-0.095,0.031,-49.269,-60.494,46.682
1,2174285,-0.562,6.991,6.904,0.749,-0.140,0.048,-49.810,-60.859,48.685
