1,208387,0.797,-8.346,4.960,-0.010,-0.002,0.020,-1.608,11.079,23.677
1,208391,0.797,-8.346,4.960,-0.010,-0.002,0.020,-1.608,11.079,23.677
1,208394,0.757,-8.340,4.977,-0.010,-0.002,0.020,-1.608,11.079,23.677
1,208398,0.757,-8.340,4.977,-0.021,-0.004,0.023,-1.403,11.049,24.393
1,208449,0.741,-8.569,4.904,-0.092,-0.012,0.035,-1.739,10.947,24.510
1,208452,0.741,-8.569,4.904,-0.092,-0.012,0.035,-1.739,10.947,24.510
1,208456,0.743,-8.578,4.885,-0.101,-0.016,0.037,-1.739,10.947,24.510
1,208478,0.717,-8.666,4.866,-0.104,-0.015,0.039,-1.418,11.210,23.970
1,208482,0.703,-8.713,4.885,-0.104,-0.015,0.039,-1.418,11.210,23.970
1,208486,0.703,-8.713,4.885,-0.098,-0.022,0.038,-1.198,11.429,24.262
1,208508,0.664,-8.782,4.857,-0.089,-0.020,0.037,-1.272,10.932,24.335
1,208512,0.608,-8.838,4.806,-0.094,-0.024,0.035,-0.745,11.356,24.817
1,208540,0.604,-8.907,4.768,-0.126,-0.031,0.029,-0.731,11.064,24.934
1,208542,0.617,-8.942,4.752,-0.149,-0.032,0.029,-0.731,11.064,24.934
1,208546,0.617,-8.942,4.752,-0.149,-0.032,0.029,-0.731,11.064,24.934
1,208569,0.616,-8.880,4.630,-0.193,-0.039,0.022,-1.082,11.386,24.028
1,208572,0.580,-8.859,4.554,-0.208,-0.040,0.020,-0.438,11.590,25.256
1,208576,0.580,-8.859,4.554,-0.208,-0.040,0.020,-0.438,11.590,25.256
1,208598,0.502,-8.892,4.362,-0.231,-0.048,0.013,-1.155,11.122,24.949
1,208629,0.438,-8.797,4.172,-0.200,-0.064,0.004,-1.052,10.962,25.270
1,208633,0.438,-8.797,4.172,-0.200,-0.064,0.004,-1.052,10.962,25.270
1,208636,0.438,-8.797,4.172,-0.200,-0.064,0.004,-0.351,11.020,26.308
1,208659,0.397,-8.703,4.064,-0.099,-0.072,-0.010,-1.052,11.210,25.987
1,208689,0.379,-8.694,3.970,0.020,-0.083,-0.017,-0.731,10.830,25.884
1,208693,0.379,-8.694,3.970,0.020,-0.083,-0.017,-0.731,10.830,25.884
1,208696,0.376,-8.713,3.930,0.020,-0.081,-0.020,-0.731,10.830,25.884
1,208718,0.408,-8.745,3.900,0.071,-0.092,-0.024,-0.818,10.962,25.548
1,208722,0.408,-8.745,3.900,0.071,-0.092,-0.024,-0.818,10.962,26.732
1,208725,0.392,-8.822,3.870,0.071,-0.094,-0.029,-0.248,11.517,26.732
1,208779,0.517,-9.296,3.800,0.040,-0.112,-0.043,-0.994,10.801,25.797
1,208783,0.517,-9.296,3.800,0.040,-0.112,-0.043,-0.994,10.801,25.797
1,208787,0.532,-9.370,3.758,0.049,-0.116,-0.046,-0.804,11.152,26.279
1,208808,0.580,-9.358,3.765,0.099,-0.119,-0.050,-0.921,10.494,26.118
1,208812,0.580,-9.358,3.765,0.099,-0.119,-0.050,-0.716,10.801,26.732
1,208816,0.591,-9.358,3.729,0.132,-0.121,-0.055,-0.716,10.801,26.732
1,208838,0.565,-9.407,3.738,0.183,-0.126,-0.062,-0.438,11.006,25.153
1,208842,0.615,-9.389,3.754,0.183,-0.128,-0.067,-0.438,11.006,25.153
1,208845,0.615,-9.389,3.754,0.205,-0.128,-0.067,-0.438,11.006,25.153
1,208869,0.680,-9.281,3.846,0.241,-0.134,-0.072,-1.023,11.254,25.680
1,208873,0.714,-9.217,3.882,0.258,-0.134,-0.075,-1.023,10.962,26.703
1,208899,0.737,-9.144,3.905,0.283,-0.136,-0.078,-1.198,10.889,25.943
1,208903,0.717,-9.144,3.900,0.281,-0.140,-0.081,-1.198,10.889,25.943
1,208906,0.717,-9.144,3.900,0.281,-0.140,-0.081,-1.198,10.889,25.943
1,208928,0.731,-9.087,3.899,0.258,-0.139,-0.079,-1.052,10.962,25.621
1,208932,0.739,-9.013,3.924,0.241,-0.147,-0.082,-1.052,10.962,25.621
1,208935,0.739,-9.013,3.924,0.241,-0.147,-0.082,-1.038,10.450,25.533
1,208958,0.748,-8.824,3.978,0.221,-0.150,-0.078,-1.549,10.713,25.694
1,208989,0.748,-8.767,4.052,0.224,-0.160,-0.067,-1.856,11.079,24.583
1,208993,0.748,-8.767,4.052,0.224,-0.160,-0.067,-1.856,11.079,24.583
1,208997,0.748,-8.767,4.052,0.224,-0.160,-0.067,-1.856,11.079,24.583
1,209018,0.742,-8.709,4.183,0.169,-0.162,-0.055,-1.666,10.874,24.671
1,209022,0.742,-8.709,4.183,0.169,-0.162,-0.055,-1.666,10.874,24.671
1,209079,0.803,-8.736,4.360,0.020,-0.167,-0.034,-2.032,10.552,25.110
1,209083,0.803,-8.736,4.360,0.020,-0.167,-0.034,-2.032,10.552,25.110
1,209086,0.847,-8.780,4.439,-0.009,-0.165,-0.031,-1.856,10.713,25.256
1,209139,0.887,-8.938,4.496,-0.011,-0.155,-0.010,-1.973,10.509,25.197
1,209143,0.887,-8.938,4.496,-0.011,-0.155,-0.010,-1.973,10.509,25.197
1,209169,0.906,-8.940,4.618,0.127,-0.145,0.004,-1.871,10.655,26.118
1,209173,0.921,-8.985,4.667,0.186,-0.142,0.009,-1.871,10.655,26.264
1,209199,0.937,-9.009,4.732,0.290,-0.133,0.017,-1.739,10.494,25.592
1,209202,0.932,-9.064,4.737,0.290,-0.128,0.021,-1.739,10.494,25.592
1,209290,0.896,-8.920,4.985,0.293,-0.116,0.038,-1.637,10.859,24.335
1,209292,0.896,-8.920,4.985,0.249,-0.116,0.039,-1.637,10.859,24.335
1,209319,0.894,-8.712,5.001,0.104,-0.114,0.039,-2.032,10.786,23.911
1,209349,0.934,-8.533,4.978,-0.028,-0.111,0.042,-1.915,10.596,25.431
1,209353,0.934,-8.533,4.978,-0.028,-0.111,0.042,-1.915,10.596,25.431
1,209356,0.934,-8.533,4.978,-0.028,-0.111,0.042,-1.915,10.596,25.431
1,209378,0.922,-8.233,4.878,-0.125,-0.109,0.048,-1.593,10.757,24.335
1,209409,0.879,-8.015,4.717,-0.172,-0.110,0.054,-1.871,10.465,25.270
1,209469,0.773,-7.970,4.428,-0.120,-0.101,0.057,-1.900,10.669,25.212
1,209473,0.773,-7.970,4.428,-0.120,-0.101,0.057,-1.900,10.669,25.212
1,209476,0.774,-8.020,4.385,-0.086,-0.103,0.059,-1.432,11.152,25.621
1,209499,0.700,-8.199,4.339,-0.006,-0.101,0.059,-1.973,10.786,25.665
1,209502,0.700,-8.199,4.339,-0.006,-0.101,0.059,-1.418,10.830,25.548
1,209529,0.654,-8.563,4.403,0.119,-0.103,0.057,-1.915,10.962,25.533
1,209589,0.572,-9.113,4.539,0.269,-0.116,0.050,-1.812,10.509,25.548
1,209798,0.524,-8.679,4.659,0.181,-0.139,0.012,-1.067,10.903,24.920
1,209830,0.535,-8.526,4.679,0.266,-0.136,0.021,-0.935,11.254,25.343
1,209859,0.473,-8.540,4.727,0.276,-0.134,0.026,-1.257,11.444,24.481
1,209862,0.473,-8.540,4.727,0.276,-0.134,0.026,-1.257,11.444,24.481
1,209866,0.506,-8.573,4.775,0.269,-0.132,0.029,-0.906,11.824,24.627
1,209888,0.518,-8.601,4.854,0.265,-0.134,0.032,-0.804,11.269,24.189
1,209949,0.443,-8.742,4.928,0.183,-0.133,0.034,-0.804,10.991,24.160
1,209953,0.450,-8.741,4.987,0.160,-0.133,0.034,-0.892,11.722,24.598
1,209957,0.450,-8.741,4.987,0.160,-0.133,0.034,-0.892,11.722,24.598
1,209978,0.438,-8.751,4.930,0.117,-0.131,0.035,-1.345,11.532,23.633
1,209982,0.424,-8.803,4.926,0.099,-0.133,0.035,-1.345,11.532,23.633
1,209986,0.424,-8.803,4.926,0.099,-0.133,0.035,-1.345,11.532,23.633
1,210008,0.420,-8.956,4.994,0.072,-0.137,0.037,-0.672,11.049,23.794
1,210040,0.410,-8.906,5.037,0.090,-0.133,0.042,-0.468,11.371,24.320
1,210042,0.410,-8.906,5.037,0.090,-0.133,0.042,-0.468,11.371,24.320
1,210069,0.435,-8.796,5.046,0.105,-0.136,0.043,-0.731,11.605,23.940
1,210072,0.435,-8.796,5.046,0.105,-0.136,0.043,-0.731,11.605,23.940
1,210076,0.435,-8.796,5.046,0.105,-0.136,0.043,-0.731,11.605,24.262
1,210098,0.501,-8.800,5.110,0.125,-0.137,0.040,-0.278,11.371,23.955
1,210102,0.501,-8.800,5.110,0.125,-0.137,0.040,-0.322,11.692,24.203
1,210106,0.501,-8.800,5.110,0.125,-0.137,0.040,-0.322,11.692,24.203
1,210128,0.512,-8.657,5.096,0.123,-0.137,0.034,0.088,11.254,23.736
1,210159,0.507,-8.633,5.173,0.090,-0.137,0.026,-0.424,11.122,23.443
1,210163,0.507,-8.633,5.173,0.090,-0.137,0.026,-0.424,11.122,23.443
1,210166,0.464,-8.643,5.186,0.070,-0.136,0.026,-0.015,11.488,23.970
1,210189,0.421,-8.667,5.082,0.000,-0.142,0.016,-0.921,11.356,24.233
1,210193,0.421,-8.667,5.082,0.000,-0.142,0.016,-0.921,11.356,24.233
1,210196,0.402,-8.685,5.055,-0.048,-0.142,0.012,-0.921,11.356,24.233
1,210218,0.455,-8.676,4.971,-0.132,-0.144,0.007,-0.322,10.538,24.262
1,210250,0.410,-8.643,4.823,-0.211,-0.144,0.000,-0.512,10.728,24.452
1,210279,0.401,-8.534,4.658,-0.232,-0.142,-0.001,-0.658,10.465,25.037
1,210309,0.419,-8.437,4.515,-0.165,-0.138,0.002,-1.169,10.742,25.168
1,210313,0.426,-8.424,4.446,-0.137,-0.136,0.004,-1.169,10.742,25.168
1,210316,0.426,-8.424,4.446,-0.137,-0.136,0.004,-0.161,11.064,24.861
1,210399,0.379,-8.182,4.317,0.202,-0.116,0.015,-0.555,10.830,25.490
1,210429,0.401,-8.302,4.556,0.268,-0.114,0.016,-0.775,11.006,25.826
1,210433,0.401,-8.302,4.556,0.268,-0.114,0.016,-0.775,11.006,25.826
1,210436,0.401,-8.302,4.862,0.268,-0.114,0.016,-0.775,11.006,25.826
1,210458,0.523,-8.356,4.665,0.261,-0.112,0.016,-0.351,11.137,25.153
1,210462,0.523,-8.356,4.665,0.261,-0.112,0.016,-0.351,11.137,25.153
1,210465,0.523,-8.356,4.665,0.261,-0.112,0.016,-0.409,10.903,25.227
1,210489,0.481,-8.541,4.816,0.177,-0.110,0.017,-0.409,11.035,24.525
1,210492,0.481,-8.541,4.816,0.177,-0.110,0.017,-0.526,11.327,24.993
1,210519,0.499,-8.746,5.012,0.053,-0.112,0.017,-0.409,10.684,24.978
1,210523,0.499,-8.746,5.012,0.053,-0.112,0.017,-0.409,10.684,24.978
1,210526,0.512,-8.846,5.088,0.015,-0.111,0.020,-0.409,10.684,24.978
1,210548,0.522,-9.005,5.184,-0.045,-0.115,0.017,-0.745,10.611,24.262
1,210580,0.514,-9.282,5.204,-0.116,-0.116,0.011,-0.745,11.064,25.431
1,210583,0.535,-9.287,5.207,-0.116,-0.116,0.011,-0.745,11.064,25.431
1,210586,0.535,-9.287,5.207,-0.143,-0.119,0.009,-0.745,11.064,25.431
1,210609,0.555,-9.308,5.094,-0.215,-0.117,0.005,-0.555,10.845,25.124
1,210612,0.593,-9.346,5.032,-0.215,-0.117,0.001,-0.555,10.845,25.124
1,210616,0.593,-9.346,5.032,-0.255,-0.117,0.001,-0.380,11.415,26.074
1,210638,0.537,-9.412,4.889,-0.331,-0.122,-0.007,-0.789,10.596,25.826
1,210642,0.554,-9.376,4.761,-0.362,-0.121,-0.007,-0.468,11.006,26.571
1,210699,0.469,-9.522,4.123,-0.450,-0.119,-0.013,-0.292,10.246,27.360
1,210703,0.445,-9.522,4.123,-0.423,-0.119,-0.013,-0.161,11.312,27.770
1,210707,0.445,-9.522,4.123,-0.423,-0.119,-0.013,-0.161,11.312,27.770
1,210729,0.409,-9.019,3.837,-0.316,-0.112,-0.013,-0.438,10.304,28.223
1,210759,0.378,-8.780,3.686,-0.137,-0.104,-0.012,-0.351,10.319,28.661
1,210763,0.378,-8.780,3.686,-0.137,-0.104,-0.012,-0.351,10.319,28.661
1,210766,0.378,-8.780,3.686,-0.137,-0.104,-0.012,-0.336,10.538,28.968
1,210790,0.297,-8.338,3.430,-0.159,-0.101,-0.021,-0.687,10.772,28.603
1,210792,0.297,-8.338,3.430,-0.159,-0.101,-0.021,-0.307,10.699,29.860
1,210796,0.297,-8.338,3.124,-0.159,-0.101,-0.021,-0.307,10.699,29.860
1,210819,0.246,-7.767,2.879,-0.261,-0.101,-0.033,-0.117,10.786,29.231
1,210822,0.246,-7.767,2.879,-0.261,-0.101,-0.033,-0.117,10.786,29.231
1,210826,0.246,-7.461,2.754,-0.261,-0.101,-0.033,-0.117,10.786,29.231
1,210848,0.267,-7.360,2.538,-0.338,-0.099,-0.042,-0.058,10.582,29.830
1,210852,0.267,-7.360,2.538,-0.338,-0.099,-0.042,-0.058,10.582,29.830
1,210910,0.269,-7.645,2.623,-0.123,-0.077,-0.054,0.015,10.626,31.526
1,210913,0.269,-7.645,2.623,-0.123,-0.077,-0.054,0.015,10.626,31.526
1,210939,0.321,-7.888,2.820,0.164,-0.064,-0.050,-0.307,10.392,31.087
1,210943,0.360,-7.941,2.900,0.164,-0.064,-0.050,-0.365,10.801,31.555
1,210947,0.360,-7.941,2.900,0.276,-0.061,-0.050,-0.365,10.801,31.555
1,210968,0.313,-8.095,3.026,0.490,-0.053,-0.044,-0.555,10.172,30.576
1,211000,0.317,-8.558,3.497,0.728,-0.046,-0.029,-0.672,10.684,29.874
1,211003,0.311,-8.629,3.717,0.783,-0.044,-0.026,0.102,10.816,29.260
1,211006,0.311,-8.629,3.717,0.783,-0.044,-0.026,0.102,10.816,29.260
1,211029,0.282,-8.798,4.032,0.864,-0.040,-0.018,-0.395,10.991,27.857
1,211032,0.268,-8.897,4.190,0.878,-0.040,-0.015,-0.395,10.991,27.857
1,211036,0.268,-8.897,4.190,0.878,-0.040,-0.015,-0.395,10.991,27.857
1,211058,0.232,-9.141,4.530,0.872,-0.042,-0.006,-0.453,11.181,26.717
1,211062,0.219,-9.188,4.677,0.847,-0.037,0.000,-0.453,11.181,26.717
1,211066,0.219,-9.188,4.677,0.847,-0.037,0.000,-0.453,11.181,26.659
1,211088,0.232,-9.187,5.058,0.771,-0.035,0.015,-0.818,10.859,25.680
1,211092,0.232,-9.187,5.058,0.727,-0.034,0.020,-0.380,11.576,25.972
1,211095,0.232,-9.187,5.058,0.727,-0.034,0.020,-0.380,11.576,25.972
1,211120,0.202,-9.307,5.317,0.564,-0.028,0.033,0.044,11.035,24.963
1,211123,0.202,-9.307,5.317,0.564,-0.028,0.033,0.044,11.035,24.963
1,211126,0.202,-9.307,5.317,0.564,-0.028,0.033,0.044,11.035,24.963
1,211149,0.219,-9.411,5.681,0.415,-0.021,0.040,-0.117,11.473,24.525
1,211152,0.219,-9.411,5.681,0.415,-0.021,0.040,-0.117,11.473,24.525
1,211156,0.219,-9.411,5.681,0.415,-0.021,0.040,-0.146,11.400,24.510
1,211178,0.284,-9.386,5.800,0.324,-0.010,0.042,-0.117,11.502,24.554
1,211209,0.321,-9.459,5.972,0.244,-0.004,0.038,-0.015,11.429,23.210
1,211213,0.321,-9.459,5.972,0.244,-0.004,0.038,-0.015,11.429,23.210
1,211216,0.361,-9.409,6.044,0.230,-0.001,0.037,0.292,11.561,23.429
1,211239,0.415,-9.167,6.146,0.232,0.001,0.029,0.541,11.459,23.414
1,211269,0.471,-9.235,6.190,0.195,0.010,0.013,0.965,11.751,22.932
1,211273,0.471,-9.235,6.190,0.195,0.010,0.013,0.965,11.751,22.932
1,211276,0.502,-9.278,6.122,0.140,0.010,0.006,0.965,11.751,22.932
1,211298,0.506,-9.400,6.213,-0.033,0.009,-0.009,0.248,11.546,23.122
1,211302,0.506,-9.400,6.213,-0.033,0.009,-0.009,0.248,11.546,23.122
1,211305,0.530,-9.326,6.177,-0.131,0.006,-0.020,0.614,11.795,23.546
1,211329,0.554,-9.453,6.193,-0.319,0.004,-0.044,0.760,11.590,24.277
1,211333,0.561,-9.606,6.144,-0.398,0.001,-0.057,0.672,11.444,24.277
1,211335,0.561,-9.606,6.144,-0.398,0.001,-0.057,0.672,11.444,24.277
1,211359,0.555,-10.329,5.972,-0.549,-0.001,-0.083,0.789,11.371,24.350
1,211362,0.541,-10.673,5.878,-0.623,-0.006,-0.095,0.789,11.371,24.350
1,211366,0.541,-10.673,5.878,-0.623,-0.006,-0.095,0.789,11.371,24.350
1,211388,0.555,-11.197,5.760,-0.740,-0.012,-0.122,0.263,11.108,24.744
1,211392,0.580,-11.295,5.703,-0.776,-0.015,-0.134,1.038,11.634,25.519
1,211396,0.580,-11.295,5.703,-0.776,-0.015,-0.134,1.038,11.634,25.519
1,211418,0.601,-11.476,5.688,-0.770,-0.021,-0.164,0.877,11.093,26.206
1,211422,0.571,-11.520,5.655,-0.733,-0.024,-0.177,0.877,11.093,26.206
1,211425,0.571,-11.520,5.655,-0.733,-0.024,-0.177,0.877,11.093,26.206
1,211449,0.441,-11.514,5.512,-0.605,-0.028,-0.210,0.585,10.991,26.849
1,211452,0.441,-11.514,5.512,-0.523,-0.029,-0.210,0.585,10.991,26.849
1,211509,0.150,-10.234,5.055,-0.199,-0.042,-0.266,0.102,11.108,27.828
1,211513,0.150,-10.234,5.055,-0.199,-0.042,-0.266,0.102,11.108,27.828
1,211516,0.152,-9.917,4.890,-0.199,-0.042,-0.266,0.102,11.108,27.828
1,211539,0.188,-9.717,4.794,-0.271,-0.048,-0.288,-0.044,10.450,28.354
1,211569,0.294,-9.275,4.668,-0.457,-0.054,-0.309,-0.175,10.582,28.647
1,211628,0.462,-8.900,4.131,-0.795,-0.059,-0.326,-1.155,10.450,30.941
1,211659,0.575,-8.930,3.802,-0.940,-0.065,-0.325,-1.374,10.085,33.046
1,211663,0.575,-9.070,3.657,-0.940,-0.065,-0.325,-1.374,10.085,33.046
1,211666,0.599,-9.070,3.657,-0.986,-0.062,-0.319,-1.374,10.085,33.046
1,211689,0.659,-9.300,3.369,-1.097,-0.065,-0.316,-0.994,9.676,33.908
1,211719,0.865,-9.650,2.981,-1.178,-0.061,-0.303,-1.418,9.047,36.407
1,211723,0.937,-9.705,2.873,-1.137,-0.059,-0.293,-1.418,9.047,36.407
1,211726,0.937,-9.705,2.873,-1.137,-0.059,-0.293,-1.418,9.047,36.407
1,211749,0.968,-9.648,2.642,-0.957,-0.053,-0.269,-2.119,8.901,37.869
1,211752,0.988,-9.706,2.606,-0.842,-0.045,-0.254,-2.119,8.901,37.869
1,211779,1.006,-9.724,2.437,-0.593,-0.035,-0.231,-1.491,8.404,38.673
1,211783,1.024,-9.673,2.396,-0.457,-0.031,-0.215,-2.017,8.916,39.126
1,211786,1.024,-9.673,2.396,-0.457,-0.031,-0.215,-2.017,8.916,39.126
1,211808,0.918,-9.071,2.054,-0.187,-0.009,-0.177,-2.090,8.389,38.863
1,211812,0.918,-9.071,2.054,-0.073,-0.009,-0.177,-2.090,8.389,38.863
1,211816,0.918,-9.071,2.054,-0.073,-0.009,-0.177,-2.090,8.389,38.863
1,211838,0.834,-8.749,1.868,0.034,0.002,-0.149,-2.280,8.024,38.863
1,211899,0.893,-8.424,1.725,-0.158,0.026,-0.098,-2.441,8.199,39.389
1,211903,0.893,-8.424,1.725,-0.158,0.026,-0.098,-2.441,8.199,39.389
1,211906,0.920,-8.468,1.808,-0.188,0.027,-0.090,-2.207,8.930,40.208
1,211928,0.832,-8.492,1.689,-0.220,0.032,-0.072,-2.353,8.404,39.477
1,211959,0.708,-8.410,1.594,-0.277,0.043,-0.043,-2.148,8.389,39.813
1,211962,0.708,-8.410,1.594,-0.277,0.043,-0.043,-2.148,8.389,39.813
1,211989,0.773,-8.460,1.345,-0.414,0.048,-0.020,-2.441,8.170,40.091
1,211993,0.773,-8.460,1.345,-0.414,0.048,-0.020,-2.441,8.170,40.091
1,211996,0.730,-8.570,1.269,-0.459,0.048,-0.012,-2.032,8.462,40.938
1,212018,0.870,-8.718,1.102,-0.509,0.051,0.000,-2.163,8.565,41.333
1,212022,1.176,-8.798,1.080,-0.509,0.051,0.000,-2.163,8.565,41.333
1,212128,1.359,-9.260,0.963,0.627,0.094,0.034,-1.842,8.316,40.617
1,212169,1.354,-9.114,1.100,0.908,0.111,0.045,-1.666,8.521,38.030
1,212173,1.354,-9.114,1.100,0.908,0.111,0.045,-1.666,8.521,38.030
1,212176,1.354,-9.114,1.100,0.908,0.111,0.045,-1.666,8.521,38.030
1,212404,0.481,-9.996,1.109,0.435,0.165,0.006,-0.804,9.880,34.946
1,212512,1.139,-8.962,2.274,0.640,0.195,-0.083,-0.015,10.392,30.547
1,212529,1.256,-8.460,2.504,0.525,0.195,-0.084,-0.512,10.903,29.977
1,212532,1.256,-8.460,2.504,0.525,0.195,-0.084,0.175,11.137,29.480
1,212536,1.256,-8.460,2.504,0.525,0.195,-0.084,0.175,11.137,29.480
1,212558,1.184,-8.325,2.985,0.192,0.186,-0.065,0.029,10.889,29.217
1,212666,1.036,-9.101,2.509,-0.633,0.119,0.055,0.804,10.450,32.797
1,212678,0.872,-9.254,2.686,-0.502,0.121,0.071,0.921,10.552,32.622
1,212682,0.872,-9.254,2.686,-0.502,0.121,0.071,0.921,10.465,33.338
1,212789,-0.285,-10.878,2.448,-0.009,0.147,0.194,1.403,10.655,31.994
1,212829,0.083,-11.149,1.407,0.033,0.147,0.226,2.236,10.918,31.365
1,212833,-0.014,-10.770,1.857,0.153,0.145,0.233,2.236,10.918,31.365
1,212835,-0.014,-10.770,1.857,0.153,0.145,0.233,3.245,11.181,32.067
1,212859,-0.408,-10.238,1.687,0.314,0.137,0.228,2.996,10.830,31.087
1,212919,-0.657,-8.701,2.206,0.793,0.094,0.013,3.201,11.415,29.246
1,212922,-0.657,-8.701,2.206,0.793,0.094,0.013,3.347,11.649,28.661
1,212926,-0.657,-8.701,1.594,0.793,0.094,0.013,3.347,11.649,28.661
1,212978,-0.275,-6.881,2.650,1.500,0.067,-0.084,3.303,11.663,24.803
1,213069,0.293,-8.258,4.014,2.072,0.035,-0.093,3.347,12.979,17.597
1,213129,0.510,-7.673,4.272,1.294,-0.011,-0.061,3.186,12.686,13.709
1,213132,0.428,-7.633,4.044,1.078,-0.017,-0.054,3.186,12.686,13.709
1,213160,0.225,-7.632,4.174,0.583,-0.027,-0.037,3.099,12.818,13.461
1,213163,0.030,-7.816,4.180,0.320,-0.031,-0.032,3.099,12.818,13.461
1,213166,0.030,-7.816,4.180,0.320,-0.031,-0.032,3.099,12.818,13.461
1,213189,-0.330,-7.848,4.220,-0.202,-0.042,-0.020,2.675,12.716,13.081
1,213192,-0.354,-7.876,4.019,-0.456,-0.048,-0.012,2.675,12.716,13.081
1,213219,-0.039,-8.303,4.097,-1.049,-0.061,0.013,2.792,12.862,13.680
1,213223,-0.039,-8.303,4.097,-1.049,-0.061,0.013,2.909,13.519,14.002
1,213352,0.072,-7.691,3.074,-0.148,-0.126,0.121,4.136,12.657,18.328
1,213429,-0.846,-8.774,3.936,1.004,-0.143,0.169,4.414,12.906,16.223
1,213519,-0.243,-6.397,4.774,1.447,-0.128,0.254,4.443,12.993,12.160
1,213523,-0.244,-6.614,5.051,1.361,-0.133,0.257,4.706,13.227,11.678
1,213609,-0.817,-7.256,6.413,0.006,-0.213,0.219,5.320,12.847,11.079
1,213613,-0.817,-7.256,6.413,0.006,-0.213,0.219,5.086,12.891,11.079
1,213617,-0.817,-7.256,6.413,0.006,-0.213,0.219,5.086,12.891,11.079
1,213669,-1.089,-7.842,6.546,-0.630,-0.272,0.199,5.320,12.891,11.853
1,213673,-1.089,-7.842,6.546,-0.630,-0.272,0.199,5.452,13.446,12.102
1,213676,-0.982,-7.823,6.486,-0.732,-0.282,0.192,5.452,13.446,12.102
1,213699,-0.766,-7.929,6.291,-0.885,-0.303,0.172,5.656,12.803,14.031
1,213703,-0.766,-7.929,6.291,-0.885,-0.303,0.172,5.656,12.803,14.031
1,213809,-0.183,-8.297,5.031,-0.173,-0.393,-0.005,4.852,12.935,16.136
1,213909,-0.037,-8.193,4.838,0.352,-0.412,-0.075,4.136,12.935,16.896
1,213939,0.073,-8.081,4.922,0.330,-0.409,-0.082,3.581,12.336,16.340
1,213968,-0.067,-7.774,4.956,0.386,-0.400,-0.079,3.055,12.175,16.574
1,213972,-0.067,-7.774,4.956,0.386,-0.400,-0.079,3.055,12.175,16.574
1,214000,-0.018,-8.189,5.338,0.454,-0.386,-0.064,2.821,12.336,16.589
1,214029,-0.217,-8.491,5.409,0.415,-0.367,-0.046,2.514,12.248,16.106
1,214136,-0.261,-8.883,5.247,0.059,-0.264,0.038,2.192,12.029,16.896
1,214149,-0.394,-8.859,5.191,0.017,-0.257,0.042,1.988,12.438,17.626
1,214153,-0.476,-8.879,5.094,-0.031,-0.247,0.049,1.988,12.438,17.626
1,214179,-0.541,-8.797,4.969,-0.119,-0.227,0.067,2.499,11.926,17.056
1,214183,-0.520,-8.776,4.901,-0.143,-0.217,0.076,2.499,11.926,17.056
1,214186,-0.520,-8.776,4.901,-0.143,-0.217,0.076,2.032,12.438,17.583
1,214208,-0.439,-8.589,4.799,-0.144,-0.204,0.090,2.046,12.526,16.896
1,214269,-0.048,-8.033,4.677,-0.071,-0.184,0.098,2.222,11.999,17.407
1,214299,0.053,-7.725,4.804,0.059,-0.177,0.097,2.061,12.526,18.693
1,214303,0.053,-7.725,4.804,0.059,-0.177,0.097,2.061,12.526,18.693
1,214306,0.053,-7.725,4.804,0.059,-0.177,0.097,2.061,12.526,18.693
1,214431,-0.017,-7.894,5.690,0.303,-0.150,0.054,2.470,12.043,17.568
1,214508,-0.458,-8.207,5.804,0.161,-0.134,0.034,2.324,12.394,17.071
1,214540,-0.541,-8.028,5.941,0.097,-0.131,0.026,2.338,12.584,17.129
1,214542,-0.507,-8.093,5.990,0.084,-0.130,0.023,2.338,12.584,17.129
1,214546,-0.507,-8.093,5.990,0.084,-0.130,0.023,2.338,12.584,17.129
1,214569,-0.770,-8.382,6.120,0.016,-0.133,0.018,2.514,12.730,16.954
1,214572,-0.878,-8.502,6.111,-0.051,-0.140,0.015,2.514,12.730,16.954
1,214599,-0.957,-8.654,6.059,-0.197,-0.150,0.007,2.178,12.599,17.349
1,214603,-0.914,-8.730,6.059,-0.237,-0.158,0.005,2.265,12.102,17.948
1,214606,-0.914,-8.730,6.059,-0.237,-0.158,0.005,2.265,12.102,17.948
1,214628,-0.939,-8.932,5.920,-0.227,-0.167,-0.004,1.958,12.146,17.904
1,214632,-0.851,-8.932,5.920,-0.180,-0.171,-0.007,1.958,12.146,17.904
1,214635,-0.851,-8.932,5.920,-0.180,-0.171,-0.007,1.958,12.146,17.904
1,214659,-0.603,-8.847,5.873,0.033,-0.181,-0.026,2.163,12.365,18.050
1,214662,-0.603,-8.847,5.873,0.033,-0.181,-0.026,2.163,12.365,18.182
1,214690,-0.498,-8.717,5.932,0.281,-0.195,-0.048,1.988,12.438,18.474
1,214693,-0.498,-8.717,5.932,0.281,-0.195,-0.048,1.988,12.438,18.474
1,214697,-0.498,-8.678,5.980,0.281,-0.195,-0.048,1.988,12.438,18.474
1,214749,0.045,-8.101,5.870,0.443,-0.231,-0.092,1.856,12.233,17.787
1,214752,0.045,-8.101,5.870,0.443,-0.231,-0.092,1.681,12.716,17.816
1,214755,0.115,-8.006,5.895,0.451,-0.232,-0.098,1.681,12.716,17.816
1,214779,0.199,-7.795,5.920,0.447,-0.247,-0.114,1.593,12.467,16.983
1,214782,0.199,-7.795,5.920,0.447,-0.247,-0.114,1.593,12.467,16.983
1,214786,0.226,-7.724,5.961,0.426,-0.247,-0.117,1.593,12.467,16.983
1,214808,0.307,-7.607,6.123,0.357,-0.259,-0.132,1.593,12.204,16.881
1,214812,0.307,-7.607,6.123,0.357,-0.259,-0.132,1.593,12.204,16.881
1,214816,0.368,-7.610,6.124,0.304,-0.260,-0.136,1.856,12.014,17.100
1,214838,0.568,-7.610,6.152,0.176,-0.270,-0.150,1.447,11.897,17.232
1,214842,0.568,-7.610,6.152,0.176,-0.270,-0.150,1.447,11.897,17.232
1,214845,0.695,-7.708,6.160,0.106,-0.272,-0.158,1.447,11.897,17.232
1,214869,0.757,-7.747,6.091,-0.022,-0.270,-0.166,1.301,11.707,17.042
1,214873,0.750,-7.714,6.037,-0.022,-0.270,-0.172,1.301,11.707,17.042
1,214875,0.750,-7.714,6.037,-0.070,-0.276,-0.172,1.125,11.576,17.436
1,214899,0.739,-7.749,5.828,-0.142,-0.263,-0.175,1.330,11.722,17.451
1,214902,0.774,-7.851,5.749,-0.172,-0.260,-0.176,0.818,12.189,18.489
1,214906,0.774,-7.851,5.749,-0.172,-0.260,-0.176,0.818,12.189,18.489
1,214928,0.790,-8.071,5.648,-0.236,-0.244,-0.172,0.672,11.707,18.109
1,214932,0.781,-8.088,5.599,-0.249,-0.242,-0.172,0.672,11.707,18.109
1,214935,0.781,-8.088,5.599,-0.249,-0.242,-0.172,0.672,11.707,18.109
1,214958,0.729,-8.070,5.523,-0.214,-0.224,-0.171,0.482,11.444,18.766
1,214962,0.712,-8.051,5.493,-0.164,-0.216,-0.171,0.482,11.444,18.766
1,214965,0.712,-8.051,5.493,-0.164,-0.216,-0.171,0.628,11.429,19.351
1,214989,0.741,-8.110,5.517,-0.049,-0.198,-0.164,0.424,11.298,19.176
1,214992,0.741,-8.110,5.517,0.010,-0.191,-0.162,0.424,11.298,19.176
1,214996,0.741,-8.110,5.517,0.010,-0.191,-0.162,0.424,11.298,19.176
1,215019,0.605,-8.578,5.512,0.142,-0.164,-0.154,0.248,11.210,18.635
1,215023,0.605,-8.578,5.512,0.142,-0.164,-0.154,0.248,11.210,18.635
1,215026,0.605,-8.578,5.512,0.142,-0.164,-0.154,-0.453,11.342,19.030
1,215048,0.603,-8.617,5.286,0.233,-0.137,-0.144,-0.395,11.196,19.000
1,215052,0.603,-8.617,5.286,0.233,-0.137,-0.144,-0.029,11.502,19.468
1,215055,0.603,-8.617,5.286,0.233,-0.137,-0.144,-0.029,11.502,19.468
1,215079,0.577,-8.286,5.225,0.379,-0.106,-0.133,-0.409,11.371,18.576
1,215083,0.577,-8.286,5.225,0.379,-0.106,-0.133,-0.409,11.371,18.576
1,215085,0.577,-8.222,5.289,0.379,-0.106,-0.133,-0.409,11.371,18.576
1,215109,0.485,-8.161,5.402,0.442,-0.083,-0.123,-0.731,11.152,17.904
1,215139,0.445,-7.972,5.498,0.390,-0.066,-0.112,-1.140,11.400,18.547
1,215143,0.445,-7.972,5.498,0.390,-0.066,-0.112,-1.140,11.400,18.547
1,215146,0.419,-7.953,5.569,0.371,-0.064,-0.109,-1.140,11.400,18.547
1,215168,0.293,-7.899,5.621,0.321,-0.051,-0.094,-0.512,11.502,17.261
1,215199,0.269,-7.997,5.671,0.258,-0.040,-0.078,-0.731,11.517,17.159
1,215259,0.176,-8.186,6.128,0.253,-0.018,-0.028,-0.526,11.137,17.086
1,215263,0.157,-8.158,6.169,0.265,-0.015,-0.021,-0.526,11.137,17.086
1,215266,0.157,-8.158,6.169,0.265,-0.015,-0.021,0.029,10.830,17.217
1,215289,0.151,-8.063,6.276,0.288,-0.013,-0.009,-0.512,11.210,17.495
1,215292,0.184,-8.006,6.231,0.303,-0.010,0.000,-0.438,11.079,17.495
1,215295,0.184,-8.006,6.231,0.303,-0.010,0.000,-0.438,11.079,17.495
1,215348,0.250,-7.600,6.475,0.430,0.005,0.031,-0.409,11.751,15.946
1,215409,0.292,-7.320,6.635,0.621,0.022,0.061,-0.117,11.283,14.747
1,215439,0.331,-7.368,6.884,0.676,0.028,0.060,3.654,11.532,14.104
1,215443,0.331,-7.368,6.884,0.676,0.028,0.060,0.219,11.532,14.104
1,215529,0.418,-8.112,7.779,0.481,0.017,0.042,0.278,11.269,12.175
1,215533,0.418,-8.112,7.779,0.481,0.017,0.042,0.278,11.269,12.175
1,215536,0.441,-8.192,7.863,0.480,0.018,0.043,0.278,11.269,12.175
1,215558,0.485,-8.322,7.979,0.501,0.009,0.039,0.892,10.889,11.897
1,215562,0.485,-8.322,7.979,0.501,0.009,0.039,0.892,10.889,11.897
1,215565,0.507,-8.327,8.008,0.513,0.006,0.037,0.935,11.619,11.941
1,215589,0.493,-8.294,8.116,0.530,0.000,0.031,0.818,11.576,12.043
1,215592,0.465,-8.256,8.236,0.534,-0.004,0.026,0.614,11.327,11.868
1,215596,0.465,-8.256,8.236,0.534,-0.004,0.026,0.614,11.327,11.868
1,215619,0.482,-8.175,8.262,0.531,-0.007,0.021,0.965,11.210,11.166
1,215622,0.482,-8.014,8.256,0.531,-0.011,0.016,0.965,11.210,11.166
1,215679,0.431,-7.384,8.296,0.437,-0.026,-0.001,0.541,11.576,10.085
1,215709,0.379,-7.091,8.367,0.260,-0.037,-0.017,1.198,11.269,9.997
1,215713,0.379,-7.091,8.367,0.260,-0.037,-0.017,1.198,11.269,9.997
1,215716,0.379,-7.091,8.367,0.260,-0.037,-0.017,1.125,11.736,10.465
1,215739,0.299,-7.157,8.450,0.073,-0.043,-0.032,1.403,11.239,9.208
1,215742,0.299,-7.157,8.450,0.073,-0.043,-0.032,1.096,11.546,10.143
1,215746,0.299,-7.157,8.450,0.073,-0.043,-0.032,1.096,11.546,10.143
1,215768,0.232,-7.089,8.518,-0.120,-0.051,-0.045,1.491,11.327,9.500
1,215799,0.230,-7.163,8.510,-0.274,-0.062,-0.059,0.833,10.918,10.918
1,215803,0.230,-7.163,8.510,-0.274,-0.062,-0.059,1.213,11.444,10.114
1,215806,0.264,-7.210,8.479,-0.332,-0.059,-0.061,1.213,11.444,10.114
1,215932,0.406,-7.554,7.859,-0.362,-0.089,-0.109,1.418,11.707,12.072
1,215949,0.456,-7.541,7.795,-0.253,-0.095,-0.115,1.476,11.619,11.722
1,215953,0.443,-7.527,7.781,-0.204,-0.092,-0.119,1.476,11.619,11.722
1,215957,0.443,-7.527,7.781,-0.204,-0.092,-0.119,1.871,11.882,12.219
1,215978,0.438,-7.435,7.682,-0.147,-0.090,-0.130,1.432,11.926,12.599
1,215982,0.473,-7.336,7.598,-0.134,-0.090,-0.133,1.432,11.926,12.599
1,215986,0.473,-7.336,7.598,-0.134,-0.090,-0.133,1.432,11.926,12.599
1,216008,0.493,-7.175,7.601,-0.132,-0.093,-0.144,1.242,11.502,11.912
1,216099,0.445,-7.345,7.390,-0.164,-0.076,-0.193,0.760,11.225,13.110
1,216103,0.445,-7.345,7.390,-0.164,-0.076,-0.193,0.760,11.225,13.110
1,216159,0.465,-7.263,7.168,-0.177,-0.064,-0.222,0.804,11.926,12.672
1,216163,0.465,-7.263,7.168,-0.177,-0.064,-0.222,0.804,11.926,12.672
1,216166,0.463,-7.368,7.055,-0.210,-0.065,-0.228,0.804,11.634,14.148
1,216188,0.431,-7.345,6.992,-0.264,-0.060,-0.241,0.921,11.692,13.636
1,216192,0.431,-7.345,6.992,-0.264,-0.060,-0.241,1.228,12.160,13.666
1,216196,0.438,-7.399,6.970,-0.285,-0.061,-0.246,1.228,12.160,13.666
1,216219,0.415,-7.389,6.756,-0.334,-0.061,-0.253,0.468,11.532,13.987
1,216223,0.415,-7.389,6.756,-0.334,-0.061,-0.253,0.468,11.532,13.987
1,216226,0.347,-7.421,6.657,-0.358,-0.062,-0.257,0.468,11.532,13.987
1,216308,0.596,-7.272,5.984,-0.114,-0.029,-0.253,-0.058,11.049,15.536
1,216338,0.548,-7.167,5.897,0.117,-0.012,-0.243,-0.132,11.386,14.601
1,216342,0.501,-7.176,5.867,0.199,-0.005,-0.241,-0.205,11.283,15.317
1,216346,0.501,-7.176,5.867,0.199,-0.005,-0.241,-0.205,11.283,15.317
1,216368,0.414,-7.158,5.872,0.356,0.006,-0.232,-0.409,11.181,14.484
1,216372,0.413,-7.123,5.940,0.412,0.012,-0.227,-0.409,11.181,14.484
1,216399,0.230,-6.916,5.927,0.469,0.027,-0.220,-0.365,10.801,13.724
1,216458,0.181,-6.669,5.884,0.231,0.045,-0.210,-0.555,10.523,13.315
1,216623,-0.120,-6.455,6.426,0.298,0.155,-0.104,0.219,10.552,12.496
1,216668,-0.054,-6.424,6.463,0.204,0.205,-0.049,1.067,10.742,11.780
1,216672,-0.042,-6.608,6.497,0.136,0.213,-0.040,1.067,10.742,11.780
1,216729,0.017,-7.381,6.779,0.001,0.222,-0.038,1.476,10.816,11.444
1,216733,0.006,-7.510,6.779,0.020,0.224,-0.042,1.038,11.386,11.985
1,216736,0.006,-7.510,6.779,0.020,0.224,-0.042,1.038,11.386,11.985
1,216789,0.080,-8.203,6.756,-0.144,0.217,-0.078,1.052,10.728,10.552
1,216792,0.080,-8.203,6.756,-0.144,0.217,-0.078,1.052,10.728,10.552
1,216795,0.080,-8.203,6.756,-0.144,0.217,-0.078,1.915,11.049,10.991
1,216818,0.315,-8.731,6.654,-0.170,0.221,-0.084,1.418,11.093,10.611
1,216822,0.315,-8.731,6.654,-0.170,0.221,-0.084,1.418,11.093,10.611
1,216909,0.485,-8.535,6.246,-0.203,0.208,-0.089,2.616,11.590,9.266
1,216913,0.485,-8.535,6.246,-0.203,0.208,-0.089,2.616,11.590,9.266
1,216916,0.458,-8.454,6.189,-0.183,0.204,-0.086,2.616,11.590,9.266
1,216938,0.313,-8.261,6.171,-0.103,0.204,-0.072,2.645,11.371,9.895
1,217028,-0.007,-6.927,6.232,0.615,0.220,-0.031,3.172,11.517,8.667
1,217059,0.317,-6.877,6.391,0.801,0.217,-0.037,3.508,11.853,7.235
1,217063,0.363,-6.821,6.494,0.838,0.213,-0.043,3.508,11.853,7.235
1,217119,-0.063,-6.743,6.585,0.573,0.167,-0.086,4.487,11.634,6.635
1,217123,-0.063,-6.743,6.585,0.573,0.167,-0.086,4.487,11.634,6.635
1,217149,-0.170,-6.964,6.902,0.226,0.134,-0.110,4.823,11.941,5.495
1,217153,-0.170,-6.964,6.902,0.226,0.134,-0.110,4.823,11.941,5.495
1,217156,-0.170,-6.964,6.902,0.226,0.134,-0.110,4.823,12.160,5.481
1,217384,-0.462,-6.776,2.240,-2.071,-0.049,-0.145,4.999,12.423,15.887
1,217583,0.547,-9.008,4.366,1.999,-0.162,0.054,4.882,12.657,15.244
1,217628,-0.166,-8.114,5.216,2.238,-0.203,0.075,5.086,12.876,11.970
1,217632,-0.166,-8.114,5.216,2.238,-0.203,0.075,5.086,12.876,11.634
1,217739,-0.379,-6.336,6.132,0.700,-0.266,0.177,4.750,12.219,7.542
1,217749,-0.501,-6.031,5.956,0.467,-0.277,0.180,4.882,12.306,7.498
1,217751,-0.529,-5.788,5.831,0.233,-0.281,0.186,4.882,12.306,7.498
1,217755,-0.529,-5.788,5.831,0.233,-0.281,0.186,4.882,12.306,7.498
1,217838,-0.507,-6.902,5.384,-1.145,-0.319,0.214,5.101,12.935,9.339
1,217842,-0.507,-6.902,5.384,-1.216,-0.326,0.214,5.101,12.935,9.339
1,217845,-0.507,-6.902,5.384,-1.216,-0.326,0.214,4.940,12.716,10.202
1,217898,-0.589,-7.529,4.679,-1.245,-0.362,0.199,4.721,13.023,12.511
1,218194,-0.139,-8.173,5.457,0.456,-0.475,-0.061,3.055,11.970,14.513
1,218229,0.035,-8.222,5.448,0.160,-0.487,-0.090,2.967,12.160,14.820
1,218233,0.035,-8.222,5.448,0.160,-0.487,-0.090,2.967,12.160,14.820
1,218236,0.035,-8.222,5.448,0.160,-0.487,-0.090,2.982,12.774,15.522
1,218259,0.215,-8.198,5.264,-0.059,-0.490,-0.112,2.675,12.204,15.829
1,218262,0.215,-8.198,5.264,-0.059,-0.490,-0.112,2.675,12.204,15.829
1,218266,0.270,-8.100,5.195,-0.059,-0.490,-0.112,2.675,12.204,15.829
1,218289,0.243,-7.883,5.051,-0.101,-0.480,-0.125,1.929,11.882,16.238
1,218292,0.243,-7.883,5.051,-0.101,-0.480,-0.125,1.929,11.882,16.238
1,218399,0.717,-7.155,5.386,0.329,-0.413,-0.115,0.818,11.795,17.203
1,218439,0.770,-7.369,5.671,0.298,-0.380,-0.093,-0.278,11.049,16.852
1,218443,0.803,-7.293,5.673,0.293,-0.369,-0.087,-0.278,11.049,16.852
1,218469,0.755,-7.318,5.787,0.307,-0.349,-0.071,-0.146,11.269,17.232
1,218473,0.709,-7.432,5.877,0.321,-0.337,-0.059,-0.088,11.590,17.641
1,218477,0.709,-7.432,5.877,0.321,-0.337,-0.059,-0.088,11.590,17.641
1,218499,0.796,-7.839,6.042,0.310,-0.318,-0.033,-0.585,11.035,16.866
1,218501,0.873,-7.911,6.110,0.287,-0.302,-0.021,-0.585,11.035,16.866
1,218505,0.873,-7.911,6.110,0.287,-0.302,-0.021,-0.585,11.035,16.866
1,218528,0.820,-8.058,6.293,0.248,-0.272,0.005,-0.702,10.859,16.925
1,218532,0.766,-8.160,6.293,0.239,-0.270,0.015,-0.702,10.859,16.925
1,218536,0.766,-8.160,6.293,0.239,-0.270,0.015,0.073,10.962,16.720
1,218619,0.653,-8.650,6.695,0.261,-0.187,0.133,-0.351,11.196,16.881
1,218623,0.653,-8.650,6.695,0.261,-0.187,0.133,-0.058,11.444,17.495
1,218626,0.668,-8.710,6.730,0.261,-0.187,0.144,-0.058,11.444,17.495
1,218648,0.611,-8.512,6.654,0.393,-0.162,0.165,-0.395,11.196,16.998
1,218652,0.611,-8.512,6.654,0.393,-0.162,0.165,-0.395,11.196,16.998
1,218708,0.402,-7.856,6.682,0.751,-0.122,0.205,-0.395,10.772,15.946
1,218712,0.402,-7.856,6.682,0.751,-0.122,0.205,0.117,11.283,16.121
1,218716,0.322,-7.797,6.747,0.797,-0.115,0.211,0.117,11.283,16.121
1,218738,0.158,-7.577,7.007,0.893,-0.108,0.219,0.380,10.859,15.303
1,218742,0.158,-7.577,7.007,0.893,-0.108,0.219,0.380,10.859,15.303
1,218746,0.134,-7.498,7.085,0.933,-0.100,0.222,0.380,10.859,15.303
1,218768,0.122,-7.206,7.338,0.993,-0.093,0.225,0.599,11.152,14.367
1,218830,0.184,-6.772,7.767,0.910,-0.082,0.219,0.979,11.342,11.999
1,218858,0.294,-6.712,8.102,0.738,-0.092,0.204,0.892,10.874,11.868
1,218862,0.329,-6.664,8.181,0.659,-0.097,0.199,1.082,10.991,11.912
1,218866,0.329,-6.664,8.181,0.659,-0.097,0.199,1.082,10.991,11.912
1,218888,0.268,-6.650,8.334,0.461,-0.108,0.187,0.950,10.932,10.889
1,218892,0.220,-6.650,8.334,0.351,-0.115,0.180,0.950,10.932,10.889
1,218918,0.188,-6.695,8.367,0.023,-0.142,0.154,1.052,10.757,10.801
1,218922,0.188,-6.695,8.367,0.023,-0.142,0.154,1.052,10.757,10.801
1,218925,0.188,-6.695,8.367,0.023,-0.142,0.154,1.608,11.079,11.912
1,218949,0.111,-6.878,8.130,-0.260,-0.170,0.131,0.979,11.079,12.321
1,218952,0.111,-6.878,8.130,-0.260,-0.170,0.131,0.979,11.079,12.321
1,218956,0.111,-6.878,8.130,-0.260,-0.170,0.131,0.979,11.079,12.321
1,218978,0.126,-7.182,7.951,-0.435,-0.193,0.108,1.023,10.786,12.233
1,218982,0.126,-7.182,7.951,-0.435,-0.193,0.108,1.023,10.786,12.233
1,218986,0.126,-7.182,7.951,-0.435,-0.193,0.108,1.023,10.786,12.233
1,219008,0.256,-7.351,7.711,-0.421,-0.219,0.081,1.257,11.225,11.897
1,219012,0.256,-7.351,7.711,-0.421,-0.219,0.081,1.447,11.692,12.292
1,219015,0.254,-7.390,7.589,-0.380,-0.228,0.071,1.447,11.692,12.292
1,219039,0.234,-7.478,7.474,-0.279,-0.235,0.059,1.052,11.429,13.066
1,219041,0.234,-7.478,7.474,-0.279,-0.235,0.059,1.052,11.429,13.066
1,219045,0.264,-7.528,7.396,-0.217,-0.238,0.053,1.052,11.429,13.066
1,219069,0.312,-7.714,7.358,-0.092,-0.243,0.045,0.994,11.122,13.125
1,219098,0.293,-7.982,7.277,0.108,-0.248,0.029,1.213,11.312,14.265
1,219128,0.329,-8.067,7.230,0.332,-0.248,0.016,1.155,11.327,13.242
1,219132,0.361,-8.076,7.250,0.332,-0.248,0.012,1.155,11.327,13.242
1,219135,0.361,-8.076,7.250,0.401,-0.247,0.012,1.155,11.327,13.242
1,219159,0.456,-8.048,7.200,0.500,-0.246,0.001,1.096,11.254,12.833
1,219163,0.495,-7.972,7.200,0.536,-0.244,-0.005,1.111,11.371,13.213
1,219218,0.512,-7.551,7.169,0.641,-0.238,-0.034,0.351,10.976,12.686
1,219222,0.546,-7.397,7.146,0.659,-0.237,-0.038,0.351,10.976,12.686
1,219225,0.546,-7.397,7.146,0.659,-0.237,-0.038,0.336,10.947,13.023
1,219249,0.575,-6.937,7.043,0.687,-0.230,-0.050,0.205,10.845,12.379
1,219251,0.577,-6.937,7.043,0.684,-0.228,-0.055,0.102,10.742,12.818
1,219255,0.577,-6.937,7.043,0.684,-0.228,-0.055,0.102,10.742,12.818
1,219278,0.542,-6.465,6.914,0.591,-0.216,-0.061,0.044,10.845,12.233
1,219309,0.589,-6.254,6.945,0.414,-0.200,-0.068,0.000,11.035,12.467
1,219313,0.589,-6.254,6.945,0.414,-0.200,-0.068,-0.336,11.312,12.920
1,219316,0.589,-6.254,7.047,0.414,-0.200,-0.068,-0.336,11.312,12.920
1,219338,0.567,-6.371,7.204,0.224,-0.183,-0.079,-0.585,10.669,12.496
1,219369,0.625,-6.555,7.436,0.018,-0.167,-0.087,-0.088,10.859,11.912
1,219373,0.625,-6.555,7.436,0.018,-0.167,-0.087,-0.088,10.859,11.912
1,219375,0.604,-6.611,7.515,-0.037,-0.161,-0.088,-0.380,11.049,12.014
1,219398,0.678,-6.742,7.738,-0.112,-0.147,-0.094,-1.038,10.392,12.116
1,219488,0.702,-7.461,8.215,0.077,-0.083,-0.095,-0.716,10.772,12.438
1,219492,0.737,-7.615,8.310,0.077,-0.078,-0.095,-0.716,10.772,12.438
1,219496,0.737,-7.615,8.310,0.097,-0.078,-0.095,-0.716,10.772,12.438
1,219518,0.632,-7.797,8.413,0.122,-0.071,-0.094,-0.906,10.684,12.204
1,219625,0.796,-8.402,8.883,0.009,-0.045,-0.099,-0.687,10.406,12.321
1,219639,0.794,-8.215,8.868,0.042,-0.043,-0.103,-0.570,10.348,12.628
1,219643,0.794,-8.215,8.868,0.042,-0.043,-0.103,-0.570,10.348,12.628
1,219646,0.794,-8.215,8.868,0.042,-0.043,-0.103,-0.570,10.348,12.628
1,219668,0.891,-7.694,8.801,0.120,-0.037,-0.112,-0.058,10.406,12.116
1,219672,0.891,-7.694,8.801,0.120,-0.037,-0.112,-0.058,10.406,12.116
1,219675,0.891,-7.694,8.801,0.120,-0.037,-0.112,-0.482,10.626,12.993
1,219698,0.847,-7.161,8.655,0.244,-0.033,-0.122,-0.482,9.939,12.204
1,219702,0.847,-7.161,8.655,0.244,-0.033,-0.122,-0.482,10.582,12.584
1,219706,0.847,-7.042,8.620,0.244,-0.033,-0.122,-0.482,10.582,12.584
1,219728,0.853,-6.873,8.528,0.275,-0.031,-0.133,-0.468,9.851,11.780
1,219758,0.749,-6.486,8.284,0.220,-0.031,-0.144,-0.994,9.924,11.429
1,219762,0.749,-6.486,8.284,0.220,-0.031,-0.144,-0.994,9.924,11.429
1,219766,0.659,-6.402,8.212,0.200,-0.032,-0.148,-0.029,10.333,11.386
1,219789,0.579,-6.309,8.149,0.154,-0.033,-0.156,-0.775,10.187,12.350
1,219791,0.579,-6.309,8.149,0.154,-0.033,-0.156,-0.775,10.187,12.350
1,219795,0.535,-6.221,8.124,0.138,-0.038,-0.156,-0.775,10.187,12.350
1,219848,0.556,-5.788,8.198,0.189,-0.039,-0.154,-0.731,9.646,10.932
1,219852,0.508,-5.634,8.197,0.189,-0.042,-0.154,-0.965,10.304,10.567
1,219855,0.508,-5.634,8.197,0.199,-0.042,-0.154,-0.965,10.304,10.567
1,219908,0.221,-5.128,8.343,0.056,-0.048,-0.145,-0.614,9.792,11.415
1,219969,0.056,-4.747,7.985,-0.310,-0.060,-0.156,-0.950,10.114,10.947
1,220029,0.251,-5.300,7.601,-0.558,-0.066,-0.171,-0.994,10.172,12.306
1,220033,0.251,-5.300,7.601,-0.558,-0.066,-0.171,-0.994,10.172,12.306
1,220058,0.274,-5.495,7.395,-0.517,-0.072,-0.175,-1.242,10.465,12.321
1,220148,0.896,-5.640,7.098,0.159,-0.086,-0.192,-1.272,10.319,12.628
1,220152,0.896,-5.640,7.098,0.159,-0.086,-0.192,-0.921,10.918,12.833
1,220156,0.980,-5.683,7.024,0.254,-0.084,-0.194,-0.921,10.918,12.833
1,220178,1.021,-5.889,6.985,0.358,-0.082,-0.193,-1.272,10.377,13.388
1,220182,1.021,-5.949,6.950,0.358,-0.082,-0.193,-1.272,10.377,13.388
1,220185,1.089,-5.949,6.950,0.385,-0.079,-0.193,-1.272,10.377,13.388
1,220208,1.247,-5.876,6.829,0.434,-0.072,-0.192,-1.403,9.953,12.847
1,220211,1.253,-5.884,6.866,0.458,-0.067,-0.189,-1.403,9.953,12.847
1,220215,1.253,-5.884,6.866,0.458,-0.067,-0.189,-1.345,10.012,12.540
1,220299,0.663,-6.084,7.305,0.254,-0.020,-0.156,-1.622,9.588,12.292
1,220302,0.663,-6.084,7.305,0.188,-0.012,-0.156,-1.359,10.041,12.160
1,220389,0.890,-6.541,7.044,-0.590,0.048,-0.148,-1.578,9.763,12.803
1,220392,0.890,-6.541,7.044,-0.590,0.048,-0.148,-2.046,10.143,13.329
1,220418,1.110,-7.023,6.815,-0.691,0.072,-0.140,-2.075,9.822,13.227
1,220508,0.913,-8.000,6.523,-0.519,0.142,-0.098,-1.447,10.684,14.060
1,220512,0.913,-8.000,6.523,-0.519,0.142,-0.098,-1.447,10.684,14.060
1,220515,0.848,-7.973,6.524,-0.450,0.150,-0.093,-1.228,10.786,14.133
1,220569,0.823,-7.748,6.605,0.088,0.195,-0.073,-0.716,10.742,13.593
1,220598,0.714,-7.310,6.621,0.375,0.217,-0.064,-0.628,10.728,12.409
1,220602,0.634,-7.146,6.587,0.439,0.225,-0.062,-0.628,10.728,12.409
1,220658,0.494,-6.974,6.797,0.483,0.242,-0.070,0.190,10.362,11.152
1,220662,0.506,-7.001,6.797,0.414,0.241,-0.072,0.190,10.362,11.152
1,220666,0.506,-7.001,6.797,0.414,0.241,-0.072,0.190,10.889,11.999
1,220688,0.402,-7.147,6.879,0.191,0.233,-0.082,0.789,11.006,11.181
1,220779,0.415,-7.098,6.193,-1.038,0.181,-0.112,1.315,11.093,12.584
1,220783,0.415,-7.098,6.193,-1.038,0.181,-0.112,1.315,11.093,12.584
1,220786,0.413,-7.168,6.057,-1.123,0.173,-0.114,1.315,11.093,12.584
1,220912,0.389,-9.166,4.897,-1.117,0.150,-0.051,2.309,11.619,15.419
1,220929,0.240,-9.226,4.842,-1.081,0.147,-0.033,2.485,11.444,17.305
1,220932,0.160,-9.405,4.741,-1.096,0.151,-0.018,2.485,11.444,17.305
1,221019,-0.092,-8.550,3.679,-1.145,0.147,0.056,2.982,11.488,20.520
1,221023,-0.092,-8.550,3.679,-1.142,0.147,0.056,2.982,11.488,20.520
1,221026,-0.092,-8.550,3.679,-1.142,0.147,0.056,2.982,11.488,20.520
1,221079,-0.267,-9.069,3.444,-0.922,0.119,0.110,3.537,11.605,22.186
1,221082,-0.267,-9.069,3.444,-0.922,0.119,0.110,3.654,11.576,22.888
1,221139,-0.141,-9.227,3.105,-0.442,0.081,0.111,3.727,11.839,24.072
1,221142,-0.141,-9.227,3.105,-0.442,0.081,0.111,4.648,12.116,23.619
1,221249,-0.169,-9.054,2.243,0.086,-0.021,-0.046,4.458,11.736,24.583
1,221258,-0.110,-9.170,2.084,0.122,-0.033,-0.072,4.516,11.239,24.013
1,221262,-0.032,-9.294,2.131,0.122,-0.033,-0.100,4.516,11.239,24.013
1,221265,-0.032,-9.294,2.131,0.147,-0.043,-0.100,4.516,11.239,24.013
1,221348,0.798,-8.941,2.457,0.391,-0.117,-0.283,4.224,11.926,23.487
1,221352,0.708,-8.730,2.504,0.483,-0.128,-0.299,4.224,11.926,23.487
1,221379,0.431,-7.981,2.640,0.759,-0.160,-0.330,4.136,11.766,22.932
1,221382,0.431,-7.981,2.640,0.759,-0.160,-0.330,3.669,11.926,23.663
1,221468,-0.629,-8.351,3.788,1.447,-0.206,-0.217,2.631,11.868,19.439
1,221472,-0.629,-8.351,3.788,1.447,-0.206,-0.217,2.631,11.868,19.439
1,221475,-0.629,-8.657,3.989,1.447,-0.206,-0.217,2.631,11.868,19.439
1,221499,-0.866,-8.697,3.960,1.301,-0.193,-0.112,2.338,12.014,17.539
1,221605,0.889,-7.614,4.220,0.271,-0.175,0.079,2.075,11.824,15.522
1,221649,0.480,-7.697,4.254,-0.161,-0.197,0.086,2.514,11.342,15.171
1,221653,0.382,-7.643,4.156,-0.275,-0.203,0.087,2.514,11.342,15.171
1,221679,0.331,-7.497,3.998,-0.461,-0.208,0.106,2.426,11.342,16.559
1,221682,0.514,-7.583,3.996,-0.529,-0.209,0.116,2.952,11.941,17.378
1,221686,0.514,-7.583,3.996,-0.529,-0.209,0.116,2.952,11.941,17.378
1,221708,0.651,-7.748,4.058,-0.613,-0.209,0.137,2.353,11.517,16.998
1,221711,0.644,-7.821,4.134,-0.623,-0.214,0.142,2.353,11.517,16.998
1,221715,0.644,-7.821,4.134,-0.623,-0.214,0.142,2.353,11.517,16.998
1,221738,0.083,-7.423,3.957,-0.579,-0.224,0.145,2.938,11.546,17.831
1,221742,0.083,-7.423,3.957,-0.525,-0.232,0.143,2.938,11.546,17.831
1,221746,0.083,-7.423,3.957,-0.525,-0.232,0.143,3.055,11.882,18.825
1,221768,-0.078,-6.821,3.839,-0.280,-0.236,0.166,3.201,11.678,18.956
1,221829,-0.565,-7.207,3.916,0.125,-0.235,0.233,3.537,11.298,18.825
1,221833,-0.565,-7.207,3.916,0.125,-0.235,0.233,3.610,11.985,19.205
1,221835,-0.558,-7.479,4.055,0.125,-0.237,0.243,3.610,11.985,19.205
1,221858,-0.324,-7.549,4.085,0.125,-0.236,0.260,3.566,11.590,19.205
1,221862,-0.324,-7.549,4.085,0.125,-0.236,0.260,3.566,11.590,19.205
1,221866,-0.316,-7.479,4.064,0.119,-0.243,0.261,3.566,11.590,19.205
1,221888,-0.364,-7.795,4.270,0.100,-0.248,0.254,3.654,11.400,18.343
1,221892,-0.364,-7.795,4.270,0.100,-0.248,0.254,3.654,11.400,18.343
1,221895,-0.347,-8.004,4.347,0.090,-0.253,0.248,3.975,12.175,18.883
1,221918,-0.214,-8.099,4.481,0.100,-0.260,0.233,4.063,12.189,19.351
1,221948,-0.135,-7.917,4.575,0.243,-0.269,0.202,4.326,12.058,19.307
1,221979,-0.190,-8.511,4.849,0.408,-0.274,0.175,4.151,11.751,19.161
1,221982,-0.091,-8.582,4.828,0.439,-0.274,0.169,4.239,12.847,19.263
1,222039,0.000,-8.810,5.208,0.552,-0.282,0.117,3.932,11.839,17.568
1,222042,0.024,-8.753,5.244,0.533,-0.283,0.105,3.932,11.839,17.568
1,222045,0.024,-8.753,5.244,0.533,-0.283,0.105,4.209,12.189,18.445
1,222068,0.132,-8.644,5.331,0.459,-0.286,0.083,3.800,12.248,17.787
1,222072,0.056,-8.609,5.349,0.423,-0.293,0.068,3.712,12.131,17.875
1,222076,0.056,-8.609,5.349,0.423,-0.293,0.068,3.712,12.131,17.875
1,222098,-0.055,-8.960,5.496,0.341,-0.294,0.033,3.493,12.131,17.115
1,222231,-0.179,-9.105,4.717,-0.232,-0.277,-0.070,2.631,12.628,19.936
1,222309,-0.245,-8.437,4.202,0.076,-0.235,-0.039,2.719,11.970,20.111
1,222369,-0.115,-7.870,4.198,0.432,-0.204,-0.001,2.821,12.277,19.731
1,222399,0.049,-7.624,4.235,0.468,-0.193,0.012,2.704,11.999,20.038
1,222403,0.116,-7.635,4.265,0.453,-0.189,0.015,2.704,11.999,20.038
1,222458,0.234,-8.046,4.356,0.287,-0.180,0.023,2.529,12.219,18.986
1,222489,0.224,-8.169,4.365,0.021,-0.176,0.021,2.397,11.795,18.416
1,222595,-0.035,-9.608,4.854,-0.031,-0.144,-0.009,2.382,11.488,19.132
1,222609,-0.049,-9.732,4.915,-0.005,-0.142,-0.010,1.885,11.634,19.863
1,222669,-0.023,-9.848,5.078,0.384,-0.108,0.007,1.915,11.444,19.132
1,222672,0.051,-9.818,5.122,0.463,-0.099,0.010,2.178,11.941,19.146
1,222759,0.106,-8.423,5.779,1.005,-0.078,0.018,1.666,11.649,17.363
1,222762,0.072,-8.271,5.909,0.998,-0.081,0.018,1.666,11.649,17.363
1,222819,-0.173,-7.630,6.441,0.534,-0.110,0.001,2.382,12.087,15.551
1,222823,-0.173,-7.630,6.441,0.534,-0.110,0.001,2.309,12.672,15.741
1,222826,-0.173,-7.630,6.441,0.534,-0.110,0.001,2.309,12.672,15.741
1,222848,-0.157,-7.661,6.593,0.250,-0.130,-0.007,2.850,11.780,15.493
1,222939,-0.012,-7.613,6.650,0.001,-0.173,-0.043,2.002,11.751,14.601
1,223045,-0.074,-7.312,6.775,0.337,-0.206,-0.039,1.768,11.678,14.674
1,223088,-0.044,-7.253,6.729,0.274,-0.219,-0.032,1.476,11.561,14.996
1,223092,-0.002,-7.200,6.699,0.258,-0.222,-0.031,1.476,11.561,14.996
1,223118,0.004,-7.192,6.631,0.213,-0.228,-0.026,1.520,11.663,14.776
1,223122,-0.019,-7.271,6.619,0.186,-0.230,-0.023,1.520,11.663,14.426
1,223125,-0.019,-7.271,6.619,0.186,-0.230,-0.023,1.213,12.175,14.426
1,223148,-0.044,-7.647,6.668,0.126,-0.235,-0.020,1.213,11.780,14.718
1,223179,-0.001,-7.336,6.532,0.065,-0.244,-0.018,1.111,11.853,14.630
1,223182,-0.001,-7.336,6.532,0.065,-0.244,-0.018,1.111,11.853,14.630
1,223208,0.087,-7.819,6.499,0.032,-0.249,-0.015,1.374,11.327,14.893
1,223212,0.087,-7.819,6.499,0.032,-0.249,-0.015,1.359,11.897,16.106
1,223216,0.087,-7.819,6.499,0.032,-0.249,-0.015,1.359,11.897,16.106
1,223239,0.129,-8.229,6.632,-0.054,-0.253,-0.007,0.848,11.444,15.449
1,223243,0.129,-8.229,6.632,-0.054,-0.253,-0.007,0.848,11.444,15.449
1,223246,0.063,-8.387,6.723,-0.054,-0.253,-0.009,0.848,11.444,15.449
1,223269,0.041,-8.658,6.742,-0.116,-0.258,-0.006,0.365,11.400,16.121
1,223273,0.041,-8.658,6.742,-0.116,-0.258,-0.006,1.038,11.532,17.115
1,223276,0.067,-8.728,6.760,-0.133,-0.265,-0.010,1.038,11.532,17.115
1,223298,0.085,-8.923,6.751,-0.160,-0.265,-0.011,0.468,11.517,17.100
1,223302,0.085,-8.923,6.751,-0.160,-0.265,-0.011,0.468,11.517,17.100
1,223306,0.129,-9.035,6.756,-0.170,-0.265,-0.009,0.468,11.517,17.100
1,223388,0.500,-9.210,6.036,-0.272,-0.258,-0.015,0.307,11.561,17.407
1,223495,0.762,-8.630,5.374,0.094,-0.193,-0.037,-0.380,11.196,18.547
1,223539,0.897,-8.526,5.488,0.268,-0.160,-0.044,0.468,11.079,19.497
1,223542,0.897,-8.526,5.488,0.268,-0.160,-0.044,0.468,11.079,19.497
1,223569,0.904,-8.560,5.700,0.360,-0.139,-0.050,-0.672,11.137,18.752
1,223628,0.832,-9.174,6.455,0.349,-0.119,-0.076,-0.351,11.152,18.167
1,223632,0.832,-9.174,6.455,0.349,-0.119,-0.076,-0.351,11.152,18.167
1,223636,0.828,-9.263,6.565,0.321,-0.115,-0.083,-0.658,11.444,18.591
1,223658,0.828,-9.277,6.664,0.276,-0.114,-0.094,-0.322,11.152,17.407
1,223719,0.969,-9.237,6.660,0.200,-0.103,-0.126,-0.497,11.400,18.255
1,223809,0.743,-8.767,6.272,0.296,-0.079,-0.149,-1.257,10.187,17.159
1,223813,0.759,-8.649,6.276,0.338,-0.076,-0.150,-1.067,11.473,17.086
1,223816,0.759,-8.649,6.276,0.338,-0.076,-0.150,-1.067,11.473,17.086
1,223838,0.738,-8.441,6.307,0.430,-0.068,-0.150,-1.184,10.421,16.866
1,223842,0.702,-8.317,6.309,0.480,-0.064,-0.150,-1.184,10.421,16.866
1,223845,0.702,-8.317,6.309,0.480,-0.064,-0.150,-1.184,10.421,16.866
1,223898,0.730,-7.533,6.698,0.761,-0.044,-0.137,-0.994,10.728,15.653
1,223902,0.730,-7.533,6.698,0.761,-0.044,-0.137,-1.432,10.845,16.355
1,224134,0.596,-6.053,7.516,-0.687,0.020,-0.072,-0.892,10.947,14.294
1,224139,0.596,-6.053,7.516,-0.687,0.020,-0.072,-1.096,10.479,15.010
1,224142,0.690,-6.135,7.484,-0.706,0.023,-0.071,-1.096,10.479,15.010
1,224146,0.690,-6.135,7.484,-0.706,0.023,-0.071,-1.096,10.479,15.010
1,224228,0.812,-6.574,7.047,0.011,0.064,-0.034,-0.672,10.816,13.885
1,224232,0.812,-6.574,7.047,0.114,0.068,-0.034,-0.672,10.816,13.885
1,224338,0.523,-5.877,6.975,0.656,0.086,-0.023,0.380,10.348,11.576
1,224409,0.297,-5.362,6.724,0.055,0.075,-0.034,0.482,11.137,11.035
1,224413,0.297,-5.362,6.662,0.055,0.075,-0.034,0.482,11.137,14.776
1,224439,0.298,-5.566,6.538,-0.276,0.064,-0.037,0.658,10.918,11.502
1,224545,0.004,-7.236,6.483,-1.181,0.062,-0.056,1.111,11.327,13.476
1,224619,0.224,-8.402,5.453,-1.213,0.083,-0.100,1.345,11.649,16.574
1,224623,0.224,-8.402,5.453,-1.213,0.083,-0.100,1.345,11.649,16.574
1,224649,0.331,-8.731,4.951,-1.059,0.095,-0.104,1.637,11.459,17.144
1,224653,0.331,-8.731,4.951,-1.059,0.095,-0.104,2.163,12.116,18.036
1,224656,0.248,-8.871,4.818,-1.059,0.095,-0.104,2.163,12.116,18.036
1,224678,0.106,-9.220,4.520,-0.937,0.111,-0.094,1.491,11.956,18.240
1,224769,-0.182,-9.400,3.358,-1.029,0.122,-0.042,2.645,11.663,20.740
1,224798,-0.087,-9.656,2.966,-1.134,0.125,-0.024,1.973,11.766,21.675
1,224802,-0.041,-9.830,2.800,-1.146,0.128,-0.016,2.426,12.014,22.654
1,224829,-0.158,-9.868,2.585,-1.063,0.131,0.001,2.455,11.239,23.999
1,224833,-0.274,-9.758,2.475,-0.979,0.136,0.009,2.455,11.239,23.999
1,224835,-0.274,-9.758,2.475,-0.979,0.136,0.009,2.455,11.239,23.999
1,224858,-0.415,-9.539,2.357,-0.803,0.142,0.022,2.368,11.283,24.598
1,224862,-0.426,-9.433,2.347,-0.737,0.145,0.027,2.368,11.283,24.598
1,224865,-0.426,-9.433,2.347,-0.737,0.145,0.027,3.142,11.634,24.861
1,224888,-0.370,-9.491,2.254,-0.656,0.156,0.044,2.894,11.400,24.715
1,224918,-0.455,-9.890,2.028,-0.528,0.167,0.092,3.040,11.590,25.343
1,224979,-0.474,-9.715,1.923,0.379,0.202,0.171,4.005,11.619,24.890
1,224982,-0.474,-9.715,1.923,0.379,0.202,0.171,4.005,11.619,24.890
1,224986,-0.474,-9.715,1.923,0.379,0.202,0.171,4.005,11.619,24.890
1,225008,-0.552,-9.380,2.189,0.476,0.216,0.199,4.502,11.795,23.882
1,225012,-0.552,-9.380,2.189,0.476,0.216,0.199,4.502,11.795,23.882
1,225016,-0.579,-9.409,2.206,0.476,0.216,0.199,5.042,12.409,23.633
1,225038,-0.547,-9.401,2.358,0.286,0.221,0.219,4.633,11.999,23.443
1,225041,-0.547,-9.401,2.358,0.286,0.221,0.219,4.823,12.350,23.663
1,225069,-0.489,-9.314,2.310,0.150,0.221,0.248,5.174,12.321,22.099
1,225073,-0.489,-9.314,2.310,0.150,0.221,0.248,5.174,12.321,22.099
1,225076,-0.535,-9.215,2.212,0.164,0.222,0.263,5.174,12.321,22.099
1,225201,-0.275,-8.822,2.961,0.677,0.170,0.264,7.717,12.906,19.220
1,225219,-0.398,-8.754,3.078,0.830,0.164,0.236,7.512,12.613,17.626
1,225222,-0.471,-8.758,3.135,0.909,0.160,0.221,7.512,12.613,17.626
1,225278,-0.983,-8.496,3.831,1.053,0.133,0.145,8.258,13.344,15.741
1,225338,-0.859,-7.717,4.667,0.964,0.088,0.079,9.106,13.359,12.920
1,225399,-0.998,-7.657,5.421,1.168,0.045,0.024,9.807,13.783,10.319
1,225429,-0.705,-7.412,5.543,1.180,0.022,-0.001,9.909,13.388,9.047
1,225489,-0.993,-7.391,5.582,0.604,-0.034,-0.054,9.734,13.096,6.811
1,225493,-1.061,-7.393,5.503,0.604,-0.034,-0.054,9.705,13.914,7.235
1,225496,-1.061,-7.393,5.503,0.425,-0.042,-0.059,9.705,13.914,7.235
1,225548,-0.634,-7.365,5.257,-0.327,-0.078,-0.088,9.544,13.403,7.030
1,225552,-0.646,-7.498,5.314,-0.417,-0.083,-0.090,9.544,13.403,7.030
1,225609,-0.979,-7.597,4.844,-0.423,-0.092,-0.090,9.646,13.490,7.892
1,225612,-1.132,-7.566,4.844,-0.348,-0.093,-0.086,9.646,13.490,7.892
1,225668,-1.423,-7.352,4.775,0.340,-0.084,-0.007,10.260,13.607,8.141
1,225671,-1.423,-7.352,4.775,0.340,-0.084,-0.007,10.260,13.607,8.141
1,225758,-1.822,-6.492,5.366,1.332,-0.065,0.130,10.129,13.110,6.051
1,225762,-1.822,-6.492,5.366,1.332,-0.065,0.130,10.129,13.110,6.051
1,225766,-1.815,-6.458,5.481,1.363,-0.062,0.145,10.129,13.110,5.335
1,225788,-1.915,-6.343,5.670,1.373,-0.059,0.170,10.129,13.519,4.399
1,225849,-2.061,-5.947,6.348,1.139,-0.054,0.230,10.742,12.993,2.353
1,225852,-2.179,-5.933,6.385,1.139,-0.054,0.237,10.742,12.993,2.353
1,225856,-2.179,-5.933,6.385,1.034,-0.055,0.237,10.757,12.920,2.835
1,225939,-2.529,-5.695,6.772,0.374,-0.072,0.282,11.488,12.496,1.125
1,225943,-2.527,-5.634,6.788,0.319,-0.078,0.286,12.394,13.066,1.242
1,225946,-2.527,-5.634,6.788,0.319,-0.078,0.286,12.394,13.066,1.242
1,225968,-2.613,-5.557,6.744,0.287,-0.087,0.296,11.707,12.555,1.023
1,225972,-2.633,-5.506,6.835,0.314,-0.092,0.302,11.707,12.555,1.023
1,225975,-2.633,-5.506,6.835,0.314,-0.092,0.302,11.707,12.555,1.023
1,225999,-2.567,-5.519,6.922,0.539,-0.108,0.315,11.926,12.306,0.322
1,226002,-2.567,-5.519,6.922,0.539,-0.108,0.315,11.926,12.306,0.322
1,226005,-2.567,-5.519,6.922,0.539,-0.108,0.315,12.277,12.189,0.482
1,226088,-2.509,-5.161,7.521,1.581,-0.155,0.320,12.526,11.707,-1.008
1,226118,-2.496,-4.807,7.790,1.732,-0.182,0.316,12.482,10.699,-1.739
1,226178,-2.174,-4.269,8.179,1.779,-0.255,0.296,12.438,9.807,-2.660
1,226182,-2.174,-4.269,8.179,1.779,-0.255,0.296,12.496,9.471,-1.710
1,226185,-2.115,-4.141,8.204,1.753,-0.270,0.294,12.496,9.471,-1.710
1,226208,-1.984,-3.679,8.119,1.692,-0.296,0.288,12.584,8.477,-2.572
1,226211,-1.984,-3.373,7.999,1.692,-0.296,0.288,12.584,8.477,-2.572
1,226215,-1.896,-3.438,7.999,1.677,-0.309,0.283,12.584,8.477,-2.572
1,226238,-1.707,-2.879,7.774,1.701,-0.340,0.276,12.072,8.170,-2.441
1,226242,-1.621,-2.662,7.700,1.701,-0.353,0.274,12.072,8.170,-2.441
1,226245,-1.621,-2.662,7.700,1.728,-0.353,0.274,12.496,8.112,-2.265
1,226269,-1.522,-2.368,7.568,1.776,-0.381,0.269,11.795,7.293,-1.257
1,226272,-1.559,-2.307,7.498,1.791,-0.392,0.266,11.795,7.293,-1.257
1,226276,-1.559,-2.307,7.498,1.791,-0.392,0.266,11.795,7.293,-1.257
1,226401,-0.902,-0.199,6.873,2.737,-0.544,0.332,10.406,2.309,2.733
1,226418,-0.738,0.270,6.863,3.032,-0.560,0.352,9.602,0.570,5.042
1,226422,-0.738,0.270,6.863,3.032,-0.560,0.352,9.602,0.570,5.042
1,226425,-0.738,0.577,6.826,3.032,-0.560,0.352,9.602,0.570,5.042
1,226448,-0.520,1.012,6.646,3.470,-0.582,0.390,9.091,-1.652,7.337
1,226452,-0.520,1.012,6.646,3.470,-0.582,0.390,9.091,-1.652,7.337
1,226455,-0.520,1.248,6.462,3.470,-0.582,0.390,9.091,-1.652,8.492
1,226478,-0.396,1.817,6.276,3.958,-0.583,0.441,8.185,-3.785,10.757
1,226482,-0.396,1.817,6.276,3.958,-0.583,0.441,8.375,-4.721,12.716
1,226485,-0.363,2.152,6.177,4.136,-0.577,0.461,8.375,-4.721,12.716
1,226508,-0.236,3.096,6.127,4.489,-0.564,0.500,7.542,-8.141,16.764
1,226511,-0.236,3.096,6.127,4.489,-0.564,0.500,7.542,-8.141,16.764
1,226515,-0.152,3.571,5.988,4.657,-0.553,0.522,7.542,-8.141,16.764
1,226538,-0.120,4.488,5.617,4.981,-0.530,0.560,7.293,-11.269,23.823
1,226569,-0.002,5.889,4.891,5.450,-0.462,0.626,6.022,-15.858,35.238
1,226573,0.001,6.340,4.734,5.596,-0.435,0.649,6.022,-15.858,35.238
1,226576,0.001,6.340,4.734,5.596,-0.435,0.649,6.022,-15.858,35.238
1,226598,0.049,7.565,4.063,5.879,-0.376,0.699,5.276,-19.526,42.385
1,226602,0.142,8.124,3.651,6.012,-0.343,0.713,5.276,-19.526,42.385
1,226605,0.142,8.124,3.651,6.012,-0.343,0.713,5.276,-19.526,46.127
1,226629,0.188,9.165,2.528,6.222,-0.274,0.743,4.882,-23.239,51.535
1,226658,0.224,10.508,1.308,6.364,-0.154,0.766,3.479,-27.974,65.975
1,226662,0.292,11.000,1.030,6.358,-0.117,0.768,3.479,-27.974,65.975
1,226666,0.292,11.000,1.030,6.358,-0.117,0.768,3.479,-27.974,65.975
1,226688,0.394,11.927,-0.095,6.252,-0.034,0.761,3.099,-31.248,75.358
1,226692,0.331,12.236,-0.462,6.140,-0.004,0.753,3.099,-31.248,75.358
1,226695,0.331,12.236,-0.462,6.140,-0.004,0.753,3.084,-31.877,80.415
1,226718,0.401,12.205,-1.905,5.820,0.061,0.705,2.835,-37.226,88.702
1,226722,0.401,12.205,-1.905,5.620,0.089,0.705,2.192,-34.084,88.702
1,226725,0.401,12.205,-1.905,5.620,0.089,0.705,2.192,-34.084,88.702
1,226748,0.377,12.148,-3.088,4.897,0.159,0.648,1.637,-35.837,94.300
1,226751,0.377,12.148,-3.088,4.897,0.159,0.648,1.637,-35.837,94.300
1,226755,0.377,12.148,-3.088,4.897,0.159,0.648,1.637,-35.837,94.300
1,226778,0.759,11.852,-4.211,4.107,0.202,0.571,1.096,-36.700,99.357
1,226782,0.759,11.852,-4.211,4.107,0.202,0.571,0.585,-36.466,101.082
1,226785,0.759,11.852,-4.211,4.107,0.202,0.571,0.585,-36.466,101.082
1,226808,0.816,10.965,-5.015,3.437,0.226,0.508,-0.088,-37.533,105.028
1,226812,0.816,10.965,-5.015,3.437,0.226,0.508,-0.088,-37.533,105.028
1,226815,0.971,10.811,-5.253,3.437,0.226,0.486,-0.088,-37.533,105.028
1,226838,1.214,10.941,-5.963,2.903,0.247,0.453,-0.804,-37.533,106.694
1,226841,1.214,10.941,-5.963,2.903,0.247,0.453,-0.804,-37.533,106.694
1,226845,1.261,10.768,-6.233,2.759,0.253,0.434,-0.424,-37.138,108.638
1,226868,1.208,10.294,-6.336,2.522,0.259,0.392,-1.447,-37.694,109.515
1,226872,1.208,10.294,-6.336,2.522,0.259,0.392,-1.578,-37.606,110.187
1,226875,1.247,9.874,-6.562,2.437,0.265,0.380,-1.578,-37.606,110.187
1,226898,1.425,9.705,-6.479,2.314,0.282,0.356,-2.075,-37.197,111.678
1,226902,1.425,9.705,-6.479,2.314,0.282,0.356,-2.075,-37.197,111.678
1,226905,1.460,9.513,-6.608,2.250,0.291,0.343,-2.075,-37.197,111.678
1,226928,1.332,9.638,-6.727,2.081,0.299,0.316,-2.879,-36.349,112.233
1,226932,1.385,9.382,-6.854,2.081,0.299,0.316,-2.821,-36.320,113.329
1,226935,1.385,9.382,-6.854,1.988,0.301,0.304,-2.821,-36.320,113.329
1,226958,1.746,9.361,-7.248,1.784,0.301,0.280,-3.669,-36.305,113.987
1,226962,1.927,9.332,-7.290,1.677,0.308,0.275,-3.669,-36.305,113.987
1,226966,1.927,9.332,-7.290,1.677,0.308,0.275,-3.669,-36.305,113.987
1,226988,1.931,9.261,-7.456,1.492,0.315,0.261,-4.341,-36.203,114.279
1,226992,1.937,9.131,-7.334,1.404,0.316,0.261,-4.341,-36.203,114.279
1,226996,1.937,9.131,-7.334,1.404,0.316,0.261,-4.122,-36.101,114.659
1,227018,1.951,9.266,-7.734,1.271,0.337,0.270,-4.984,-35.954,113.885
1,227022,1.959,9.503,-7.902,1.202,0.353,0.279,-4.911,-35.457,114.791
1,227025,1.959,9.503,-7.902,1.202,0.353,0.279,-4.911,-35.457,114.791
1,227048,2.195,9.588,-7.961,1.043,0.386,0.288,-5.861,-34.902,113.987
1,227051,2.259,9.657,-7.961,0.982,0.402,0.294,-5.861,-34.902,113.987
1,227055,2.259,9.657,-7.961,0.982,0.402,0.294,-5.861,-34.902,113.987
1,227078,2.308,9.224,-7.859,0.863,0.465,0.325,-6.314,-34.946,114.148
1,227082,2.308,9.224,-7.859,0.811,0.465,0.325,-6.314,-34.946,113.549
1,227085,2.308,9.224,-7.859,0.811,0.465,0.325,-6.226,-34.449,113.549
1,227108,2.594,8.807,-7.510,0.704,0.544,0.370,-6.986,-34.084,113.315
1,227112,2.594,8.807,-7.510,0.704,0.544,0.370,-6.986,-34.084,113.315
1,227115,2.594,8.807,-7.510,0.704,0.544,0.370,-6.986,-34.084,113.315
1,227138,2.682,8.678,-7.412,0.612,0.623,0.421,-7.673,-33.631,112.306
1,227142,2.682,8.678,-7.412,0.612,0.623,0.421,-7.673,-33.631,112.306
1,227145,2.682,8.678,-7.412,0.612,0.623,0.421,-7.454,-33.177,112.029
1,227168,2.891,8.274,-7.228,0.522,0.698,0.468,-8.346,-33.017,111.532
1,227171,2.891,8.274,-7.228,0.522,0.698,0.468,-8.623,-32.140,111.283
1,227175,3.004,8.109,-7.169,0.522,0.726,0.484,-8.623,-32.140,111.283
1,227198,3.255,7.919,-6.921,0.524,0.767,0.506,-10.041,-31.818,109.822
1,227202,3.255,7.919,-6.921,0.524,0.767,0.506,-10.041,-31.818,109.822
1,227206,3.363,7.832,-7.037,0.516,0.790,0.518,-10.041,-31.818,109.822
1,227228,3.529,7.726,-6.992,0.464,0.830,0.531,-10.596,-30.605,108.433
1,227232,3.529,7.726,-6.992,0.464,0.830,0.531,-10.596,-30.605,108.433
1,227235,3.619,7.628,-7.084,0.429,0.855,0.542,-11.064,-30.123,108.272
1,227257,3.851,7.310,-6.787,0.373,0.888,0.553,-11.897,-29.436,106.738
1,227261,3.851,7.310,-6.787,0.373,0.888,0.553,-11.897,-29.436,106.738
1,227265,3.979,7.222,-6.861,0.336,0.905,0.558,-11.897,-29.436,106.738
1,227288,4.204,7.074,-6.759,0.248,0.938,0.567,-12.774,-28.895,104.545
1,227291,4.329,6.951,-6.821,0.248,0.938,0.567,-12.774,-28.895,104.545
1,227295,4.329,6.951,-6.821,0.202,0.953,0.573,-12.920,-28.281,103.113
1,227318,4.564,6.793,-6.708,0.104,0.975,0.578,-13.578,-28.033,102.280
1,227322,4.729,6.696,-6.634,0.042,0.983,0.578,-13.929,-27.185,101.198
1,227325,4.729,6.696,-6.634,0.042,0.983,0.578,-13.929,-27.185,101.198
1,227348,4.903,6.572,-6.475,-0.077,0.996,0.577,-14.674,-26.732,98.904
1,227352,5.043,6.513,-6.382,-0.125,1.003,0.578,-14.674,-26.732,98.904
1,227355,5.043,6.513,-6.382,-0.125,1.003,0.578,-14.674,-26.732,98.904
1,227378,5.188,6.500,-6.359,-0.205,1.013,0.577,-15.858,-26.118,97.048
1,227381,5.279,6.440,-6.207,-0.241,1.013,0.574,-15.858,-26.118,97.048
1,227385,5.279,6.440,-6.207,-0.241,1.013,0.574,-15.419,-25.270,95.908
1,227408,5.369,6.353,-6.095,-0.291,1.013,0.569,-16.764,-24.364,94.358
1,227412,5.478,6.367,-6.095,-0.313,1.016,0.571,-16.764,-24.364,94.358
1,227416,5.478,6.367,-6.095,-0.313,1.016,0.571,-16.764,-24.364,94.358
1,227438,5.768,6.424,-6.022,-0.375,1.018,0.573,-17.568,-23.283,91.625
1,227442,5.768,6.424,-6.022,-0.375,1.018,0.573,-17.568,-23.283,91.625
1,227445,5.768,6.424,-6.022,-0.375,1.018,0.573,-17.568,-23.253,90.441
1,227468,6.142,6.360,-5.967,-0.469,1.007,0.569,-18.036,-22.888,89.360
1,227471,6.142,6.360,-5.967,-0.469,1.007,0.569,-18.562,-21.821,88.161
1,227475,6.142,6.360,-5.967,-0.469,1.007,0.569,-18.562,-21.821,88.161
1,227499,6.268,6.173,-5.612,-0.550,0.990,0.562,-19.176,-21.470,86.027
1,227529,6.489,6.056,-5.417,-0.590,0.955,0.553,-19.366,-20.769,83.572
1,227533,6.489,6.056,-5.417,-0.590,0.955,0.553,-19.366,-20.769,83.572
1,227536,6.651,6.031,-5.429,-0.623,0.943,0.551,-19.512,-19.965,82.505
1,227558,6.784,5.935,-5.246,-0.716,0.918,0.542,-20.096,-19.716,80.649
1,227562,6.784,5.935,-5.246,-0.716,0.918,0.542,-20.096,-19.716,80.649
1,227565,6.845,5.871,-5.139,-0.754,0.900,0.539,-20.096,-19.716,80.649
1,227588,7.055,5.880,-5.029,-0.812,0.872,0.533,-20.520,-18.606,78.179
1,227591,7.055,5.880,-5.029,-0.812,0.872,0.533,-20.520,-18.606,78.179
1,227595,7.114,5.792,-4.865,-0.822,0.853,0.525,-20.520,-18.606,78.179
1,227618,7.059,5.591,-4.601,-0.799,0.819,0.519,-20.330,-17.816,75.577
1,227622,7.059,5.591,-4.601,-0.799,0.819,0.519,-20.725,-17.334,75.110
1,227648,7.139,5.246,-4.175,-0.699,0.767,0.505,-21.339,-16.764,72.786
1,227678,7.369,4.862,-3.892,-0.546,0.706,0.479,-20.973,-15.668,71.120
1,227682,7.409,4.725,-3.764,-0.484,0.688,0.470,-20.973,-15.668,71.120
1,227686,7.409,4.725,-3.764,-0.484,0.688,0.470,-21.061,-15.200,69.746
1,227708,7.541,4.659,-3.678,-0.376,0.654,0.451,-21.777,-14.849,69.000
1,227711,7.588,4.484,-3.673,-0.337,0.638,0.443,-21.821,-14.659,69.000
1,227715,7.588,4.484,-3.673,-0.337,0.638,0.443,-21.821,-14.659,69.000
1,227739,7.667,4.427,-3.661,-0.293,0.610,0.426,-21.792,-13.987,66.384
1,227742,7.760,4.319,-3.642,-0.287,0.594,0.417,-21.792,-13.987,66.384
1,227769,8.154,4.300,-3.590,-0.296,0.552,0.385,-21.558,-13.037,65.332
1,227772,8.154,4.300,-3.590,-0.296,0.552,0.385,-21.456,-12.482,65.171
1,227776,8.154,4.300,-3.590,-0.296,0.552,0.385,-21.456,-12.482,65.171
1,227901,8.725,4.064,-2.347,-1.073,0.252,0.227,-21.193,-10.465,58.448
1,227979,5.931,0.349,-5.265,1.630,-0.077,-0.078,-21.500,-10.289,58.784
1,227982,8.591,3.825,-11.685,1.630,-0.077,-0.007,-21.500,-10.289,58.784
1,227986,8.591,3.825,-11.685,1.086,-0.114,-0.007,-20.856,-10.319,58.623
1,228007,6.876,0.989,-6.635,0.524,-0.104,-0.064,-21.353,-10.669,58.916
1,228039,8.563,1.128,-4.207,-0.828,-0.092,0.037,-21.587,-10.158,58.652
1,228042,7.512,4.898,-6.437,-0.580,-0.101,0.035,-21.587,-10.158,58.652
1,228069,7.531,2.450,-4.216,-0.793,-0.079,0.057,-21.909,-9.924,58.799
1,228073,8.912,4.963,-5.968,-0.751,-0.098,0.004,-21.397,-9.895,58.623
1,228076,8.912,4.963,-5.968,-0.751,-0.098,0.004,-21.397,-9.895,58.623
1,228098,8.947,2.260,-1.785,-0.843,-0.088,0.053,-21.193,-10.129,58.360
1,228159,8.669,3.881,-3.399,-0.475,-0.083,0.082,-21.485,-9.909,57.951
1,228163,8.669,3.881,-3.399,-0.475,-0.083,0.082,-21.017,-9.661,58.667
1,228189,8.423,3.885,-2.515,-0.237,-0.075,0.110,-21.543,-9.529,58.009
1,228193,8.423,3.885,-2.515,-0.237,-0.075,0.110,-21.543,-9.529,58.009
1,228196,8.423,5.914,-1.010,-0.237,-0.075,0.110,-21.543,-9.529,58.009
1,228218,8.642,3.824,-1.826,-0.092,-0.089,0.128,-21.675,-8.989,57.001
1,228222,8.642,3.824,-1.826,-0.092,-0.089,0.128,-21.675,-8.989,57.001
1,228225,8.637,5.188,-1.673,-0.092,-0.089,0.128,-21.207,-9.339,57.629
1,228279,8.755,4.276,-0.776,0.039,-0.123,0.144,-22.055,-8.521,57.483
1,228283,8.755,4.276,-0.776,0.039,-0.123,0.144,-22.055,-8.521,57.483
1,228286,8.501,4.317,-2.075,0.037,-0.130,0.149,-21.806,-8.594,57.834
1,228308,8.614,4.531,-0.602,0.046,-0.140,0.153,-22.055,-8.769,57.337
1,228312,8.614,4.531,-0.602,0.046,-0.140,0.153,-21.602,-8.872,57.892
1,228315,8.897,4.003,-1.909,0.048,-0.155,0.151,-21.602,-8.872,57.892
1,228338,8.767,4.568,-0.702,0.038,-0.154,0.156,-21.748,-8.638,57.746
1,228341,8.767,4.568,-1.762,0.038,-0.154,0.156,-21.748,-8.638,57.746
1,228345,8.690,3.960,-1.762,0.035,-0.161,0.155,-21.748,-8.638,57.746
1,228368,8.853,4.646,-0.991,0.023,-0.162,0.150,-21.587,-8.389,57.732
1,228372,8.871,4.184,-1.484,0.023,-0.166,0.151,-21.587,-8.389,57.732
1,228375,8.871,4.184,-1.484,0.013,-0.166,0.151,-21.558,-8.448,58.053
1,228398,8.572,4.631,-1.150,-0.016,-0.169,0.155,-21.543,-8.550,58.156
1,228402,8.650,4.239,-1.162,-0.037,-0.171,0.155,-21.543,-8.550,58.156
1,228405,8.650,4.239,-1.162,-0.037,-0.171,0.155,-21.543,-8.550,58.156
1,228428,8.932,4.365,-1.480,-0.082,-0.176,0.156,-21.806,-8.521,58.053
1,228432,8.873,4.284,-1.318,-0.101,-0.182,0.153,-21.806,-8.521,58.053
1,228435,8.873,4.284,-1.318,-0.101,-0.182,0.153,-21.806,-8.477,58.185
1,228458,8.679,4.400,-1.813,-0.140,-0.182,0.154,-21.865,-8.901,57.966
1,228461,8.650,4.402,-1.440,-0.155,-0.181,0.154,-21.456,-8.097,58.287
1,228465,8.650,4.402,-1.440,-0.155,-0.181,0.154,-21.456,-8.097,58.287
1,228488,8.986,4.174,-1.341,-0.187,-0.182,0.153,-21.865,-8.579,58.506
1,228519,8.734,4.281,-1.601,-0.253,-0.184,0.154,-22.084,-7.907,58.477
1,228522,8.734,4.281,-1.601,-0.253,-0.184,0.154,-22.084,-7.907,58.477
1,228526,8.734,4.281,-1.601,-0.253,-0.184,0.154,-21.675,-8.185,58.682
1,228548,8.993,4.295,-1.586,-0.290,-0.183,0.151,-22.172,-8.302,59.179
1,228551,8.993,4.295,-1.586,-0.290,-0.183,0.151,-21.982,-8.302,59.179
1,228555,8.993,4.295,-1.586,-0.290,-0.183,0.151,-21.982,-8.302,59.179
1,228578,8.670,4.536,-1.701,-0.293,-0.177,0.166,-21.909,-7.936,58.930
1,228582,8.670,4.536,-1.701,-0.293,-0.177,0.166,-21.909,-7.936,58.930
1,228585,8.601,4.549,-1.567,-0.293,-0.177,0.166,-21.909,-7.936,58.930
1,228608,8.964,4.408,-1.775,-0.298,-0.169,0.182,-22.143,-8.477,58.959
1,228612,8.964,4.408,-1.775,-0.298,-0.169,0.182,-21.865,-7.483,59.047
1,228616,8.974,4.374,-1.631,-0.304,-0.166,0.188,-21.865,-7.483,59.047
1,228638,8.795,4.411,-1.618,-0.314,-0.155,0.204,-21.470,-8.331,59.427
1,228642,8.795,4.411,-1.618,-0.314,-0.155,0.204,-21.470,-8.331,59.427
1,228645,8.790,4.376,-1.506,-0.320,-0.151,0.210,-21.470,-8.331,59.427
1,228668,8.875,4.257,-1.687,-0.342,-0.153,0.220,-21.733,-7.966,59.252
1,228671,8.875,4.257,-1.687,-0.342,-0.153,0.220,-21.733,-7.966,59.252
1,228675,8.891,4.226,-1.656,-0.358,-0.148,0.226,-21.163,-7.878,59.369
1,228698,8.876,4.137,-1.603,-0.391,-0.147,0.236,-21.353,-7.863,59.120
1,228702,8.876,4.137,-1.554,-0.391,-0.147,0.236,-21.397,-8.068,59.500
1,228705,8.867,4.053,-1.554,-0.408,-0.145,0.238,-21.397,-8.068,59.500
1,228728,9.107,3.942,-1.329,-0.451,-0.149,0.242,-21.587,-7.293,59.310
1,228732,9.052,3.890,-1.376,-0.476,-0.153,0.243,-21.587,-7.293,59.310
1,228735,9.052,3.890,-1.376,-0.476,-0.153,0.243,-21.587,-7.293,59.310
1,228757,8.932,3.880,-1.161,-0.535,-0.160,0.248,-21.485,-7.878,59.135
1,228789,9.014,3.681,-1.068,-0.635,-0.183,0.247,-21.777,-7.571,59.734
1,228792,9.129,3.654,-1.080,-0.665,-0.191,0.246,-21.777,-7.571,59.734
1,228795,9.129,3.654,-1.080,-0.665,-0.191,0.246,-21.777,-7.571,59.734
1,228818,9.095,3.525,-1.053,-0.721,-0.200,0.243,-21.266,-7.264,59.661
1,228822,9.133,3.519,-1.098,-0.744,-0.208,0.238,-21.266,-7.264,59.661
1,228825,9.133,3.519,-1.098,-0.744,-0.208,0.238,-21.061,-7.235,60.085
1,228848,9.161,3.431,-1.122,-0.800,-0.220,0.225,-21.339,-7.425,59.749
1,228852,9.161,3.431,-1.122,-0.827,-0.225,0.225,-20.798,-7.089,61.049
1,228855,9.161,3.431,-1.122,-0.827,-0.225,0.225,-20.798,-7.089,61.049
1,228878,9.118,3.468,-1.054,-0.903,-0.236,0.213,-21.310,-7.425,60.713
1,228881,9.118,3.468,-1.054,-0.903,-0.236,0.213,-21.310,-7.425,60.713
1,228885,9.118,3.468,-1.054,-0.903,-0.236,0.213,-21.310,-7.425,60.713
1,228908,9.252,3.537,-1.003,-0.955,-0.247,0.198,-20.783,-7.337,61.049
1,228912,9.252,3.537,-1.003,-0.955,-0.247,0.198,-20.608,-6.928,61.970
1,228916,9.252,3.537,-1.003,-0.955,-0.247,0.198,-20.608,-6.928,61.970
1,228938,9.287,3.529,-1.104,-0.985,-0.252,0.181,-20.798,-7.089,62.277
1,228942,9.287,3.529,-1.104,-0.985,-0.252,0.181,-20.798,-7.089,62.277
1,228945,9.273,3.247,-0.845,-0.985,-0.252,0.181,-20.798,-7.089,62.277
1,228968,9.214,3.371,-0.812,-0.946,-0.248,0.159,-21.017,-7.132,62.336
1,228972,9.214,3.371,-0.812,-0.946,-0.248,0.159,-21.017,-7.132,62.336
1,228975,9.197,3.289,-0.772,-0.919,-0.254,0.148,-20.930,-7.366,63.008
1,228998,9.278,2.914,-0.775,-0.832,-0.236,0.132,-20.930,-7.322,63.256
1,229001,9.278,2.914,-0.775,-0.832,-0.236,0.132,-21.339,-7.059,63.271
1,229029,9.281,3.125,-0.640,-0.657,-0.219,0.095,-21.105,-7.205,63.183
1,229033,9.264,3.331,-0.603,-0.657,-0.219,0.088,-21.105,-7.205,63.183
1,229037,9.264,3.331,-0.603,-0.600,-0.213,0.088,-21.105,-7.205,63.183
1,229058,9.237,3.412,-0.562,-0.481,-0.208,0.075,-21.397,-7.746,63.753
1,229062,9.165,3.645,-0.465,-0.481,-0.208,0.075,-21.397,-7.746,64.908
1,229065,9.165,3.645,-0.465,-0.424,-0.200,0.075,-20.886,-7.279,64.908
1,229088,9.251,3.614,-0.444,-0.307,-0.188,0.082,-20.856,-7.279,64.762
1,229091,9.200,3.519,-0.525,-0.238,-0.188,0.081,-20.856,-7.279,64.762
1,229095,9.200,3.519,-0.525,-0.238,-0.188,0.081,-20.856,-7.279,64.762
1,229118,9.362,3.501,-0.544,-0.092,-0.167,0.088,-20.623,-7.805,64.265
1,229122,9.273,3.502,-0.481,-0.013,-0.165,0.083,-20.623,-7.805,64.265
1,229125,9.273,3.502,-0.481,-0.013,-0.165,0.083,-20.579,-7.308,64.616
1,229148,9.211,3.578,-0.404,0.119,-0.149,0.090,-20.593,-7.381,64.177
1,229152,9.291,3.605,-0.337,0.178,-0.151,0.087,-20.476,-7.176,64.908
1,229155,9.291,3.605,-0.337,0.178,-0.151,0.087,-20.476,-7.176,64.908
1,229178,9.247,3.522,-0.575,0.280,-0.149,0.094,-20.374,-7.542,64.002
1,229182,9.214,3.461,-0.385,0.315,-0.154,0.094,-20.374,-7.542,64.002
1,229185,9.214,3.461,-0.385,0.315,-0.154,0.094,-20.374,-7.542,64.002
1,229208,9.208,3.563,-0.733,0.357,-0.165,0.098,-20.725,-7.469,64.586
1,229211,9.208,3.563,-0.733,0.356,-0.165,0.098,-20.725,-7.469,64.586
1,229215,9.208,3.563,-0.733,0.356,-0.165,0.098,-20.681,-7.103,64.659
1,229238,9.265,3.569,-0.781,0.291,-0.170,0.108,-20.666,-7.381,64.733
1,229242,9.265,3.569,-0.781,0.291,-0.170,0.108,-20.666,-7.381,64.733
1,229245,9.265,3.569,-0.781,0.291,-0.170,0.108,-20.666,-7.381,64.733
1,229268,9.303,3.375,-0.686,0.197,-0.184,0.122,-20.418,-7.600,63.870
1,229272,9.303,3.375,-0.686,0.197,-0.184,0.122,-20.418,-7.600,63.870
1,229298,9.271,3.409,-0.808,0.072,-0.208,0.133,-20.988,-7.352,64.104
1,229302,9.271,3.409,-0.808,0.072,-0.208,0.133,-20.623,-6.972,64.689
1,229329,9.276,3.507,-1.059,-0.056,-0.224,0.149,-20.082,-7.542,64.879
1,229359,9.271,3.520,-1.156,-0.148,-0.225,0.171,-20.038,-6.972,64.908
1,229362,9.271,3.520,-1.156,-0.148,-0.225,0.171,-20.038,-6.972,64.908
1,229388,9.307,3.373,-1.169,-0.198,-0.222,0.186,-20.462,-6.942,65.142
1,229391,9.307,3.373,-1.169,-0.198,-0.222,0.186,-20.067,-6.942,65.142
1,229418,9.320,3.258,-1.339,-0.206,-0.209,0.197,-19.994,-7.045,65.507
1,229421,9.381,3.217,-1.367,-0.206,-0.209,0.197,-19.994,-7.045,65.507
1,229425,9.381,3.217,-1.367,-0.203,-0.203,0.200,-19.994,-7.045,65.507
1,229448,9.314,3.174,-1.427,-0.194,-0.186,0.208,-19.804,-7.498,65.741
1,229452,9.330,3.139,-1.411,-0.187,-0.178,0.210,-20.155,-6.884,65.858
1,229509,9.404,2.875,-1.344,-0.150,-0.142,0.211,-19.965,-7.089,66.092
1,229513,9.404,2.875,-1.344,-0.143,-0.131,0.213,-19.965,-7.089,66.092
1,229516,9.404,2.875,-1.344,-0.143,-0.131,0.213,-19.658,-6.986,65.843
1,229538,9.407,2.478,-1.280,-0.128,-0.114,0.214,-19.877,-7.308,65.785
1,229541,9.436,2.746,-1.280,-0.120,-0.110,0.211,-19.716,-7.074,67.159
1,229545,9.436,2.746,-1.280,-0.120,-0.110,0.211,-19.716,-7.074,67.159
1,229568,9.449,2.632,-1.214,-0.097,-0.090,0.208,-20.111,-6.723,65.010
1,229572,9.449,2.632,-1.214,-0.097,-0.090,0.208,-20.111,-6.723,65.010
1,229599,9.489,2.607,-1.285,-0.072,-0.070,0.202,-20.140,-6.796,66.428
1,229659,9.503,2.407,-1.202,-0.005,-0.027,0.188,-19.483,-6.489,65.390
1,229663,9.503,2.407,-1.202,-0.005,-0.027,0.188,-19.483,-6.489,65.390
1,229666,9.538,2.377,-1.188,0.004,-0.015,0.187,-19.468,-5.963,65.931
1,229688,9.491,2.401,-1.253,0.026,-0.004,0.180,-19.643,-5.992,65.726
1,229692,9.491,2.401,-1.253,0.026,-0.004,0.180,-19.249,-5.992,65.931
1,229695,9.503,2.405,-1.232,0.035,0.005,0.176,-19.249,-5.992,65.931
1,229718,9.569,2.351,-1.217,0.044,0.022,0.172,-19.176,-5.773,64.338
1,229722,9.569,2.351,-1.217,0.044,0.022,0.172,-19.176,-5.773,64.338
1,229725,9.596,2.345,-1.163,0.042,0.032,0.172,-19.176,-5.773,64.338
1,229748,9.547,2.333,-1.053,0.033,0.044,0.167,-19.439,-6.095,65.039
1,229779,9.528,2.418,-0.968,0.000,0.053,0.162,-19.629,-5.832,64.557
1,229783,9.553,2.498,-1.048,-0.015,0.056,0.165,-19.629,-5.832,64.557
1,229786,9.553,2.498,-1.048,-0.015,0.056,0.165,-19.629,-5.832,64.557
1,229808,9.500,2.496,-0.989,-0.054,0.064,0.171,-19.336,-5.101,63.899
1,229812,9.550,2.496,-0.913,-0.075,0.065,0.175,-19.336,-5.101,63.899
1,229815,9.550,2.496,-0.913,-0.075,0.065,0.175,-19.512,-5.189,64.192
1,229838,9.510,2.502,-0.737,-0.123,0.068,0.186,-19.702,-5.437,63.768
1,229841,9.580,2.412,-0.711,-0.151,0.067,0.191,-19.585,-5.305,64.309
1,229845,9.580,2.412,-0.711,-0.151,0.067,0.191,-19.585,-5.305,64.309
1,229868,9.599,2.340,-0.591,-0.199,0.065,0.200,-19.673,-5.437,63.125
1,229872,9.562,2.280,-0.440,-0.217,0.061,0.203,-19.673,-5.437,63.125
1,229875,9.562,2.280,-0.440,-0.217,0.061,0.203,-19.673,-5.437,63.125
1,229898,9.639,2.340,-0.382,-0.241,0.054,0.210,-19.570,-4.502,62.511
1,229902,9.612,2.340,-0.382,-0.244,0.049,0.214,-19.570,-4.502,62.511
1,229905,9.612,2.340,-0.382,-0.244,0.049,0.214,-19.059,-4.560,63.139
1,229928,9.592,2.286,-0.377,-0.247,0.045,0.228,-19.161,-4.838,62.818
1,229932,9.592,2.286,-0.377,-0.247,0.045,0.228,-19.161,-4.838,62.818
1,229935,9.592,2.286,-0.377,-0.247,0.045,0.228,-19.161,-4.838,62.818
1,229958,9.644,2.093,-0.225,-0.243,0.040,0.242,-18.927,-4.253,63.432
1,229961,9.644,2.093,-0.225,-0.243,0.040,0.242,-18.927,-4.253,63.432
1,229965,9.644,2.093,-0.225,-0.243,0.040,0.242,-19.176,-4.297,63.666
1,229988,9.659,2.015,-0.062,-0.219,0.033,0.252,-18.796,-4.370,63.329
1,229992,9.659,2.015,-0.062,-0.219,0.033,0.252,-19.263,-3.698,63.344
1,229995,9.659,2.015,-0.097,-0.219,0.033,0.252,-19.263,-3.698,63.344
1,230018,9.668,1.918,-0.054,-0.156,0.029,0.260,-18.752,-4.165,63.329
1,230022,9.668,1.918,-0.054,-0.156,0.029,0.260,-18.752,-4.165,63.329
1,230025,9.735,1.889,-0.004,-0.136,0.026,0.263,-18.752,-4.165,63.329
1,230048,9.697,1.860,-0.033,-0.088,0.027,0.269,-18.372,-3.859,62.160
1,230051,9.697,1.860,-0.033,-0.088,0.027,0.269,-18.372,-3.859,62.160
1,230055,9.699,1.789,-0.030,-0.065,0.024,0.270,-18.211,-3.727,62.350
1,230078,9.708,1.736,-0.032,-0.020,0.028,0.277,-18.460,-3.186,62.789
1,230082,9.708,1.736,-0.032,-0.020,0.028,0.277,-18.460,-3.186,62.789
1,230085,9.717,1.663,0.047,0.005,0.026,0.279,-18.460,-3.186,62.789
1,230108,9.753,1.653,0.029,0.053,0.026,0.283,-18.460,-3.405,61.780
1,230112,9.753,1.653,0.029,0.053,0.026,0.283,-18.460,-3.405,61.780
1,230115,9.718,1.626,0.043,0.081,0.027,0.285,-18.460,-3.405,61.473
1,230138,9.757,1.492,0.057,0.123,0.033,0.291,-18.021,-3.376,61.356
1,230142,9.740,1.450,-0.055,0.123,0.031,0.290,-17.890,-2.675,62.321
1,230145,9.740,1.450,-0.055,0.130,0.031,0.290,-17.890,-2.675,62.321
1,230168,9.769,1.372,0.025,0.119,0.024,0.290,-18.167,-3.318,61.152
1,230171,9.762,1.354,0.055,0.098,0.020,0.292,-18.167,-3.318,61.152
1,230175,9.762,1.354,0.055,0.098,0.020,0.292,-18.167,-3.318,61.152
1,230198,9.777,1.231,0.121,0.044,0.013,0.292,-18.021,-2.894,60.889
1,230202,9.752,1.195,0.109,0.018,0.006,0.292,-18.021,-2.894,60.889
1,230205,9.752,1.195,0.109,0.018,0.006,0.292,-17.553,-2.704,60.889
1,230228,9.801,1.132,0.229,-0.023,-0.004,0.292,-17.904,-2.821,60.713
1,230258,9.809,1.019,0.169,-0.031,-0.021,0.288,-17.305,-2.762,60.158
1,230262,9.809,1.019,0.169,-0.031,-0.021,0.288,-17.305,-2.762,60.158
1,230266,9.809,1.019,0.169,-0.031,-0.021,0.288,-17.305,-2.280,60.362
1,230288,9.797,0.955,0.162,-0.039,-0.028,0.291,-17.553,-2.602,59.719
1,230291,9.797,0.955,0.162,-0.039,-0.028,0.291,-17.144,-1.900,60.012
1,230295,9.797,0.955,0.162,-0.039,-0.028,0.291,-17.144,-1.900,60.012
1,230318,9.827,0.829,0.096,-0.072,-0.035,0.290,-17.246,-2.441,60.070
1,230378,9.900,0.409,0.136,-0.287,-0.056,0.283,-16.793,-1.973,60.143
1,230382,9.900,0.409,0.136,-0.287,-0.056,0.283,-16.793,-1.973,60.143
1,230386,9.888,0.337,0.146,-0.327,-0.059,0.281,-16.793,-1.973,60.143
1,230408,9.933,0.085,0.258,-0.402,-0.064,0.275,-16.516,-1.608,59.778
1,230412,9.933,0.085,0.258,-0.402,-0.064,0.275,-16.516,-1.608,59.778
1,230416,9.961,-0.039,0.257,-0.436,-0.068,0.269,-16.516,-1.608,59.778
1,230438,10.039,-0.281,0.312,-0.506,-0.072,0.255,-16.662,-1.900,60.655
1,230442,10.039,-0.281,0.312,-0.506,-0.072,0.255,-16.004,-1.257,61.049
1,230445,10.077,-0.413,0.366,-0.546,-0.072,0.246,-16.004,-1.257,61.049
1,230468,10.246,-0.692,0.828,-0.593,-0.064,0.222,-16.209,-2.178,61.035
1,230472,10.246,-0.079,0.470,-0.593,-0.064,0.222,-16.209,-2.178,61.035
1,230475,10.315,-0.111,0.470,-0.563,-0.044,0.204,-16.209,-2.178,61.035
1,230498,9.988,-0.513,0.171,-0.541,-0.020,0.150,-15.478,-2.134,61.444
1,230529,9.854,-0.790,0.073,-0.468,-0.016,0.066,-15.858,-1.535,62.759
1,230533,9.851,-0.861,0.208,-0.426,-0.017,0.040,-15.916,-1.535,62.759
1,230536,9.851,-0.861,0.208,-0.426,-0.017,0.040,-15.916,-1.535,62.759
1,230558,9.795,-0.878,0.051,-0.301,-0.018,-0.010,-15.960,-2.251,62.599
1,230562,9.769,-0.907,0.097,-0.211,-0.022,-0.033,-15.960,-2.251,62.599
1,230565,9.769,-0.907,0.097,-0.211,-0.022,-0.033,-15.960,-2.251,62.599
1,230588,9.813,-0.881,0.226,-0.015,-0.035,-0.073,-15.814,-2.178,62.935
1,230591,9.794,-0.723,0.273,0.075,-0.042,-0.090,-15.814,-2.090,63.096
1,230595,9.794,-0.723,0.273,0.075,-0.042,-0.090,-15.566,-2.090,63.096
1,230618,10.436,-0.565,1.429,0.094,-0.050,-0.122,-15.814,-2.222,62.876
1,230622,10.436,-0.565,1.429,0.038,-0.053,-0.138,-15.814,-2.222,62.876
1,230625,10.436,-0.565,1.429,0.038,-0.053,-0.138,-15.814,-2.222,62.876
1,230648,10.148,-0.050,0.257,0.071,-0.070,-0.134,-15.799,-2.046,62.306
1,230652,10.148,-0.050,0.257,0.071,-0.070,-0.134,-15.799,-2.046,62.306
1,230655,10.148,-0.050,0.257,0.071,-0.070,-0.134,-15.843,-2.309,62.643
1,230678,10.210,1.047,0.176,0.056,-0.094,-0.159,-16.165,-1.973,62.555
1,230682,10.210,1.047,0.176,0.056,-0.094,-0.159,-16.019,-1.783,62.628
1,230685,10.210,1.047,0.176,0.056,-0.094,-0.159,-16.019,-1.783,62.628
1,230708,9.995,0.928,0.397,0.055,-0.119,-0.154,-16.165,-2.470,62.219
1,230711,9.995,0.928,0.397,0.055,-0.119,-0.154,-16.165,-2.470,62.219
1,230715,9.813,1.065,0.678,0.055,-0.119,-0.154,-16.165,-2.470,62.219
1,230738,9.776,1.267,0.505,0.051,-0.123,-0.116,-16.092,-1.915,62.321
1,230769,9.793,1.353,0.511,0.054,-0.120,-0.071,-16.209,-2.514,62.891
1,230772,9.793,1.353,0.511,0.054,-0.120,-0.071,-16.209,-2.514,62.891
1,230776,9.771,1.283,0.128,0.055,-0.121,-0.056,-16.209,-2.514,62.891
1,230798,9.797,1.360,0.288,0.049,-0.122,-0.028,-16.121,-2.470,62.394
1,230802,9.797,1.360,0.074,0.049,-0.122,-0.028,-16.121,-2.470,62.394
1,230806,9.818,1.155,0.074,0.051,-0.120,-0.011,-16.194,-2.309,62.759
1,230828,9.806,1.144,0.008,0.062,-0.111,0.017,-16.033,-2.631,63.066
1,230832,9.806,1.144,0.001,0.062,-0.111,0.017,-15.887,-2.222,63.388
1,230835,9.809,1.231,0.001,0.072,-0.112,0.028,-15.887,-2.222,63.388
1,230858,9.844,1.058,-0.270,0.065,-0.097,0.056,-16.296,-2.792,62.306
1,230862,9.872,1.096,-0.054,0.056,-0.094,0.068,-16.296,-2.792,62.306
1,230865,9.872,1.096,-0.054,0.056,-0.094,0.068,-16.296,-2.792,62.306
1,230888,9.921,0.830,-0.116,0.046,-0.082,0.088,-15.653,-2.514,61.692
1,230892,9.963,0.906,0.005,0.042,-0.073,0.097,-15.653,-2.514,61.692
1,230895,9.963,0.906,0.005,0.042,-0.073,0.097,-15.200,-2.265,62.072
1,230918,10.254,1.096,-0.016,0.055,-0.056,0.111,-15.712,-2.412,61.853
1,230921,10.169,-0.500,0.299,0.045,-0.055,0.100,-15.712,-2.412,61.853
1,230925,10.169,-0.500,0.299,0.045,-0.055,0.100,-15.712,-2.412,61.853
1,230948,9.870,-0.217,0.164,0.054,-0.056,0.079,-15.536,-2.412,62.189
1,230952,9.894,-0.163,0.549,0.048,-0.056,0.072,-15.536,-2.412,62.189
1,230956,9.894,-0.163,0.549,0.048,-0.056,0.072,-15.156,-2.382,62.131
1,230978,9.802,-0.154,0.537,0.057,-0.056,0.040,-15.405,-2.529,61.502
1,230982,9.802,-0.154,0.537,0.065,-0.061,0.040,-15.083,-1.827,61.839
1,231008,9.830,-0.434,0.465,0.067,-0.066,0.004,-15.303,-2.324,61.985
1,231012,9.830,-0.434,0.465,0.067,-0.066,0.004,-15.303,-2.324,61.985
1,231016,9.830,-0.434,0.465,0.067,-0.066,0.004,-15.303,-2.324,61.985
1,231039,9.902,-0.469,0.428,0.059,-0.072,-0.038,-15.566,-2.660,62.116
1,231042,9.902,-0.469,0.428,0.059,-0.072,-0.038,-15.566,-2.660,62.116
1,231045,9.817,-0.254,0.464,0.059,-0.072,-0.038,-15.156,-2.119,61.941
1,231068,9.830,-0.128,0.536,0.062,-0.081,-0.076,-15.171,-2.426,62.818
1,231072,9.830,-0.128,0.536,0.062,-0.081,-0.076,-15.171,-2.426,62.818
1,231075,9.827,-0.071,0.749,0.062,-0.081,-0.076,-15.171,-2.426,62.818
1,231098,9.864,0.005,0.695,0.060,-0.098,-0.101,-15.873,-2.543,62.686
1,231102,9.864,0.005,0.695,0.060,-0.098,-0.101,-15.873,-2.543,62.686
1,231105,9.874,0.111,0.903,0.065,-0.108,-0.109,-15.873,-2.543,62.643
1,231128,9.879,0.183,0.859,0.062,-0.121,-0.117,-15.639,-2.792,62.116
1,231131,9.879,0.183,0.859,0.062,-0.121,-0.117,-15.829,-2.309,62.993
1,231135,9.870,0.297,0.852,0.064,-0.130,-0.119,-15.829,-2.309,62.993
1,231158,9.874,0.491,0.820,0.061,-0.148,-0.122,-16.048,-2.353,62.496
1,231189,10.010,0.836,0.476,0.062,-0.172,-0.117,-16.589,-2.587,63.052
1,231193,9.964,1.067,0.055,0.060,-0.171,-0.106,-16.589,-2.587,63.052
1,231196,9.964,1.067,0.055,0.060,-0.171,-0.106,-15.814,-2.295,63.066
1,231218,9.817,1.109,0.005,0.050,-0.154,-0.081,-15.975,-2.792,62.964
1,231222,9.833,1.064,-0.193,0.051,-0.149,-0.070,-16.369,-2.792,62.964
1,231225,9.833,1.064,-0.193,0.051,-0.149,-0.070,-16.369,-2.792,62.964
1,231248,9.825,1.086,-0.273,0.062,-0.133,-0.046,-16.428,-2.660,62.365
1,231251,9.808,0.982,-0.139,0.066,-0.125,-0.037,-16.428,-2.660,62.365
1,231255,9.808,0.982,-0.139,0.066,-0.125,-0.037,-16.428,-2.660,62.365
1,231278,9.894,0.640,-0.141,0.067,-0.103,-0.017,-16.282,-2.923,63.183
1,231282,9.742,0.925,-0.013,0.078,-0.100,-0.013,-16.326,-1.973,63.373
1,231285,9.742,0.925,-0.013,0.078,-0.100,-0.013,-16.326,-1.973,63.373
1,231308,9.762,0.765,0.165,0.093,-0.088,0.002,-16.209,-2.616,63.066
1,231312,9.909,0.927,0.279,0.094,-0.087,0.009,-16.209,-2.616,63.066
1,231315,9.909,0.927,0.279,0.094,-0.087,0.009,-16.209,-2.616,63.066
1,231338,9.851,0.945,-0.063,0.093,-0.083,0.032,-16.136,-2.338,62.321
1,231341,9.851,0.945,-0.063,0.079,-0.083,0.032,-16.136,-2.338,62.321
1,231345,9.851,0.945,-0.063,0.079,-0.083,0.032,-16.486,-2.587,62.467
1,231368,9.964,0.508,-0.189,0.078,-0.062,0.061,-16.691,-2.602,62.847
1,231372,9.964,0.508,-0.189,0.078,-0.062,0.061,-16.413,-2.587,64.060
1,231375,9.964,0.508,-0.189,0.078,-0.062,0.061,-16.413,-2.587,64.060
1,231398,9.830,-0.129,0.172,0.083,-0.043,0.043,-16.136,-2.514,62.379
1,231402,9.830,-0.129,0.172,0.083,-0.043,0.043,-16.136,-2.514,62.379
1,231405,9.830,-0.129,0.172,0.083,-0.043,0.043,-16.136,-2.514,62.379
1,231428,9.903,-0.225,0.524,0.068,-0.034,0.015,-16.165,-2.265,61.400
1,231432,9.903,-0.225,0.524,0.068,-0.034,0.015,-16.033,-1.842,62.175
1,231435,9.880,-0.099,0.575,0.068,-0.038,0.004,-16.033,-1.842,62.175
1,231458,9.818,-0.050,0.702,0.068,-0.049,-0.017,-16.019,-2.426,62.058
1,231461,9.818,-0.050,0.702,0.068,-0.049,-0.017,-16.019,-2.426,62.058
1,231488,9.821,-0.044,0.773,0.061,-0.075,-0.042,-16.092,-2.075,61.663
1,231492,9.821,-0.044,0.773,0.061,-0.075,-0.042,-16.092,-2.075,61.663
1,231495,9.864,0.012,0.788,0.061,-0.081,-0.049,-15.960,-1.871,62.102
1,231518,9.837,0.048,0.749,0.062,-0.101,-0.064,-16.077,-2.046,61.254
1,231522,9.837,0.048,0.749,0.062,-0.101,-0.064,-15.756,-2.309,62.613
1,231525,9.848,0.085,0.828,0.065,-0.106,-0.068,-15.756,-2.309,62.613
1,231548,9.852,0.103,0.802,0.067,-0.126,-0.079,-15.595,-2.382,61.181
1,231552,9.850,0.176,0.832,0.068,-0.132,-0.084,-15.595,-2.382,61.181
1,231556,9.850,0.176,0.832,0.068,-0.132,-0.084,-15.595,-2.382,61.181
1,231578,9.957,0.260,0.690,0.070,-0.154,-0.093,-15.873,-2.280,61.532
1,231582,10.232,0.717,0.261,0.065,-0.159,-0.095,-15.873,-1.827,62.116
1,231585,10.232,0.717,0.261,0.065,-0.159,-0.095,-15.683,-1.827,62.116
1,231609,10.032,0.635,0.331,0.073,-0.164,-0.094,-16.165,-2.821,62.175
1,231613,9.870,0.884,-0.121,0.090,-0.158,-0.089,-16.165,-2.821,62.175
1,231616,9.870,0.884,-0.121,0.090,-0.158,-0.089,-16.165,-2.821,62.175
1,231638,9.862,0.918,-0.074,0.079,-0.147,-0.077,-16.355,-2.353,61.429
1,231642,9.867,0.721,0.122,0.061,-0.144,-0.070,-16.355,-2.353,61.429
1,231645,9.867,0.721,0.122,0.061,-0.144,-0.070,-16.296,-2.485,62.540
1,231668,9.864,0.811,-0.049,0.070,-0.134,-0.055,-15.989,-2.485,62.189
1,231671,9.837,0.852,-0.049,0.077,-0.132,-0.050,-15.522,-2.558,63.125
1,231675,9.837,0.852,-0.049,0.077,-0.132,-0.050,-15.522,-2.558,63.125
1,231698,9.842,0.881,-0.108,0.059,-0.114,-0.024,-16.194,-2.879,62.014
1,231702,9.842,0.881,-0.108,0.059,-0.114,-0.024,-16.194,-2.879,62.014
1,231706,9.842,0.881,-0.108,0.059,-0.114,-0.024,-16.194,-2.879,62.014
1,231728,9.838,0.836,-0.081,0.067,-0.094,-0.005,-15.975,-2.675,62.540
1,231732,9.838,0.836,-0.081,0.067,-0.094,-0.005,-15.975,-2.675,62.540
1,231735,9.838,0.836,-0.081,0.067,-0.094,-0.005,-15.712,-2.163,62.219
1,231758,9.878,0.739,0.002,0.067,-0.076,0.015,-15.609,-2.207,62.949
1,231762,9.878,0.739,0.002,0.067,-0.076,0.015,-15.609,-2.207,62.949
1,231765,9.878,0.739,0.024,0.067,-0.076,0.015,-15.609,-2.207,62.949
1,231788,9.905,0.575,0.004,0.072,-0.061,0.028,-16.238,-2.046,62.072
1,231791,9.905,0.575,0.004,0.072,-0.061,0.028,-16.238,-2.046,62.072
1,231819,9.960,0.196,0.071,0.066,-0.046,0.034,-15.332,-2.762,62.262
1,231822,9.960,0.196,0.071,0.066,-0.046,0.034,-15.595,-2.163,62.248
1,231849,9.925,-0.039,0.416,0.079,-0.039,0.009,-15.624,-2.002,62.467
1,231853,9.925,-0.039,0.361,0.079,-0.039,0.009,-15.624,-2.002,62.467
1,231856,9.909,-0.075,0.361,0.064,-0.039,-0.002,-15.624,-2.002,62.467
1,231878,9.881,-0.062,0.567,0.066,-0.043,-0.018,-15.580,-2.090,62.716
1,231881,9.881,-0.062,0.567,0.066,-0.043,-0.018,-15.580,-2.090,62.716
1,231885,9.876,-0.055,0.840,0.066,-0.050,-0.027,-15.463,-1.768,62.496
