1,1087528,0.754,6.828,-5.371,-0.420,-0.075,-0.084,-52.616,-57.162,140.602
1,1087532,0.754,6.828,-5.371,-0.580,-0.075,-0.061,-52.616,-57.162,140.602
1,1087535,0.754,6.828,-5.371,-0.580,-0.075,-0.061,-52.645,-57.352,140.544
1,1087539,0.793,5.792,-5.593,-0.701,-0.076,-0.049,-52.645,-57.352,140.544
1,1087622,1.004,6.267,-5.375,-0.419,-0.083,-0.119,-52.251,-57.863,139.740
1,1087650,1.202,5.323,-5.219,-0.067,-0.130,-0.075,-52.017,-57.863,139.769
1,1087681,1.059,6.897,-4.555,0.020,-0.121,-0.119,-52.119,-58.126,139.681
1,1087684,1.072,6.823,-4.654,0.020,-0.121,-0.119,-52.280,-57.746,139.506
1,1087688,1.072,6.823,-4.654,-0.117,-0.136,-0.100,-52.280,-57.746,139.506
1,1087710,1.153,5.950,-5.082,-0.353,-0.144,-0.109,-51.944,-57.995,138.907
1,1087771,0.282,6.837,-4.362,-0.527,-0.160,-0.122,-52.251,-58.857,137.401
1,1087775,0.145,6.114,-4.241,-0.596,-0.150,-0.126,-52.251,-58.857,137.401
1,1087778,0.145,6.114,-4.241,-0.596,-0.150,-0.126,-52.251,-58.857,137.401
1,1087800,0.093,5.830,-4.214,-0.286,-0.173,-0.094,-52.061,-58.842,137.372
1,1087891,-0.315,6.172,-5.435,1.241,-0.274,-0.061,-51.564,-58.492,140.398
1,1087951,0.257,5.565,-5.432,0.969,-0.274,-0.064,-51.184,-57.366,143.321
1,1087955,0.257,5.565,-5.432,0.969,-0.274,-0.064,-51.184,-57.366,143.321
1,1087958,0.564,5.484,-5.665,0.969,-0.274,-0.064,-51.184,-57.366,143.321
1,1087980,0.434,5.161,-5.762,0.624,-0.239,-0.087,-51.798,-56.884,143.204
1,1087984,0.434,5.161,-5.762,0.624,-0.239,-0.087,-51.798,-56.884,143.204
1,1087988,0.434,4.927,-5.714,0.624,-0.239,-0.087,-51.798,-56.884,143.452
1,1088010,0.682,4.180,-5.781,0.665,-0.244,-0.081,-51.286,-56.665,143.978
1,1088101,0.523,3.693,-6.507,0.867,-0.203,-0.090,-50.848,-56.738,146.375
1,1088131,0.225,3.717,-6.981,1.439,-0.247,-0.103,-50.760,-55.978,147.603
1,1088134,0.159,3.979,-7.260,1.439,-0.250,-0.103,-50.760,-54.677,148.305
1,1088138,0.159,3.979,-7.260,1.627,-0.250,-0.103,-50.614,-54.677,148.305
1,1088161,0.074,4.130,-8.066,2.010,-0.276,-0.083,-50.614,-54.414,149.883
1,1088221,-0.272,4.184,-10.015,1.951,-0.277,-0.073,-50.906,-52.455,153.654
1,1088250,-0.485,3.842,-10.720,1.990,-0.246,-0.078,-50.541,-51.798,153.946
1,1088254,-0.579,4.132,-10.990,1.936,-0.246,-0.082,-50.541,-51.798,153.946
1,1088258,-0.579,4.132,-10.990,1.936,-0.246,-0.082,-50.292,-50.921,154.165
1,1088280,-0.638,4.044,-11.612,1.655,-0.239,-0.076,-50.672,-50.935,154.545
1,1088311,-1.094,2.876,-11.160,1.164,-0.189,-0.089,-50.512,-50.161,155.115
1,1088401,-0.968,2.302,-12.255,0.893,-0.172,-0.109,-50.424,-48.568,156.212
1,1088460,-0.601,1.621,-10.483,-0.103,-0.094,-0.139,-50.088,-48.129,155.685
1,1088464,-0.601,1.621,-10.483,-0.103,-0.094,-0.139,-50.088,-48.129,155.685
1,1088468,-0.335,1.566,-10.924,-0.176,-0.088,-0.142,-49.927,-47.676,156.606
1,1088551,0.287,1.676,-9.842,-0.748,0.031,-0.151,-50.190,-48.743,155.978
1,1088554,0.593,1.594,-9.550,-0.748,0.031,-0.151,-50.760,-48.743,155.978
1,1088558,0.340,1.594,-9.550,-0.858,0.057,-0.164,-50.760,-48.743,155.978
1,1088581,0.276,1.790,-9.362,-0.863,0.060,-0.153,-50.789,-49.328,154.589
1,1088583,0.276,1.808,-9.503,-0.863,0.060,-0.153,-50.789,-49.328,154.589
1,1088587,0.360,1.808,-9.503,-0.849,0.055,-0.144,-50.789,-49.328,154.589
1,1088610,0.446,2.109,-9.504,-0.838,0.093,-0.145,-50.658,-50.146,155.408
1,1088641,0.517,2.422,-9.531,-0.930,0.108,-0.133,-51.198,-51.038,154.706
1,1088645,0.491,2.442,-9.685,-0.919,0.112,-0.128,-51.198,-51.038,154.706
1,1088648,0.491,2.442,-9.685,-0.919,0.112,-0.128,-51.198,-51.038,154.706
1,1088804,-0.038,4.024,-10.058,-0.744,0.198,-0.009,-51.856,-54.239,149.298
1,1088924,-0.866,4.976,-7.661,1.029,0.090,-0.059,-52.558,-53.128,149.328
1,1088941,-0.725,4.102,-7.685,1.327,0.078,0.020,-52.441,-52.865,149.825
1,1089000,0.675,3.866,-9.913,2.282,-0.038,-0.016,-52.894,-51.169,151.856
1,1089004,0.951,3.758,-10.375,2.282,-0.038,-0.016,-52.704,-50.161,151.798
1,1089008,0.951,3.758,-10.375,2.255,-0.026,-0.031,-52.704,-50.161,151.798
1,1089031,1.460,4.173,-10.240,2.060,0.006,-0.054,-53.113,-49.196,151.856
1,1089035,1.437,3.915,-9.854,1.896,0.013,-0.051,-53.113,-49.196,151.856
1,1089039,1.437,3.915,-9.854,1.896,0.013,-0.051,-53.113,-49.196,151.856
1,1089121,0.397,1.877,-8.761,0.375,0.057,-0.112,-53.537,-47.881,152.412
1,1089125,0.351,2.051,-8.654,0.166,0.060,-0.133,-53.537,-47.881,152.412
1,1089128,0.351,2.051,-8.654,0.166,0.060,-0.133,-53.157,-47.954,152.587
1,1089253,0.138,3.997,-9.326,-2.120,0.130,-0.182,-53.946,-50.702,150.599
1,1089301,0.723,4.399,-8.747,-2.429,0.164,-0.159,-54.195,-52.821,147.238
1,1089361,0.967,3.998,-7.460,-1.288,0.093,-0.147,-54.078,-55.130,143.745
1,1089365,0.967,3.998,-7.460,-1.288,0.093,-0.147,-54.078,-55.130,143.745
1,1089368,0.930,4.032,-7.314,-1.076,0.075,-0.144,-54.078,-55.130,143.745
1,1089420,0.916,4.824,-7.347,-0.127,0.002,-0.144,-54.297,-55.481,142.181
1,1089614,2.012,7.120,-6.601,-1.979,-0.004,-0.248,-53.610,-57.776,137.270
1,1089631,2.028,7.225,-6.224,-2.216,0.006,-0.261,-53.698,-58.828,135.545
1,1089634,2.028,7.225,-6.224,-2.216,0.006,-0.261,-53.698,-58.828,135.545
1,1089638,2.028,7.225,-6.224,-2.216,0.006,-0.261,-53.698,-58.828,135.545
1,1089661,1.863,6.579,-5.606,-1.919,-0.017,-0.250,-53.552,-59.559,132.257
1,1089665,1.863,6.579,-5.606,-1.919,-0.017,-0.250,-53.552,-59.559,132.257
1,1089668,1.863,6.579,-5.606,-1.919,-0.017,-0.250,-52.762,-59.296,131.380
1,1090131,0.520,4.171,-9.172,-0.628,-0.173,-0.115,-51.476,-54.545,148.977
1,1090170,0.206,4.981,-9.053,-1.120,-0.122,-0.127,-51.111,-55.203,148.173
1,1090174,0.206,4.981,-9.053,-1.120,-0.122,-0.127,-51.111,-55.203,148.173
1,1090178,0.148,4.936,-9.112,-1.120,-0.122,-0.127,-51.111,-55.203,148.173
1,1090200,0.109,5.032,-9.257,-1.084,-0.104,-0.106,-51.213,-56.182,147.238
1,1090231,0.072,4.978,-8.803,-0.803,-0.084,-0.084,-51.213,-56.928,146.375
1,1090235,0.072,4.978,-8.803,-0.803,-0.084,-0.084,-51.213,-56.928,146.375
1,1090238,0.059,4.983,-8.609,-0.682,-0.081,-0.076,-51.213,-56.928,146.375
1,1090364,-0.158,6.467,-8.954,0.236,-0.054,0.002,-51.578,-56.329,146.215
1,1090411,-0.306,6.153,-8.706,-0.244,0.005,0.017,-51.082,-56.504,145.659
1,1090471,-0.017,6.145,-8.582,0.678,0.007,0.072,-51.505,-56.635,145.893
1,1090474,-0.035,6.053,-8.577,0.854,0.006,0.081,-51.505,-55.759,146.054
1,1090478,-0.035,6.053,-8.577,0.854,0.006,0.081,-51.213,-55.759,146.054
1,1090500,0.237,5.454,-8.849,1.221,-0.002,0.112,-51.272,-55.802,146.653
1,1090591,0.158,4.979,-9.582,2.437,0.023,0.120,-52.324,-52.675,151.198
1,1090651,-0.310,3.888,-10.149,1.681,0.097,0.108,-52.704,-50.643,152.543
1,1090681,-0.420,3.605,-10.649,1.184,0.128,0.089,-52.645,-50.248,153.566
1,1090684,-0.420,3.605,-10.649,1.184,0.128,0.089,-52.719,-49.635,153.785
1,1090688,-0.250,3.435,-10.860,1.024,0.139,0.086,-52.719,-49.635,153.785
1,1090771,0.199,4.455,-9.181,-0.426,0.257,0.059,-53.347,-49.562,151.710
1,1090775,0.200,4.241,-9.130,-0.426,0.257,0.076,-53.347,-49.562,151.710
1,1090778,0.200,4.241,-9.130,-0.558,0.260,0.076,-53.347,-49.562,151.710
1,1090800,0.225,3.680,-9.350,-0.805,0.275,0.089,-53.347,-50.117,151.008
1,1090831,0.698,3.389,-9.565,-1.189,0.310,0.093,-54.063,-50.892,150.322
1,1090938,0.961,2.910,-8.047,-2.363,0.400,0.199,-54.648,-53.552,144.329
1,1090981,1.756,4.811,-8.972,-2.321,0.374,0.266,-55.510,-55.364,140.281
1,1091011,2.034,5.648,-8.234,-2.474,0.354,0.270,-55.759,-56.036,137.869
1,1091014,2.034,5.648,-8.234,-2.474,0.354,0.270,-55.408,-55.715,137.021
1,1091018,2.034,5.648,-8.234,-2.474,0.354,0.270,-55.408,-55.715,137.021
1,1091041,2.078,5.054,-7.906,-2.432,0.326,0.308,-55.890,-57.162,133.631
1,1091101,2.473,6.495,-6.531,-2.021,0.237,0.323,-57.352,-58.419,128.530
1,1091105,2.473,6.495,-6.531,-2.021,0.237,0.323,-57.352,-58.419,128.530
1,1091108,2.411,6.386,-6.353,-2.096,0.230,0.320,-57.352,-58.419,128.530
1,1091130,2.473,6.602,-6.153,-2.078,0.183,0.329,-57.395,-58.799,126.308
1,1091134,2.473,6.602,-6.153,-2.078,0.183,0.329,-57.395,-58.799,126.308
1,1091137,2.438,6.543,-5.880,-2.084,0.178,0.323,-56.972,-58.696,124.642
1,1091160,2.140,6.627,-4.868,-1.967,0.164,0.304,-57.571,-59.179,123.297
1,1091396,3.531,7.551,-1.906,-0.282,-0.199,0.099,-58.448,-60.202,111.517
1,1091430,3.455,7.540,-2.206,0.871,-0.272,0.088,-58.258,-59.676,113.125
1,1091434,3.455,7.540,-2.206,0.871,-0.272,0.088,-58.258,-59.676,113.125
1,1091437,3.455,7.540,-2.206,0.871,-0.272,0.088,-58.258,-59.676,113.125
1,1091460,3.366,8.447,-2.908,1.422,-0.315,0.077,-58.433,-59.515,113.929
1,1091491,3.540,8.967,-3.479,1.329,-0.316,0.051,-58.711,-59.032,115.726
1,1091521,3.322,8.974,-3.758,0.965,-0.309,0.024,-58.813,-58.945,117.977
1,1091525,3.322,8.974,-3.758,0.965,-0.309,0.024,-58.813,-58.945,117.977
1,1091528,3.241,8.784,-3.836,0.822,-0.308,0.020,-58.682,-58.652,118.284
1,1091550,3.196,8.173,-3.818,0.479,-0.296,-0.005,-58.550,-58.769,118.664
1,1091554,3.196,8.173,-3.818,0.479,-0.296,-0.005,-58.243,-58.287,119.833
1,1091557,3.211,7.884,-3.852,0.294,-0.292,-0.023,-58.243,-58.287,119.833
1,1091611,2.901,7.432,-3.654,-0.439,-0.258,-0.106,-58.082,-58.989,119.687
1,1091717,2.663,6.756,-3.634,0.446,-0.329,-0.205,-57.878,-59.661,118.650
1,1091791,2.936,8.106,-4.926,0.737,-0.356,-0.249,-56.928,-59.018,122.727
1,1091821,2.980,8.210,-5.261,0.387,-0.329,-0.281,-57.015,-58.989,123.034
1,1091954,2.327,7.759,-4.047,-0.640,-0.215,-0.414,-56.533,-60.845,121.441
1,1092031,1.777,8.551,-4.217,0.552,-0.236,-0.396,-55.583,-60.859,122.508
1,1092121,1.868,9.735,-5.578,0.875,-0.237,-0.340,-54.706,-60.669,126.220
1,1092489,0.548,8.540,-4.367,0.893,-0.122,-0.037,-52.879,-61.269,128.807
1,1092541,0.934,9.288,-6.041,2.902,-0.225,0.060,-53.771,-59.617,133.864
1,1092630,1.178,4.087,-6.944,1.264,-0.139,0.057,-53.479,-57.293,140.924
1,1092634,1.079,2.605,-7.253,1.790,-0.161,0.065,-53.479,-57.293,140.924
1,1092638,1.079,2.605,-7.253,1.790,-0.161,0.065,-53.479,-57.293,140.924
1,1092660,0.967,1.259,-8.395,3.847,-0.249,0.111,-53.522,-56.036,143.423
1,1092750,0.577,-0.585,-11.604,8.055,-0.459,0.134,-53.508,-44.972,152.733
1,1092754,0.577,-0.585,-11.604,8.055,-0.459,0.134,-53.625,-42.868,152.397
1,1092758,0.577,-0.585,-11.604,8.055,-0.459,0.134,-53.625,-42.868,152.397
1,1092811,0.435,-3.052,-9.817,6.182,-0.397,0.075,-53.318,-38.103,145.250
1,1092815,0.435,-3.052,-9.817,6.182,-0.397,0.075,-53.040,-36.364,143.350
1,1092818,0.368,-3.467,-9.436,6.182,-0.397,0.075,-53.040,-36.364,143.350
1,1092840,0.268,-4.110,-8.774,4.728,-0.340,0.034,-53.303,-34.654,138.994
1,1092871,0.189,-4.595,-7.631,3.345,-0.274,0.006,-53.362,-33.747,136.013
1,1092875,0.189,-4.595,-7.631,3.345,-0.274,0.006,-53.362,-33.747,136.013
1,1092878,0.304,-4.747,-7.244,2.865,-0.250,-0.004,-52.952,-32.900,135.019
1,1092900,0.296,-4.695,-7.302,1.801,-0.202,-0.026,-52.792,-32.914,132.812
1,1092904,0.296,-4.695,-7.302,1.801,-0.202,-0.026,-52.792,-32.914,132.812
1,1092931,0.147,-6.135,-7.134,0.314,-0.121,-0.067,-53.186,-33.177,131.920
1,1092934,0.147,-6.135,-7.134,0.314,-0.121,-0.067,-53.186,-33.177,131.920
1,1092938,0.208,-6.625,-7.067,0.045,-0.109,-0.076,-52.777,-32.607,132.564
1,1092960,0.208,-7.058,-7.033,-0.147,-0.093,-0.082,-53.259,-33.104,132.724
1,1092963,0.208,-7.058,-7.033,-0.147,-0.093,-0.082,-53.303,-32.520,132.637
1,1092967,0.181,-7.144,-7.053,-0.156,-0.089,-0.086,-53.303,-32.520,132.637
1,1092990,0.201,-7.639,-6.651,-0.028,-0.097,-0.084,-52.645,-33.367,132.870
1,1092994,0.201,-7.639,-6.479,-0.028,-0.097,-0.084,-52.645,-33.367,132.870
1,1092998,0.207,-7.577,-6.479,0.132,-0.101,-0.083,-52.645,-33.367,132.870
1,1093020,0.284,-7.347,-6.297,0.420,-0.123,-0.073,-52.996,-33.367,132.812
1,1093024,0.342,-7.671,-6.279,0.420,-0.123,-0.068,-53.362,-33.207,131.336
1,1093027,0.342,-7.671,-6.279,0.551,-0.128,-0.068,-53.362,-33.207,131.336
1,1093050,0.330,-8.436,-6.573,1.079,-0.158,-0.055,-53.011,-33.017,131.000
1,1093054,0.187,-9.185,-6.256,1.538,-0.180,-0.039,-53.011,-33.017,131.000
1,1093057,0.187,-9.185,-6.256,1.538,-0.180,-0.039,-53.011,-33.017,131.000
1,1093080,0.030,-10.521,-6.072,3.001,-0.259,-0.005,-52.441,-31.643,128.296
1,1093111,-0.256,-11.070,-6.164,5.638,-0.392,0.067,-53.011,-30.474,118.255
1,1093115,-0.372,-11.353,-5.831,6.379,-0.425,0.087,-53.011,-30.474,118.255
1,1093118,-0.372,-11.353,-5.831,6.379,-0.425,0.087,-53.011,-30.474,118.255
1,1093141,-0.290,-12.181,-4.828,7.861,-0.507,0.131,-52.645,-29.012,107.673
1,1093144,-0.290,-12.181,-4.828,8.614,-0.540,0.154,-52.645,-29.012,103.932
1,1093148,-0.290,-12.181,-4.828,8.614,-0.540,0.154,-52.324,-28.559,101.052
1,1093170,-0.140,-12.073,-3.480,10.255,-0.633,0.206,-52.353,-29.217,86.261
1,1093173,-0.140,-12.073,-3.480,11.038,-0.663,0.233,-52.353,-29.217,86.261
1,1093177,-0.140,-12.073,-3.480,11.038,-0.663,0.233,-52.353,-29.217,86.261
1,1093200,-0.014,-9.144,-1.216,12.493,-0.727,0.283,-51.885,-30.956,69.410
1,1093204,-0.014,-9.144,-1.216,12.493,-0.727,0.283,-51.885,-30.956,69.410
1,1093208,-0.014,-9.144,-1.216,12.493,-0.727,0.283,-51.535,-31.906,61.576
1,1093230,0.128,-5.767,2.377,11.859,-0.694,0.280,-51.944,-33.937,54.312
1,1093234,0.128,-5.767,2.377,11.859,-0.694,0.280,-51.549,-35.531,48.509
1,1093237,0.128,-5.767,2.377,11.859,-0.694,0.280,-51.549,-35.531,48.509
1,1093260,0.246,-3.194,5.563,9.960,-0.596,0.244,-51.462,-38.994,39.828
1,1093263,0.246,-3.194,5.563,9.960,-0.596,0.244,-51.462,-38.994,39.828
1,1093291,0.240,-1.804,7.317,8.782,-0.531,0.211,-51.476,-42.239,35.487
1,1093294,0.240,-1.804,7.317,8.782,-0.531,0.211,-51.871,-44.198,34.230
1,1093298,0.351,-1.172,7.926,8.509,-0.519,0.210,-51.871,-44.198,34.230
1,1093423,1.297,7.478,7.111,5.338,-0.367,0.145,-52.719,-57.395,46.112
1,1093500,1.193,10.064,7.424,-2.373,0.017,-0.023,-52.938,-58.565,47.691
1,1093561,1.072,3.959,7.858,-6.055,0.165,-0.115,-52.470,-54.560,39.214
1,1093564,0.998,2.583,7.914,-6.088,0.167,-0.121,-52.894,-53.800,37.957
1,1093568,0.998,2.583,7.914,-6.088,0.167,-0.121,-52.894,-53.800,37.957
1,1093590,0.883,0.266,8.712,-5.398,0.125,-0.115,-52.528,-51.593,34.668
1,1093593,0.782,-0.520,9.133,-4.707,0.092,-0.099,-52.528,-51.593,34.668
1,1093597,0.782,-0.520,9.133,-4.707,0.092,-0.099,-52.528,-51.593,34.668
1,1093620,0.587,-1.293,10.016,-2.992,0.006,-0.054,-52.368,-49.956,34.376
1,1093624,0.587,-1.293,10.016,-2.126,-0.038,-0.029,-52.382,-48.728,34.157
1,1093627,0.587,-1.293,10.016,-2.126,-0.038,-0.029,-52.382,-48.728,34.157
1,1093650,0.644,-0.209,10.239,-0.151,-0.131,0.012,-51.958,-49.284,33.514
1,1093654,0.644,-0.209,10.239,-0.151,-0.131,0.012,-51.958,-49.284,33.514
1,1093658,0.644,-0.209,10.239,-0.151,-0.131,0.012,-51.958,-49.284,33.514
1,1093783,0.853,1.499,9.669,0.111,-0.125,0.012,-52.280,-50.614,35.121
1,1093800,0.863,1.365,9.746,0.042,-0.119,0.007,-52.075,-50.380,34.712
1,1093804,0.863,1.365,9.746,0.042,-0.119,0.007,-52.075,-50.380,34.712
1,1093831,0.889,1.598,9.917,-0.109,-0.109,-0.005,-52.338,-50.643,35.267
1,1093834,0.889,1.598,9.917,-0.109,-0.109,-0.005,-51.958,-50.643,35.267
1,1093860,0.907,1.279,9.963,-0.368,-0.093,-0.016,-52.192,-50.555,35.004
1,1093951,0.703,0.579,9.911,-0.215,-0.099,-0.037,-52.470,-49.708,34.478
1,1093955,0.686,0.575,9.918,-0.117,-0.101,-0.037,-52.382,-49.313,34.741
1,1093958,0.686,0.575,9.918,-0.117,-0.101,-0.037,-52.382,-49.313,34.741
1,1094010,0.501,0.909,9.794,0.184,-0.108,-0.034,-52.777,-49.693,34.361
1,1094014,0.510,0.977,9.794,0.193,-0.106,-0.035,-52.777,-49.693,34.434
1,1094018,0.510,0.977,9.794,0.193,-0.106,-0.035,-52.002,-49.225,34.434
1,1094040,0.525,1.044,9.864,0.154,-0.097,-0.037,-52.602,-49.518,35.019
1,1094071,0.583,0.822,9.971,0.101,-0.093,-0.046,-52.602,-49.532,33.821
1,1094101,0.698,0.869,9.917,0.186,-0.094,-0.044,-52.441,-49.737,34.785
1,1094104,0.698,0.869,9.917,0.186,-0.094,-0.044,-52.441,-49.737,34.785
1,1094108,0.698,0.869,9.917,0.186,-0.094,-0.044,-52.441,-49.737,34.785
1,1094161,0.860,0.919,10.049,0.209,-0.095,-0.055,-52.382,-49.605,34.551
1,1094165,0.860,0.919,10.049,0.209,-0.095,-0.055,-52.733,-49.605,34.961
1,1094167,0.849,0.956,9.976,0.209,-0.093,-0.055,-52.733,-49.605,34.961
1,1094190,0.915,0.930,9.917,0.215,-0.093,-0.056,-52.470,-49.693,34.610
1,1094194,0.915,0.930,9.917,0.215,-0.093,-0.056,-52.470,-49.693,34.610
1,1094197,0.926,0.904,9.949,0.215,-0.090,-0.054,-52.470,-49.693,34.610
1,1094220,0.951,0.954,9.913,0.202,-0.093,-0.061,-52.602,-49.649,34.449
1,1094224,0.951,0.954,9.913,0.202,-0.093,-0.061,-52.602,-49.488,34.946
1,1094228,0.957,1.024,9.852,0.189,-0.095,-0.067,-52.602,-49.488,34.946
1,1094250,0.995,1.101,9.849,0.153,-0.089,-0.065,-52.806,-50.015,34.610
1,1094253,0.995,1.101,9.849,0.153,-0.089,-0.065,-52.806,-50.015,34.610
1,1094257,0.991,1.120,9.890,0.136,-0.086,-0.066,-52.806,-50.015,34.610
1,1094280,0.910,1.037,9.943,0.092,-0.084,-0.067,-52.587,-50.073,34.595
1,1094284,0.910,1.037,9.943,0.092,-0.084,-0.067,-52.587,-50.073,34.595
1,1094288,0.900,1.053,9.940,0.067,-0.081,-0.071,-52.338,-49.708,35.034
1,1094310,0.906,1.088,9.874,0.023,-0.079,-0.076,-52.996,-49.912,35.165
1,1094314,0.906,1.088,9.874,0.023,-0.079,-0.076,-52.996,-49.912,35.165
1,1094340,0.878,0.903,9.897,0.000,-0.075,-0.073,-52.821,-49.854,34.551
1,1094344,0.837,0.806,9.921,0.012,-0.073,-0.076,-52.821,-49.854,34.551
1,1094371,0.787,0.738,9.905,0.075,-0.077,-0.078,-52.572,-50.088,34.624
1,1094430,0.761,1.318,9.848,0.206,-0.075,-0.079,-52.821,-49.898,35.048
1,1094434,0.701,1.350,9.913,0.178,-0.071,-0.079,-52.441,-49.357,35.048
1,1094438,0.701,1.350,9.913,0.178,-0.071,-0.079,-52.441,-49.357,35.048
1,1094459,0.695,1.451,10.015,0.128,-0.076,-0.083,-52.528,-49.649,34.551
1,1094521,0.609,1.213,10.307,-0.083,-0.072,-0.082,-52.572,-50.058,34.785
1,1094524,0.609,1.213,10.307,-0.083,-0.072,-0.082,-52.572,-50.058,34.785
1,1094528,0.609,1.213,10.307,-0.083,-0.072,-0.082,-52.572,-50.058,34.785
1,1094653,0.402,1.007,8.651,-0.079,-0.105,-0.057,-52.324,-49.357,33.981
1,1094906,1.504,-0.156,9.005,-0.169,-0.002,-0.040,-52.207,-48.670,33.499
1,1094911,1.512,0.260,9.035,-0.169,-0.002,-0.040,-52.075,-48.728,34.434
1,1094970,1.351,1.001,8.477,-0.024,0.018,-0.037,-52.090,-48.524,33.674
1,1094974,1.351,1.001,8.477,-0.024,0.018,-0.037,-52.090,-48.524,33.674
1,1095081,-0.043,0.881,7.348,-0.412,0.086,-0.039,-52.295,-48.334,32.374
1,1095223,0.074,0.974,8.491,0.643,0.011,-0.016,-51.564,-48.962,32.315
1,1095343,-0.081,-0.022,9.784,-0.580,0.057,-0.045,-50.789,-49.240,31.248
1,1095361,-0.147,-0.425,10.177,-0.610,0.056,-0.057,-50.979,-48.845,31.146
1,1095391,-0.042,-0.631,9.476,-0.481,0.010,-0.057,-50.731,-48.129,31.175
1,1095394,-0.042,-0.631,9.476,-0.481,0.010,-0.057,-50.731,-48.129,31.175
1,1095420,-0.066,-1.251,9.637,-0.172,0.015,-0.045,-51.257,-48.422,30.649
1,1095424,-0.066,-1.251,9.637,-0.172,0.015,-0.045,-50.672,-48.012,30.400
1,1095428,-0.066,-1.251,9.637,-0.172,0.015,-0.045,-50.672,-48.012,30.400
1,1095450,-0.153,-1.110,10.605,0.375,-0.020,-0.045,-51.023,-48.743,30.722
1,1095454,-0.153,-1.110,10.605,0.375,-0.020,-0.045,-51.023,-48.743,30.722
1,1095541,-0.166,0.084,11.149,0.138,-0.021,-0.065,-51.140,-48.977,30.108
1,1095544,-0.166,0.084,11.149,0.138,-0.021,-0.065,-51.140,-48.977,30.108
1,1095548,-0.171,0.041,11.410,0.137,-0.026,-0.062,-50.541,-48.568,29.947
1,1095570,-0.117,0.282,11.652,0.270,-0.045,-0.055,-50.512,-48.918,29.904
1,1095779,-0.397,0.809,11.957,-0.034,-0.131,-0.070,-50.292,-49.474,30.108
1,1095840,-0.208,-0.133,12.610,-0.274,-0.128,-0.086,-50.643,-48.802,29.845
1,1095844,-0.208,-0.133,12.610,-0.274,-0.128,-0.086,-50.643,-48.802,29.845
1,1095848,-0.208,-0.133,12.610,-0.274,-0.128,-0.086,-50.643,-48.802,29.845
1,1095973,-0.190,0.635,14.144,0.340,-0.189,-0.078,-50.585,-49.006,29.567
1,1095991,-0.124,0.919,14.651,0.271,-0.184,-0.089,-50.672,-49.167,29.640
1,1096050,0.121,1.092,14.767,-0.001,-0.186,-0.098,-50.935,-48.816,29.933
1,1096054,0.121,1.092,14.767,-0.001,-0.186,-0.098,-50.935,-48.816,29.933
1,1096184,0.187,-0.530,11.568,-0.210,-0.150,-0.117,-51.272,-48.188,30.810
1,1096509,0.175,0.507,10.995,0.356,-0.089,-0.082,-51.008,-49.138,32.461
1,1096590,0.071,0.757,10.995,0.468,-0.111,-0.071,-51.330,-49.810,32.052
1,1096621,0.111,1.000,10.521,0.393,-0.110,-0.064,-51.476,-49.956,32.505
1,1096651,0.162,0.973,10.266,0.470,-0.122,-0.060,-51.462,-50.190,32.344
1,1096654,0.187,1.138,10.129,0.539,-0.131,-0.059,-51.462,-50.190,32.344
1,1096710,0.288,1.692,8.661,0.613,-0.164,-0.044,-51.608,-51.111,32.286
1,1096741,0.379,1.777,7.699,0.380,-0.170,-0.040,-51.096,-50.994,32.812
1,1096831,0.215,0.671,5.416,-0.413,-0.159,-0.049,-51.578,-50.848,32.987
1,1096890,0.135,0.377,4.939,-0.194,-0.175,-0.054,-51.695,-50.468,32.695
1,1096894,0.135,0.377,4.939,-0.194,-0.175,-0.054,-51.315,-50.146,33.294
1,1096951,0.020,0.290,4.976,0.099,-0.165,-0.060,-51.432,-50.263,33.104
1,1096955,0.057,0.328,5.227,0.099,-0.165,-0.060,-51.330,-49.985,33.031
1,1096958,0.057,0.328,5.227,0.188,-0.169,-0.059,-51.330,-49.985,33.031
1,1097083,0.940,3.784,12.477,2.096,-0.325,-0.001,-51.915,-52.295,35.253
1,1097336,0.605,3.861,6.687,0.498,-0.188,-0.018,-52.748,-55.057,38.951
1,1097474,0.559,2.247,6.589,-0.340,-0.120,-0.034,-52.368,-53.581,37.489
1,1097550,0.426,2.521,7.543,-0.038,-0.105,-0.022,-52.748,-53.142,37.445
1,1097554,0.518,2.521,7.543,0.006,-0.121,-0.016,-52.967,-52.470,37.007
1,1097581,0.766,2.545,6.932,-0.071,-0.088,-0.018,-52.689,-52.865,36.568
1,1097584,0.766,2.545,6.932,-0.160,-0.088,-0.018,-52.689,-52.865,36.568
1,1097611,0.717,2.183,8.687,-0.291,-0.053,-0.024,-53.069,-52.748,36.130
1,1097615,0.717,2.183,8.687,-0.291,-0.053,-0.024,-52.295,-52.017,36.729
1,1097618,0.717,2.183,8.687,-0.291,-0.053,-0.024,-52.295,-52.017,36.729
1,1097670,1.006,2.855,8.000,-0.151,-0.097,-0.007,-52.733,-52.528,36.291
1,1097674,1.006,2.855,8.000,-0.151,-0.097,-0.007,-52.733,-52.528,36.291
1,1097678,1.006,2.782,7.974,-0.151,-0.097,-0.007,-52.236,-52.324,36.217
1,1097701,1.015,2.399,8.674,-0.700,-0.035,-0.029,-52.733,-52.148,35.998
1,1098141,0.721,1.645,10.921,0.032,0.026,-0.009,-51.827,-51.096,32.768
1,1098253,0.380,0.566,13.758,-0.228,0.079,-0.024,-51.388,-50.409,31.877
1,1098271,0.453,0.644,14.152,-0.018,0.061,-0.028,-51.315,-50.424,31.804
1,1098274,0.453,0.907,14.401,-0.018,0.061,-0.028,-51.315,-50.424,31.804
1,1098381,0.775,4.242,17.133,0.390,0.045,-0.011,-51.403,-51.578,31.190
1,1098451,0.370,2.532,14.305,-0.188,0.035,-0.005,-51.038,-51.038,30.941
1,1098510,-0.048,0.374,11.831,-0.226,0.039,-0.007,-51.008,-50.497,30.050
1,1098704,-0.068,0.894,9.683,0.044,-0.040,0.029,-50.512,-50.175,30.664
1,1098781,-0.167,0.775,10.080,0.492,-0.092,0.037,-50.351,-50.965,31.526
1,1098785,-0.122,0.860,10.196,0.594,-0.095,0.037,-50.351,-50.965,31.526
1,1098891,-0.167,3.315,10.652,0.459,-0.117,0.039,-50.438,-51.871,32.037
1,1098901,-0.066,3.229,10.488,0.274,-0.117,0.032,-50.292,-51.768,32.140
1,1099007,-0.153,1.363,10.556,-0.320,-0.122,0.009,-50.263,-50.804,31.584
1,1099049,-0.061,1.716,10.231,0.084,-0.159,0.013,-50.599,-50.760,31.672
1,1099053,-0.061,1.716,10.231,0.084,-0.159,0.013,-50.599,-50.760,31.672
1,1099057,-0.036,1.754,10.232,0.111,-0.162,0.012,-50.599,-50.760,31.672
1,1099111,-0.049,1.926,9.747,0.374,-0.193,0.023,-50.965,-50.292,31.657
1,1099140,-0.056,2.544,8.942,0.238,-0.195,0.017,-50.570,-50.921,31.774
1,1099144,-0.056,2.544,8.636,0.238,-0.195,0.017,-50.570,-50.921,32.257
1,1099148,-0.085,2.509,8.715,0.090,-0.187,0.016,-50.263,-50.979,32.257
1,1099169,-0.236,1.894,8.551,-0.134,-0.175,0.013,-50.702,-51.023,32.666
1,1099231,-0.172,1.681,8.070,0.402,-0.205,0.027,-50.950,-50.263,32.827
1,1099234,-0.169,1.777,8.052,0.487,-0.208,0.031,-50.950,-50.263,32.827
1,1099238,-0.169,1.777,8.052,0.487,-0.208,0.031,-50.950,-50.263,32.827
1,1099260,-0.130,1.907,7.732,0.574,-0.222,0.037,-51.184,-50.906,32.885
1,1099321,-0.129,2.057,6.032,0.492,-0.219,0.042,-51.432,-51.783,33.499
1,1099350,-0.057,1.622,4.593,-0.145,-0.186,0.020,-51.608,-51.052,33.294
1,1099354,-0.057,1.622,4.593,-0.145,-0.186,0.020,-51.286,-50.965,33.791
1,1099358,-0.057,1.622,4.593,-0.145,-0.186,0.020,-51.286,-50.965,33.791
1,1099380,-0.178,1.299,4.589,-0.396,-0.142,0.001,-51.666,-51.695,33.382
1,1099487,-0.160,1.033,10.570,0.406,-0.139,-0.002,-51.228,-50.219,32.695
1,1099531,0.099,3.045,12.115,1.338,-0.228,0.020,-51.827,-51.520,34.347
1,1099723,-0.068,1.492,8.145,0.188,-0.121,-0.011,-52.119,-51.564,34.011
1,1099770,0.458,2.309,6.301,0.485,-0.133,-0.309,-52.017,-51.666,35.194
1,1099774,0.458,2.309,6.301,0.418,-0.125,-0.001,-52.017,-51.666,35.194
1,1099778,0.458,2.309,6.301,0.418,-0.125,-0.001,-52.017,-51.666,35.194
1,1099903,0.116,2.613,6.278,-0.178,-0.056,-0.026,-51.155,-51.476,34.361
1,1099951,0.073,1.298,8.162,-0.453,0.023,-0.049,-51.608,-51.418,33.674
1,1099954,0.073,1.298,8.162,-0.453,0.023,-0.049,-51.286,-50.994,33.177
1,1100452,0.214,0.949,11.116,0.243,-0.075,-0.045,-50.731,-49.693,29.801
1,1100624,-0.024,0.197,13.543,0.164,-0.117,-0.071,-50.804,-49.313,29.056
1,1100640,-0.080,0.546,14.320,0.248,-0.125,-0.076,-50.906,-49.605,30.240
1,1100644,-0.106,0.546,14.320,0.340,-0.139,-0.082,-50.906,-49.605,30.240
1,1100750,-0.378,4.085,18.719,0.458,-0.187,-0.090,-51.286,-50.526,30.269
1,1100821,0.068,3.343,16.506,-0.216,-0.217,-0.098,-51.242,-51.067,30.970
1,1100850,0.127,1.836,14.462,-0.621,-0.208,-0.115,-51.505,-50.248,30.868
1,1101042,0.290,0.981,9.232,0.156,-0.211,-0.138,-51.900,-50.453,32.344
1,1101121,0.385,1.060,10.146,0.193,-0.211,-0.134,-52.105,-50.570,32.710
1,1101125,0.385,1.060,10.146,0.193,-0.211,-0.134,-52.105,-50.570,32.710
1,1101127,0.385,1.060,10.146,0.193,-0.211,-0.134,-51.739,-50.818,33.031
1,1101150,0.389,1.293,9.952,0.244,-0.199,-0.131,-51.988,-50.482,32.914
1,1101489,0.688,1.779,6.536,0.235,-0.100,-0.106,-51.973,-51.710,34.098
1,1101541,0.603,1.521,5.750,0.043,-0.083,-0.101,-51.330,-51.710,34.727
1,1101544,0.603,1.521,5.750,0.017,-0.088,-0.101,-51.403,-51.491,33.864
1,1101547,0.603,1.521,5.750,0.017,-0.088,-0.101,-51.403,-51.491,33.864
1,1101571,0.621,1.385,4.808,-0.137,-0.089,-0.099,-51.856,-51.754,34.113
1,1101574,0.621,1.385,4.808,-0.137,-0.089,-0.099,-51.856,-51.754,34.113
1,1101578,0.621,1.385,4.808,-0.137,-0.089,-0.099,-51.856,-51.754,34.113
1,1101600,0.567,0.994,4.735,-0.358,-0.061,-0.105,-51.929,-51.140,33.981
1,1101603,0.567,0.994,4.735,-0.358,-0.061,-0.105,-51.929,-51.140,33.981
1,1101629,0.485,0.653,5.513,-0.310,-0.061,-0.101,-51.842,-51.549,33.631
1,1101720,0.370,2.423,10.154,0.415,-0.121,-0.062,-51.608,-51.710,34.449
1,1101750,0.573,2.326,11.326,0.305,-0.119,-0.065,-51.725,-51.549,34.683
1,1101754,0.573,2.326,11.326,0.305,-0.119,-0.065,-51.695,-51.476,35.238
1,1101757,0.571,2.346,11.750,0.376,-0.127,-0.061,-51.695,-51.476,35.238
1,1101780,0.656,2.629,12.005,0.628,-0.167,-0.039,-51.798,-52.032,34.405
1,1101840,0.909,2.784,9.617,0.082,-0.177,-0.024,-52.017,-52.499,34.902
1,1101844,0.907,2.475,9.501,-0.144,-0.164,-0.033,-52.017,-52.499,34.902
1,1101847,0.907,2.475,9.501,-0.144,-0.164,-0.033,-52.017,-52.499,34.902
1,1101870,0.887,2.082,9.312,-0.540,-0.151,-0.048,-51.944,-52.309,34.639
1,1101930,0.654,1.226,9.471,-0.104,-0.159,-0.034,-52.236,-51.739,34.332
1,1101934,0.636,1.316,9.576,0.109,-0.173,-0.027,-52.236,-51.739,34.332
1,1102143,0.675,1.268,6.749,-0.459,-0.082,-0.010,-52.631,-51.374,35.370
1,1102169,0.529,1.153,6.805,-0.396,-0.065,-0.006,-52.558,-52.061,35.677
1,1102173,0.529,1.153,6.805,-0.396,-0.065,-0.006,-52.558,-52.061,35.677
1,1102201,0.359,1.067,7.336,-0.237,-0.050,0.002,-52.558,-52.105,34.814
1,1102205,0.359,1.067,7.336,-0.237,-0.050,0.002,-52.558,-52.105,34.814
1,1102208,0.340,1.110,7.425,-0.184,-0.049,0.002,-52.616,-51.725,34.785
1,1102393,0.718,1.862,8.268,-0.100,-0.023,0.027,-52.441,-50.512,33.572
1,1102411,0.683,1.650,8.285,-0.204,-0.013,0.026,-52.178,-50.278,34.040
1,1102500,0.358,0.896,8.937,-0.011,-0.013,0.059,-52.265,-50.073,33.528
1,1102504,0.358,0.896,8.937,-0.011,-0.013,0.059,-52.265,-50.073,33.528
1,1102507,0.358,0.896,8.937,-0.011,-0.013,0.059,-52.265,-50.073,33.528
1,1102559,0.116,0.145,9.888,-0.022,0.011,0.054,-51.988,-49.854,32.695
1,1102563,0.116,0.145,9.888,-0.022,0.011,0.054,-52.295,-49.868,32.315
1,1102856,-0.153,0.287,12.026,0.086,0.054,0.066,-50.906,-49.152,30.605
1,1102963,-0.138,0.674,16.158,0.428,0.038,0.022,-50.351,-49.065,29.860
1,1103010,-0.061,2.783,18.817,0.998,0.023,0.040,-50.482,-49.722,29.597
1,1103100,-0.189,3.557,16.798,0.050,-0.005,0.031,-50.088,-51.330,29.684
1,1103499,-0.502,1.311,11.067,0.673,-0.186,0.049,-49.708,-50.161,30.225
1,1103549,-0.407,1.725,11.098,0.476,-0.213,0.031,-49.752,-50.877,30.386
1,1103553,-0.407,1.725,11.098,0.476,-0.213,0.031,-49.956,-50.322,30.854
1,1103557,-0.434,1.761,10.953,0.467,-0.222,0.033,-49.956,-50.322,30.854
1,1103640,-0.459,1.504,9.705,0.276,-0.242,0.006,-49.927,-51.052,30.927
1,1103875,0.049,0.943,4.286,-0.660,-0.116,-0.035,-51.067,-50.921,30.883
1,1103970,-0.214,0.260,7.967,0.111,-0.082,-0.044,-50.862,-49.985,31.628
1,1103974,-0.214,0.260,7.967,0.111,-0.082,-0.044,-50.862,-49.985,31.628
1,1103978,-0.217,0.628,8.711,0.304,-0.099,-0.044,-50.862,-49.985,31.628
1,1104000,-0.043,1.841,9.624,0.593,-0.128,-0.039,-50.424,-50.628,31.336
1,1104031,0.050,2.504,11.411,0.549,-0.105,-0.029,-50.906,-50.512,31.891
1,1104034,0.068,2.575,12.073,0.549,-0.105,-0.029,-50.906,-50.512,31.891
1,1104141,0.487,1.975,9.115,-0.206,-0.112,-0.020,-50.570,-51.082,32.227
1,1104253,0.178,2.127,10.018,0.909,-0.178,0.004,-50.994,-51.418,32.476
1,1104300,0.280,3.133,8.152,0.883,-0.189,0.018,-50.702,-51.783,32.841
1,1104304,0.280,3.133,8.152,0.883,-0.189,0.018,-50.702,-51.783,32.841
1,1104307,0.300,3.118,7.748,0.883,-0.189,0.018,-50.702,-51.783,32.841
1,1104330,0.327,2.846,7.076,0.330,-0.151,0.007,-51.637,-52.032,33.455
1,1104333,0.327,2.846,7.076,0.330,-0.151,0.007,-51.637,-52.032,33.455
1,1104336,0.315,2.637,6.814,0.330,-0.151,0.007,-51.111,-51.973,33.265
1,1104360,0.233,2.102,6.566,-0.186,-0.114,-0.006,-51.345,-51.652,34.025
1,1104390,0.069,1.370,6.774,-0.334,-0.097,-0.009,-51.169,-52.148,33.251
1,1104394,0.069,1.370,6.774,-0.334,-0.097,-0.009,-51.169,-52.148,33.251
1,1104398,0.080,1.303,6.858,-0.353,-0.098,-0.010,-50.906,-51.505,32.476
1,1104553,0.077,1.399,7.348,-0.204,-0.098,-0.032,-51.447,-51.359,32.929
1,1104571,0.000,1.086,7.592,-0.325,-0.087,-0.040,-51.111,-50.892,32.271
1,1104574,-0.089,0.897,7.846,-0.363,-0.084,-0.048,-51.111,-50.892,32.271
1,1104704,0.274,1.545,8.801,-0.034,-0.103,-0.055,-51.359,-50.482,31.424
1,1104720,0.310,1.524,8.844,0.060,-0.112,-0.055,-51.184,-50.994,32.198
1,1104781,0.324,2.143,8.268,0.044,-0.121,-0.062,-51.125,-50.336,32.184
1,1104887,0.303,1.651,9.205,-0.323,-0.094,-0.081,-51.608,-50.512,31.497
1,1104930,0.111,0.531,10.507,-0.480,-0.073,-0.099,-51.535,-49.898,31.044
1,1104934,0.116,0.481,10.490,-0.401,-0.088,-0.103,-51.535,-49.898,31.044
1,1104938,0.116,0.481,10.490,-0.401,-0.088,-0.103,-51.359,-49.883,31.380
1,1104959,0.152,0.765,10.138,-0.197,-0.100,-0.103,-51.067,-49.927,31.219
1,1105049,0.191,1.115,10.923,0.186,-0.106,-0.105,-51.622,-49.620,29.933
1,1105053,0.158,1.216,10.869,0.173,-0.104,-0.104,-51.622,-49.620,29.933
1,1105081,0.230,0.973,10.869,0.049,-0.089,-0.114,-51.228,-49.839,30.415
1,1105170,0.474,0.736,12.633,0.376,-0.106,-0.122,-51.695,-49.854,30.254
1,1105174,0.474,0.736,12.633,0.376,-0.106,-0.122,-51.695,-49.854,30.254
1,1105177,0.474,0.694,12.891,0.376,-0.106,-0.122,-51.695,-49.854,30.254
1,1105303,0.502,4.467,18.607,1.275,-0.176,-0.119,-51.432,-51.374,30.927
1,1105321,0.560,5.414,18.615,1.173,-0.176,-0.109,-51.111,-51.915,30.751
1,1105324,0.560,5.414,18.615,1.173,-0.176,-0.109,-51.111,-51.915,30.751
1,1105350,0.635,5.573,18.023,0.656,-0.180,-0.112,-51.111,-52.178,31.847
1,1105354,0.688,5.408,17.466,0.656,-0.180,-0.117,-51.432,-52.105,32.417
1,1105358,0.688,5.408,17.466,0.459,-0.181,-0.117,-51.432,-52.105,32.417
1,1105379,0.749,4.887,16.106,0.090,-0.175,-0.122,-51.228,-52.338,31.672
1,1105383,0.724,4.552,15.541,0.090,-0.175,-0.122,-51.228,-52.338,31.672
1,1105387,0.724,4.552,15.541,-0.083,-0.162,-0.125,-51.228,-52.338,31.672
1,1105410,0.648,3.787,14.722,-0.419,-0.138,-0.136,-51.462,-52.295,31.818
1,1105414,0.580,3.346,14.383,-0.590,-0.125,-0.143,-51.432,-51.710,31.994
1,1105520,0.343,0.346,10.461,-0.162,-0.132,-0.158,-51.535,-51.272,30.927
1,1105766,0.537,1.716,10.641,0.657,-0.176,-0.126,-50.994,-51.330,33.061
1,1105770,0.537,1.716,10.641,0.657,-0.176,-0.126,-51.432,-51.842,33.002
1,1105774,0.537,2.022,10.743,0.657,-0.176,-0.126,-51.432,-51.842,33.002
1,1105778,0.559,1.848,10.743,0.696,-0.187,-0.126,-51.432,-51.842,33.002
1,1105799,0.547,2.030,10.616,0.742,-0.195,-0.122,-51.125,-52.470,33.747
1,1105831,0.593,2.376,10.278,0.797,-0.192,-0.116,-51.301,-52.631,34.244
1,1105834,0.573,2.562,10.306,0.783,-0.188,-0.116,-51.301,-52.631,34.244
1,1105890,0.386,2.680,10.238,0.634,-0.175,-0.108,-51.184,-53.625,35.165
1,1105998,0.580,3.102,7.888,0.613,-0.125,-0.106,-51.184,-54.165,35.516
1,1106070,0.620,3.234,7.047,0.214,-0.066,-0.103,-51.242,-54.940,36.817
1,1106074,0.620,3.234,7.047,0.214,-0.066,-0.103,-51.242,-54.940,37.591
1,1106077,0.620,3.234,7.047,0.214,-0.066,-0.103,-50.672,-54.604,37.591
1,1106160,0.615,1.668,4.892,-0.145,-0.045,-0.092,-51.315,-54.355,36.130
1,1106190,0.550,1.457,4.175,-0.184,-0.040,-0.087,-51.140,-54.078,36.144
1,1106194,0.550,1.457,4.175,-0.184,-0.040,-0.087,-51.140,-54.078,36.144
1,1106198,0.506,1.359,4.040,-0.242,-0.034,-0.088,-50.818,-54.063,35.618
1,1106219,0.354,1.111,4.193,-0.347,-0.017,-0.090,-51.082,-54.092,35.911
1,1106223,0.354,1.111,4.193,-0.347,-0.017,-0.090,-51.008,-54.092,35.823
1,1106330,0.254,3.450,10.676,0.612,-0.065,-0.056,-50.526,-54.984,35.121
1,1106401,0.589,5.281,10.342,0.827,-0.173,-0.009,-50.921,-55.247,35.969
1,1106507,0.032,2.283,8.651,-0.580,-0.093,-0.048,-50.848,-54.370,36.071
1,1106520,0.028,2.486,8.821,-0.283,-0.100,-0.044,-50.979,-54.253,36.042
1,1106524,0.028,2.486,8.821,-0.283,-0.100,-0.044,-50.979,-54.253,36.042
1,1106630,0.544,4.324,7.021,0.626,-0.138,0.012,-51.052,-55.247,37.314
1,1106640,0.518,4.294,6.824,0.480,-0.131,0.009,-51.213,-55.627,37.562
1,1106643,0.518,4.294,6.824,0.480,-0.131,0.009,-51.213,-55.627,37.562
1,1106730,0.508,2.396,6.055,-0.775,-0.042,-0.018,-50.935,-54.823,36.510
1,1106734,0.514,2.179,6.370,-0.794,-0.033,-0.024,-50.935,-54.823,36.510
1,1106738,0.514,2.179,6.370,-0.794,-0.033,-0.024,-50.789,-54.648,36.524
1,1106760,0.541,2.157,7.293,-0.606,-0.032,-0.026,-51.213,-54.224,35.735
1,1106764,0.519,2.291,7.744,-0.440,-0.042,-0.020,-51.213,-54.224,35.735
1,1106768,0.519,2.291,7.744,-0.440,-0.042,-0.020,-51.213,-54.224,35.735
1,1106821,0.558,3.094,6.296,0.130,-0.112,0.016,-51.374,-54.370,36.144
1,1106824,0.536,3.293,6.296,0.022,-0.094,0.015,-51.374,-54.370,36.144
1,1106828,0.536,3.293,6.296,0.022,-0.094,0.015,-51.374,-54.370,36.144
1,1106911,0.255,2.309,6.796,-0.599,-0.034,0.005,-51.198,-53.274,34.244
1,1106914,0.255,2.309,6.796,-0.599,-0.034,0.005,-51.198,-53.274,34.244
1,1106970,0.048,2.162,8.771,-0.260,-0.062,0.016,-51.462,-52.850,33.660
1,1106974,0.048,2.162,8.771,-0.260,-0.062,0.016,-51.462,-52.850,33.660
1,1106978,-0.001,2.248,8.681,-0.260,-0.072,0.024,-51.462,-52.850,33.660
1,1107000,-0.030,2.367,8.486,-0.137,-0.073,0.029,-51.111,-52.689,33.411
1,1107090,-0.062,1.232,9.117,-0.518,-0.075,0.020,-51.476,-51.462,33.587
1,1107180,0.224,0.134,9.800,-0.238,-0.105,0.015,-51.652,-50.877,31.877
1,1107374,0.450,1.602,10.800,0.078,-0.100,-0.011,-51.535,-51.052,32.315
1,1107729,0.476,1.750,12.525,-0.717,-0.120,-0.056,-51.944,-52.324,33.192
1,1107781,-0.089,0.885,9.679,-0.031,-0.137,-0.043,-51.739,-51.681,32.739
1,1107810,-0.056,0.991,8.560,0.307,-0.130,-0.050,-52.192,-51.885,33.061
1,1107840,0.146,1.579,8.450,0.617,-0.123,-0.027,-52.397,-52.178,34.084
1,1107844,0.146,1.579,8.450,0.617,-0.123,-0.027,-52.397,-52.178,34.084
1,1107871,0.312,1.815,8.633,0.657,-0.119,-0.031,-51.739,-52.748,33.528
1,1107875,0.312,1.815,8.633,0.657,-0.119,-0.031,-51.652,-52.207,34.317
1,1107877,0.390,2.120,8.593,0.628,-0.119,-0.035,-51.652,-52.207,34.317
1,1107900,0.632,2.694,8.746,0.468,-0.110,-0.033,-51.988,-52.616,34.639
1,1107990,0.718,1.524,9.875,-0.260,-0.081,-0.039,-51.637,-52.222,33.894
1,1108019,0.693,1.671,10.050,0.139,-0.101,-0.018,-51.739,-51.622,33.704
1,1108024,0.628,1.784,10.120,0.139,-0.101,-0.018,-51.666,-52.046,34.347
1,1108027,0.628,1.784,10.120,0.213,-0.103,-0.016,-51.666,-52.046,34.347
1,1108049,0.485,1.972,10.231,0.195,-0.099,-0.020,-51.915,-52.207,33.484
1,1108053,0.433,1.948,10.269,0.150,-0.095,-0.024,-51.915,-52.207,33.484
1,1108057,0.433,1.948,10.269,0.150,-0.095,-0.024,-51.915,-51.958,34.069
1,1108111,0.382,1.876,10.040,0.439,-0.090,-0.005,-52.002,-52.192,34.040
1,1108114,0.373,1.938,10.135,0.486,-0.083,-0.002,-52.002,-52.192,34.040
1,1108244,0.635,1.982,9.163,0.336,-0.035,-0.024,-51.725,-52.602,34.902
1,1108260,0.690,2.168,8.870,0.453,-0.033,-0.021,-51.608,-52.865,35.224
1,1108264,0.690,2.168,8.870,0.453,-0.033,-0.021,-51.608,-52.865,35.224
1,1108268,0.690,2.168,8.761,0.453,-0.033,-0.021,-50.745,-52.762,34.902
1,1108290,0.735,2.680,8.652,0.513,-0.027,-0.024,-51.330,-53.318,35.224
1,1108293,0.735,2.680,8.652,0.513,-0.027,-0.024,-51.330,-53.318,35.224
1,1108400,0.687,2.022,6.426,-0.362,-0.001,-0.021,-51.403,-53.099,34.303
1,1108440,0.569,1.067,4.753,-0.406,-0.006,-0.021,-51.169,-52.514,33.718
1,1108444,0.495,0.835,4.525,-0.406,-0.006,-0.021,-51.169,-52.514,33.718
1,1108448,0.495,0.835,4.525,-0.392,-0.004,-0.020,-51.169,-52.514,33.718
1,1108469,0.416,0.581,4.442,-0.336,-0.002,-0.018,-51.374,-52.631,34.054
1,1108560,0.165,1.630,7.560,0.159,0.006,-0.023,-50.585,-52.353,34.230
1,1108723,0.160,2.375,9.056,-0.215,-0.028,-0.001,-50.950,-52.558,33.952
1,1108770,0.053,1.438,9.467,-0.235,-0.032,-0.016,-50.906,-52.148,33.718
1,1108774,0.053,1.438,9.467,-0.235,-0.032,-0.016,-50.906,-52.148,33.718
1,1108778,0.086,1.454,9.412,-0.147,-0.039,-0.017,-50.906,-52.148,33.718
1,1108799,0.110,1.693,9.446,0.121,-0.048,-0.011,-50.555,-52.192,33.251
1,1108861,0.267,3.289,9.478,0.951,-0.105,0.031,-50.877,-52.850,34.054
1,1108890,0.292,3.681,9.263,0.883,-0.104,0.028,-50.702,-53.245,35.180
1,1108894,0.298,3.935,9.165,0.883,-0.104,0.028,-50.702,-53.245,35.180
1,1108898,0.298,3.935,9.165,0.843,-0.105,0.028,-50.702,-53.245,35.180
1,1108919,0.287,4.240,8.691,0.709,-0.114,0.034,-50.555,-53.552,34.566
1,1108923,0.275,4.247,8.375,0.709,-0.114,0.034,-50.555,-53.552,34.566
1,1108951,0.256,4.053,7.533,0.303,-0.106,0.033,-50.424,-53.902,35.180
1,1108955,0.266,3.896,7.137,0.133,-0.104,0.032,-50.395,-53.990,35.180
1,1108958,0.266,3.896,7.137,0.133,-0.104,0.032,-50.395,-53.990,35.180
1,1108980,0.153,3.237,6.348,-0.187,-0.090,0.026,-50.877,-53.581,34.902
1,1109010,-0.041,2.205,6.032,-0.294,-0.070,0.027,-50.775,-53.449,34.814
1,1109071,-0.029,2.100,6.402,-0.148,-0.078,0.010,-50.482,-53.669,33.514
1,1109074,-0.029,2.100,6.402,-0.148,-0.078,0.010,-50.219,-52.631,34.391
1,1109180,-0.071,2.364,6.291,-0.594,-0.045,0.013,-50.570,-52.090,34.040
1,1109220,-0.171,1.241,8.262,-0.338,-0.043,0.023,-50.702,-51.973,32.900
1,1109224,-0.171,1.241,8.262,-0.338,-0.043,0.023,-50.702,-51.973,32.900
1,1109228,-0.160,1.476,8.259,-0.199,-0.067,0.022,-50.702,-51.973,32.900
1,1109414,-0.310,0.775,9.322,-0.159,-0.073,-0.005,-50.336,-50.322,31.336
1,1109430,-0.249,0.753,9.180,-0.109,-0.083,-0.004,-50.570,-50.292,31.131
1,1109434,-0.183,0.781,9.093,-0.062,-0.084,-0.005,-50.570,-50.292,31.131
1,1109438,-0.183,0.781,9.093,-0.062,-0.084,-0.005,-50.570,-50.292,31.131
1,1109460,-0.150,0.865,9.419,0.013,-0.071,-0.010,-50.745,-50.424,31.204
1,1109491,-0.049,0.889,10.819,0.213,-0.081,-0.002,-51.082,-50.570,31.628
1,1109597,0.276,0.894,11.090,-0.061,-0.087,-0.044,-50.818,-50.804,30.240
1,1109610,0.157,0.833,11.320,-0.079,-0.087,-0.061,-50.950,-50.292,30.576
1,1109717,-0.366,0.674,11.468,0.175,-0.087,-0.089,-51.082,-50.468,30.094
1,1109730,-0.382,0.750,11.501,0.221,-0.086,-0.087,-50.482,-50.058,29.246
1,1109864,-0.079,3.645,19.104,0.373,-0.086,-0.130,-50.395,-51.301,29.538
1,1109911,-0.299,4.150,19.840,0.673,-0.143,-0.078,-50.628,-51.213,29.743
1,1109915,-0.286,4.108,19.840,0.673,-0.159,-0.089,-50.628,-51.213,29.743
1,1109917,-0.286,4.108,19.840,0.673,-0.159,-0.089,-50.628,-51.900,30.824
1,1109940,-0.090,4.647,17.967,0.655,-0.181,-0.111,-50.263,-52.163,30.970
1,1109943,0.018,4.778,17.967,0.626,-0.182,-0.104,-50.292,-51.768,31.000
1,1109971,0.008,3.901,16.018,0.437,-0.173,-0.087,-50.526,-52.002,30.649
1,1109974,0.008,3.901,16.018,0.437,-0.173,-0.087,-50.526,-52.002,30.649
1,1109978,0.008,3.901,16.018,0.437,-0.173,-0.087,-50.526,-52.002,30.649
1,1110000,0.011,3.255,13.610,0.055,-0.169,-0.112,-50.512,-52.426,30.883
1,1110236,0.646,1.443,9.373,-0.079,-0.100,-0.181,-50.585,-51.973,32.198
1,1110331,0.087,1.621,10.354,0.316,-0.109,-0.180,-50.395,-52.119,32.490
1,1110361,-0.124,2.015,10.485,0.459,-0.126,-0.165,-50.585,-52.324,32.578
1,1110390,-0.086,2.442,10.805,0.494,-0.114,-0.167,-50.409,-51.812,32.344
1,1110394,-0.086,2.442,10.805,0.494,-0.114,-0.167,-50.409,-51.812,32.344
1,1110420,-0.067,3.002,10.627,0.577,-0.127,-0.154,-50.614,-52.587,33.148
1,1110424,-0.067,3.002,10.627,0.577,-0.127,-0.154,-50.614,-52.587,33.148
1,1110531,-0.167,2.680,10.677,0.182,-0.101,-0.136,-50.278,-53.157,33.397
1,1110704,0.012,2.285,5.752,-0.073,-0.177,-0.064,-50.424,-53.537,34.171
1,1110781,-0.042,1.530,4.049,-0.043,-0.187,-0.045,-50.351,-53.479,33.981
1,1110784,-0.060,1.433,4.026,-0.156,-0.182,-0.050,-50.351,-53.479,33.981
1,1110944,0.071,3.397,11.458,0.748,-0.208,-0.042,-50.512,-52.967,33.557
1,1110960,0.162,3.704,11.392,0.701,-0.208,-0.022,-50.950,-53.303,34.303
1,1110964,0.162,3.704,11.392,0.701,-0.208,-0.022,-50.950,-53.303,34.303
1,1110967,0.213,3.612,11.384,0.627,-0.204,-0.023,-50.950,-53.303,34.303
1,1110991,0.240,3.349,11.026,0.516,-0.203,-0.020,-50.906,-53.099,33.996
1,1111050,0.579,2.503,8.472,-0.093,-0.162,-0.028,-51.447,-53.522,34.551
1,1111140,0.260,1.892,10.308,0.115,-0.138,-0.020,-50.409,-53.142,34.493
1,1111230,0.463,3.751,9.139,0.756,-0.178,0.018,-51.096,-53.742,36.407
1,1111260,0.663,3.726,8.089,0.385,-0.161,0.020,-51.359,-53.669,36.787
1,1111291,0.680,3.258,7.671,-0.217,-0.119,0.021,-51.725,-53.493,37.197
1,1111294,0.680,3.258,7.671,-0.217,-0.119,0.021,-51.725,-53.493,37.197
1,1111297,0.680,3.258,7.671,-0.217,-0.119,0.021,-51.725,-53.493,37.197
1,1111320,0.559,2.548,7.094,-0.496,-0.106,0.021,-51.228,-53.113,36.349
1,1111324,0.559,2.548,7.094,-0.496,-0.106,0.021,-51.228,-53.113,36.349
1,1111327,0.559,2.548,7.094,-0.496,-0.106,0.021,-51.198,-53.230,36.671
1,1111350,0.397,1.933,6.120,-0.729,-0.089,0.020,-51.432,-53.391,36.904
1,1111353,0.397,1.933,6.120,-0.729,-0.089,0.020,-51.155,-53.157,36.203
1,1111380,0.170,1.272,6.013,-0.783,-0.065,0.022,-50.979,-52.748,35.633
1,1111384,0.170,1.272,6.013,-0.783,-0.065,0.022,-50.979,-52.748,35.633
1,1111387,0.171,1.054,6.098,-0.783,-0.065,0.023,-50.789,-52.777,35.121
1,1111410,0.130,0.827,6.553,-0.571,-0.057,0.026,-51.052,-52.353,34.668
1,1111414,0.130,0.827,6.553,-0.571,-0.057,0.026,-51.535,-51.783,34.507
1,1111416,0.181,0.933,6.897,-0.571,-0.057,0.027,-51.535,-51.783,34.507
1,1111440,0.187,1.315,7.606,-0.144,-0.071,0.035,-51.067,-51.593,34.449
1,1111531,0.476,2.791,6.738,0.173,-0.097,0.075,-51.593,-52.178,34.668
1,1111534,0.462,2.644,6.786,0.173,-0.097,0.075,-51.593,-52.192,34.581
1,1111560,0.361,2.242,7.552,-0.035,-0.051,0.077,-51.447,-52.192,33.835
1,1111564,0.288,2.018,8.051,-0.094,-0.044,0.077,-51.447,-52.192,33.835
1,1111568,0.288,2.018,8.051,-0.094,-0.044,0.077,-51.447,-52.192,33.835
1,1111694,0.379,0.999,8.819,0.363,-0.100,0.067,-51.520,-51.447,33.426
1,1111710,0.412,1.674,8.534,0.540,-0.098,0.076,-51.476,-51.462,33.353
1,1111714,0.412,1.674,8.534,0.685,-0.098,0.076,-51.476,-51.462,33.353
1,1111717,0.412,1.674,8.534,0.685,-0.098,0.076,-51.739,-51.111,33.704
1,1111770,0.357,1.990,9.017,0.017,-0.068,0.048,-51.958,-51.812,33.163
1,1111773,0.357,1.990,9.017,0.017,-0.068,0.048,-51.958,-51.812,33.163
1,1111777,0.357,1.990,9.017,0.017,-0.068,0.048,-51.958,-51.812,33.163
1,1111962,0.415,1.670,10.524,0.651,-0.073,0.040,-51.228,-50.658,33.061
1,1112010,0.230,1.947,10.329,-0.016,-0.045,0.015,-51.418,-51.052,33.119
1,1112014,0.230,1.668,10.373,-0.131,-0.033,0.011,-51.418,-50.892,32.871
1,1112018,0.230,1.668,10.373,-0.131,-0.033,0.011,-51.418,-50.892,32.871
1,1112040,0.219,1.754,10.684,-0.108,-0.026,0.016,-50.950,-50.950,32.300
1,1112043,0.256,2.162,10.824,-0.109,-0.023,0.013,-50.950,-50.950,32.300
1,1112071,0.206,2.204,11.067,-0.390,-0.015,0.009,-51.082,-50.672,32.081
1,1112161,-0.022,0.246,14.742,-0.060,-0.007,-0.011,-50.760,-49.752,30.780
1,1112165,-0.022,0.246,14.742,-0.060,-0.007,-0.011,-50.760,-49.752,30.780
1,1112167,-0.022,0.246,14.742,-0.060,-0.007,-0.011,-50.760,-49.752,30.780
1,1112190,0.078,0.629,16.549,0.555,-0.040,0.005,-51.038,-49.825,30.415
1,1112194,0.078,0.629,16.549,0.555,-0.040,0.005,-51.038,-49.825,30.415
1,1112197,0.078,0.629,16.549,0.555,-0.040,0.005,-51.111,-49.620,30.503
1,1112221,0.290,2.015,19.238,1.173,-0.067,0.001,-50.833,-50.702,31.277
1,1112224,0.290,2.015,19.238,1.173,-0.067,0.001,-50.833,-50.702,31.277
1,1112281,0.763,5.743,20.338,1.603,-0.172,0.045,-51.111,-51.695,31.204
1,1112340,0.360,4.416,16.393,0.511,-0.183,0.038,-51.432,-52.645,32.023
1,1112370,0.242,3.514,14.473,-0.055,-0.144,0.007,-51.535,-52.762,32.081
1,1112374,0.242,3.514,14.473,-0.055,-0.144,0.007,-51.535,-52.762,32.081
1,1112376,0.254,3.196,14.064,-0.233,-0.137,0.002,-51.535,-52.762,32.081
1,1112400,0.276,2.369,13.052,-0.539,-0.136,-0.012,-51.476,-52.485,32.900
1,1112460,0.349,0.913,10.993,-0.258,-0.139,-0.017,-51.958,-51.535,32.768
1,1112464,0.403,1.174,10.812,-0.231,-0.145,-0.023,-51.958,-51.535,32.900
1,1112467,0.403,1.174,10.812,-0.231,-0.145,-0.023,-50.862,-51.359,32.900
1,1112696,0.944,2.182,9.508,0.265,-0.203,-0.004,-51.695,-51.871,33.864
1,1112760,0.926,3.169,9.683,0.639,-0.263,0.017,-52.236,-51.827,34.887
1,1112969,0.747,3.705,8.350,0.517,-0.217,0.026,-52.865,-52.499,37.153
1,1113000,0.928,3.467,6.475,0.285,-0.199,0.015,-53.186,-52.733,37.021
1,1113090,0.737,1.541,3.900,-0.347,-0.084,-0.007,-53.157,-52.455,38.103
1,1113094,0.737,1.541,3.900,-0.347,-0.084,-0.007,-53.157,-52.455,38.103
1,1113097,0.737,1.541,3.900,-0.347,-0.084,-0.007,-53.157,-52.455,38.103
1,1113120,0.629,1.186,3.430,-0.358,-0.062,-0.016,-53.128,-51.812,37.138
1,1113150,0.520,1.205,3.284,-0.662,-0.026,-0.040,-52.996,-51.842,37.401
1,1113210,0.067,0.855,6.017,-0.463,0.039,-0.049,-52.426,-51.491,36.291
1,1113214,0.067,0.855,6.017,-0.463,0.039,-0.049,-52.265,-51.272,35.867
1,1113217,-0.057,1.043,7.050,-0.305,0.046,-0.044,-52.265,-51.272,35.867
1,1113373,1.418,3.934,9.288,0.828,-0.062,0.007,-52.733,-52.470,36.685
1,1113390,1.249,3.526,8.987,0.418,-0.043,-0.007,-52.894,-52.543,36.714
1,1113523,0.535,2.643,9.126,0.628,0.010,-0.006,-51.958,-52.704,36.174
1,1113571,0.427,3.237,8.666,1.137,0.011,0.001,-52.178,-53.654,36.612
1,1113630,0.747,3.773,7.810,0.496,0.042,-0.020,-51.710,-54.078,37.401
1,1113634,0.747,3.773,7.810,0.496,0.042,-0.020,-51.710,-54.078,37.401
1,1113637,0.767,3.612,7.793,0.324,0.053,-0.024,-51.710,-54.078,37.401
1,1113763,0.269,2.219,8.487,-0.406,0.078,-0.037,-51.213,-53.815,35.501
1,1113810,0.087,2.088,8.174,-0.607,0.072,-0.037,-50.979,-53.742,35.034
1,1113814,0.037,1.985,8.119,-0.611,0.072,-0.037,-50.950,-53.099,34.917
1,1113818,0.037,1.985,8.119,-0.611,0.072,-0.037,-50.950,-53.099,34.917
1,1113839,-0.005,1.941,8.063,-0.541,0.068,-0.032,-50.658,-52.894,34.054
1,1113843,0.007,1.858,7.959,-0.496,0.062,-0.026,-50.658,-52.894,34.054
1,1113973,-0.188,1.028,7.632,-0.279,0.023,-0.021,-50.453,-51.447,32.900
1,1113991,-0.248,1.287,7.740,-0.150,0.013,-0.024,-50.585,-51.315,32.213
1,1114020,-0.258,1.705,7.741,-0.053,-0.006,-0.016,-50.789,-51.228,32.052
1,1114023,-0.258,1.705,7.741,-0.053,-0.006,-0.016,-50.789,-51.228,32.052
1,1114027,-0.258,1.705,7.741,-0.053,-0.006,-0.016,-50.789,-51.228,32.052
1,1114049,-0.089,1.490,7.628,-0.222,-0.004,-0.027,-50.482,-50.570,31.789
1,1114081,-0.103,1.335,8.073,-0.261,0.000,-0.037,-50.292,-50.804,31.935
1,1114140,-0.234,1.442,8.061,-0.239,-0.026,-0.038,-49.942,-51.082,31.701
1,1114144,-0.234,1.442,8.061,-0.239,-0.026,-0.038,-50.292,-50.322,31.920
1,1114148,-0.285,1.389,8.174,-0.310,-0.022,-0.042,-50.292,-50.322,31.920
1,1114170,-0.335,1.151,8.594,-0.376,-0.017,-0.049,-49.737,-50.804,31.102
1,1114174,-0.335,1.151,8.747,-0.376,-0.017,-0.049,-49.737,-50.804,31.102
1,1114177,-0.359,1.000,8.747,-0.358,-0.022,-0.044,-49.737,-50.804,31.102
1,1114200,-0.419,0.705,8.953,-0.238,-0.039,-0.044,-49.912,-51.023,30.810
1,1114230,-0.455,1.005,9.503,0.022,-0.050,-0.048,-50.088,-50.512,31.219
1,1114291,-0.279,1.714,10.037,0.243,-0.092,-0.050,-49.708,-50.935,30.912
1,1114350,-0.274,2.445,10.126,-0.038,-0.100,-0.056,-50.000,-50.672,30.284
1,1114354,-0.274,2.445,10.126,-0.171,-0.099,-0.067,-50.000,-50.672,30.284
1,1114358,-0.274,2.445,10.126,-0.171,-0.099,-0.067,-50.000,-50.672,30.284
1,1114379,-0.223,1.932,10.032,-0.401,-0.092,-0.078,-49.956,-50.322,30.006
1,1114411,-0.330,0.882,10.963,-0.473,-0.067,-0.071,-50.643,-49.810,30.196
1,1114415,-0.330,0.882,10.963,-0.473,-0.067,-0.071,-50.161,-49.752,30.152
1,1114417,-0.330,0.882,10.963,-0.473,-0.067,-0.071,-50.161,-49.752,30.152
1,1114440,-0.376,0.202,11.426,-0.341,-0.083,-0.084,-50.205,-49.722,29.889
1,1114470,-0.463,-0.080,13.044,0.101,-0.077,-0.079,-50.044,-49.708,29.363
1,1114474,-0.463,-0.080,13.044,0.101,-0.077,-0.079,-49.810,-49.255,30.123
1,1114500,-0.623,0.962,15.107,0.677,-0.112,-0.088,-50.234,-50.175,29.538
1,1114560,-0.244,3.872,19.729,1.230,-0.149,-0.087,-50.248,-51.388,30.064
1,1114723,0.096,3.818,13.163,-0.401,-0.225,-0.099,-50.877,-53.303,32.096
1,1114741,0.044,3.474,12.635,-0.577,-0.221,-0.105,-50.614,-53.011,32.330
1,1114847,0.014,0.945,9.344,0.149,-0.241,-0.105,-50.789,-52.324,32.695
1,1114861,-0.005,1.421,9.154,0.304,-0.252,-0.111,-50.687,-51.929,32.315
1,1114864,-0.005,1.421,9.154,0.304,-0.252,-0.111,-50.687,-51.929,32.315
1,1114868,-0.005,1.421,9.154,0.304,-0.252,-0.111,-50.892,-52.119,32.578
1,1114890,0.163,1.876,8.777,0.260,-0.253,-0.104,-50.877,-52.017,32.564
1,1114894,0.163,1.876,8.777,0.260,-0.253,-0.104,-50.877,-52.017,32.564
1,1114898,0.163,1.876,8.843,0.260,-0.253,-0.104,-50.877,-52.017,32.564
1,1114950,0.189,1.851,9.406,0.086,-0.250,-0.122,-51.228,-52.119,33.397
1,1115056,0.597,2.252,9.808,0.408,-0.255,-0.111,-51.491,-53.040,33.689
1,1115071,0.516,2.188,9.925,0.451,-0.242,-0.108,-51.549,-52.719,34.069
1,1115074,0.456,2.161,10.092,0.451,-0.242,-0.108,-51.359,-52.485,34.975
1,1115078,0.456,2.161,10.092,0.507,-0.244,-0.108,-51.359,-52.485,34.975
1,1115203,0.447,3.448,8.099,0.176,-0.170,-0.133,-51.827,-53.873,36.481
1,1115220,0.418,3.468,7.785,0.192,-0.156,-0.136,-52.163,-54.268,36.466
1,1115224,0.389,3.468,7.785,0.206,-0.143,-0.134,-52.163,-54.268,36.466
1,1115228,0.389,3.468,7.785,0.206,-0.143,-0.134,-52.163,-54.268,36.466
1,1115250,0.251,3.033,7.665,0.257,-0.119,-0.127,-51.345,-54.414,37.241
1,1115281,0.342,3.235,6.894,0.437,-0.116,-0.130,-51.564,-54.516,41.084
1,1115284,0.342,3.235,6.894,0.437,-0.116,-0.130,-51.213,-54.355,37.898
1,1115288,0.342,3.235,6.894,0.437,-0.116,-0.130,-51.213,-54.355,37.898
1,1115310,0.531,3.665,6.010,0.259,-0.082,-0.123,-51.666,-54.516,37.738
1,1115340,0.629,3.003,5.910,-0.109,-0.043,-0.128,-52.295,-54.370,38.220
1,1115344,0.629,3.003,5.910,-0.109,-0.043,-0.128,-51.593,-53.800,38.351
1,1115347,0.629,2.736,5.927,-0.109,-0.043,-0.128,-51.593,-53.800,38.351
1,1115371,0.641,2.264,5.715,-0.110,-0.044,-0.116,-51.798,-54.809,37.825
1,1115430,0.614,1.657,4.228,-0.165,-0.044,-0.111,-51.462,-54.429,37.913
1,1115639,0.763,4.315,10.359,0.447,-0.115,-0.055,-50.614,-55.130,38.074
1,1115670,0.609,4.453,9.765,0.467,-0.122,-0.048,-50.658,-55.262,37.708
1,1115674,0.609,4.453,9.765,0.483,-0.132,-0.040,-50.278,-54.823,38.468
1,1115677,0.609,4.453,9.765,0.483,-0.132,-0.040,-50.278,-54.823,38.468
1,1115700,0.535,4.404,9.095,0.435,-0.139,-0.032,-50.950,-55.452,37.957
1,1115704,0.535,4.404,9.095,0.338,-0.132,-0.031,-50.950,-55.452,37.957
1,1115707,0.535,4.404,9.095,0.338,-0.132,-0.031,-50.950,-55.452,37.957
1,1115730,0.489,4.077,9.180,-0.126,-0.105,-0.044,-51.184,-55.232,37.621
1,1115821,0.374,3.641,9.400,0.392,-0.137,-0.024,-51.447,-54.735,37.796
1,1115824,0.374,3.641,9.400,0.392,-0.137,-0.024,-51.447,-54.735,37.796
1,1115880,0.493,4.463,8.734,0.753,-0.156,0.000,-51.505,-55.729,39.287
1,1115884,0.493,4.463,8.734,0.753,-0.156,0.000,-51.374,-55.437,39.287
1,1115887,0.554,4.592,8.672,0.716,-0.151,-0.001,-51.374,-55.437,39.287
1,1115910,0.506,4.761,8.596,0.588,-0.138,-0.002,-51.783,-55.656,39.360
1,1116000,0.500,3.942,6.366,-0.228,-0.095,-0.006,-51.462,-56.372,39.228
1,1116031,0.504,2.663,5.129,-0.432,-0.073,-0.004,-51.315,-55.788,39.170
1,1116034,0.529,2.384,5.050,-0.420,-0.061,-0.005,-51.315,-55.788,39.170
1,1116038,0.529,2.384,5.050,-0.420,-0.061,-0.005,-51.315,-55.788,39.170
1,1116060,0.475,2.268,5.313,-0.343,-0.045,-0.011,-50.848,-55.685,38.278
1,1116063,0.444,2.361,5.549,-0.336,-0.043,-0.009,-50.848,-55.685,38.278
1,1116067,0.444,2.361,5.549,-0.336,-0.043,-0.009,-51.008,-55.013,37.884
1,1116090,0.377,2.425,5.843,-0.457,-0.039,-0.013,-51.330,-54.999,37.650
1,1116094,0.325,2.392,5.955,-0.555,-0.038,-0.023,-51.330,-54.999,37.650
1,1116097,0.325,2.392,5.955,-0.555,-0.038,-0.023,-51.330,-54.999,37.650
1,1116180,0.240,3.433,7.218,-0.071,-0.072,0.000,-51.491,-54.516,37.372
1,1116416,0.011,2.595,8.571,0.040,-0.066,-0.007,-50.994,-53.815,35.238
1,1116510,0.291,2.371,9.575,0.066,-0.072,-0.021,-51.388,-52.865,34.376
1,1116571,0.270,2.517,10.957,0.125,-0.086,-0.024,-51.330,-53.303,34.697
1,1116600,0.260,2.577,10.628,0.159,-0.092,-0.026,-51.359,-53.069,34.507
1,1116604,0.260,2.577,10.628,0.159,-0.092,-0.026,-51.432,-53.347,34.303
1,1116661,0.260,2.931,11.070,-0.077,-0.088,-0.044,-51.462,-53.259,34.361
1,1116664,0.260,2.931,11.070,-0.077,-0.088,-0.044,-51.462,-53.259,34.361
1,1116667,0.260,2.625,10.850,-0.077,-0.088,-0.044,-51.330,-53.055,34.931
1,1116690,0.189,2.437,10.323,-0.090,-0.097,-0.046,-51.418,-53.902,34.917
1,1116694,0.189,2.437,10.323,-0.090,-0.097,-0.046,-51.418,-53.902,34.917
1,1116697,0.189,2.408,10.272,-0.090,-0.097,-0.046,-51.418,-53.902,34.917
1,1116719,-0.043,2.600,10.487,0.183,-0.087,-0.046,-51.067,-53.274,34.405
1,1116810,0.281,3.117,11.760,0.018,-0.072,-0.076,-51.082,-53.771,33.835
1,1116840,0.569,3.636,12.824,0.049,-0.081,-0.082,-50.862,-53.201,33.411
1,1116844,0.671,3.837,13.210,0.049,-0.081,-0.082,-50.862,-53.201,33.411
1,1116973,0.821,7.177,17.420,0.572,-0.192,-0.044,-51.023,-54.049,34.537
1,1117020,0.642,5.921,14.886,-0.411,-0.150,-0.083,-51.476,-53.493,34.288
1,1117049,0.317,4.542,13.667,-0.567,-0.151,-0.087,-51.315,-53.566,34.069
1,1117053,0.317,4.542,13.667,-0.567,-0.151,-0.087,-51.315,-53.566,34.069
1,1117140,0.321,2.285,11.147,0.145,-0.128,-0.089,-51.257,-53.040,33.543
1,1117144,0.321,2.285,11.147,0.145,-0.128,-0.089,-51.315,-52.441,33.484
1,1117170,0.695,2.413,10.540,0.541,-0.161,-0.064,-51.418,-52.645,33.791
1,1117174,0.695,2.413,10.540,0.541,-0.161,-0.064,-51.418,-52.645,33.791
1,1117177,0.791,2.431,10.201,0.591,-0.164,-0.059,-51.418,-52.645,33.791
1,1117200,0.967,2.772,9.803,0.550,-0.160,-0.061,-51.666,-53.391,35.034
1,1117204,0.967,2.772,9.803,0.550,-0.160,-0.061,-51.666,-53.391,35.121
1,1117207,1.034,2.974,9.599,0.453,-0.151,-0.065,-51.608,-52.835,35.121
1,1117260,1.046,2.253,8.979,-0.049,-0.140,-0.055,-51.330,-53.289,35.428
1,1117264,1.046,2.253,9.001,-0.049,-0.140,-0.055,-51.330,-53.289,35.428
1,1117267,1.024,2.185,9.001,-0.053,-0.140,-0.059,-51.257,-53.537,35.867
1,1117320,0.687,2.685,9.564,0.094,-0.154,-0.033,-51.578,-53.902,35.428
1,1117324,0.621,2.565,9.674,0.028,-0.149,-0.037,-51.578,-53.902,35.428
1,1117328,0.621,2.565,9.674,0.028,-0.149,-0.037,-51.462,-53.318,35.472
1,1117349,0.446,2.594,10.061,-0.155,-0.139,-0.053,-51.681,-53.522,35.194
1,1117411,0.370,1.807,10.129,-0.021,-0.150,-0.032,-51.593,-53.230,35.852
1,1117414,0.345,1.713,10.211,0.056,-0.148,-0.034,-51.330,-52.645,35.165
1,1117417,0.345,1.713,10.211,0.056,-0.148,-0.034,-51.330,-52.645,35.165
1,1117542,0.424,1.986,11.078,0.277,-0.136,-0.059,-51.915,-53.639,36.115
1,1117620,0.443,2.565,9.870,0.302,-0.101,-0.076,-52.251,-53.347,36.320
1,1117624,0.443,2.565,9.870,0.302,-0.101,-0.076,-51.432,-53.742,37.387
1,1117710,0.414,2.789,7.305,0.046,-0.057,-0.079,-52.017,-53.742,36.261
1,1117714,0.420,2.850,7.147,0.046,-0.057,-0.079,-52.017,-53.742,36.261
1,1117717,0.420,2.850,7.147,0.035,-0.057,-0.073,-52.017,-53.742,36.261
1,1117740,0.388,2.666,6.731,-0.053,-0.057,-0.060,-51.915,-53.566,36.597
1,1117744,0.384,2.516,6.420,-0.053,-0.057,-0.060,-51.739,-52.572,36.714
1,1117747,0.384,2.516,6.420,-0.132,-0.062,-0.060,-51.739,-52.572,36.714
1,1117799,0.477,1.548,5.483,-0.579,-0.033,-0.061,-51.739,-53.230,36.583
1,1117803,0.457,1.229,5.553,-0.563,-0.034,-0.055,-51.739,-53.230,36.583
1,1117807,0.457,1.229,5.553,-0.563,-0.034,-0.055,-51.593,-52.455,36.174
1,1117831,0.438,0.809,5.697,-0.382,-0.049,-0.048,-51.710,-52.485,35.779
1,1117834,0.462,0.776,5.667,-0.246,-0.064,-0.044,-51.710,-52.485,35.779
1,1117837,0.462,0.776,5.667,-0.246,-0.064,-0.044,-51.710,-52.485,35.779
1,1117860,0.506,0.855,5.021,0.038,-0.090,-0.031,-51.637,-52.733,35.311
1,1117864,0.508,0.829,5.149,0.165,-0.100,-0.022,-51.637,-52.733,35.311
1,1117889,0.473,0.900,5.498,0.379,-0.105,-0.010,-52.061,-52.938,35.984
1,1117893,0.428,1.037,5.490,0.456,-0.105,-0.009,-51.856,-52.938,35.984
1,1117897,0.428,1.037,5.490,0.456,-0.105,-0.009,-51.856,-52.938,35.984
1,1117951,0.294,1.970,7.664,0.689,-0.128,-0.001,-51.827,-53.186,35.808
1,1117954,0.294,1.970,7.664,0.689,-0.128,-0.001,-51.593,-53.595,36.700
1,1118041,0.579,5.324,10.244,1.256,-0.199,0.053,-51.929,-55.115,38.936
1,1118070,0.766,5.271,8.991,0.794,-0.182,0.057,-52.017,-55.262,39.024
1,1118074,0.766,5.271,8.991,0.794,-0.182,0.057,-51.666,-54.750,38.951
